      7.69913864    -27.92678388 1000     -1.48989455      1.00000000
    -27.927  0.0000E+00  0.0000E+00  0.0000E+00  0.0000E+00  0.0000E+00  0.0000E+00  0.0000E+00  0.0000E+00  0.0000E+00
    -27.891  0.0000E+00  0.0000E+00  0.0000E+00  0.0000E+00  0.0000E+00  0.0000E+00  0.0000E+00  0.0000E+00  0.0000E+00
    -27.855  0.0000E+00  0.0000E+00  0.0000E+00  0.0000E+00  0.0000E+00  0.0000E+00  0.0000E+00  0.0000E+00  0.0000E+00
    -27.820  0.0000E+00  0.0000E+00  0.0000E+00  0.0000E+00  0.0000E+00  0.0000E+00  0.0000E+00  0.0000E+00  0.0000E+00
    -27.784  0.0000E+00  0.0000E+00  0.0000E+00  0.0000E+00  0.0000E+00  0.0000E+00  0.0000E+00  0.0000E+00  0.0000E+00
    -27.748  0.0000E+00  0.0000E+00  0.0000E+00  0.0000E+00  0.0000E+00  0.0000E+00  0.0000E+00  0.0000E+00  0.0000E+00
    -27.713  0.0000E+00  0.0000E+00  0.0000E+00  0.0000E+00  0.0000E+00  0.0000E+00  0.0000E+00  0.0000E+00  0.0000E+00
    -27.677  0.0000E+00  0.0000E+00  0.0000E+00  0.0000E+00  0.0000E+00  0.0000E+00  0.0000E+00  0.0000E+00  0.0000E+00
    -27.641  0.0000E+00  0.0000E+00  0.0000E+00  0.0000E+00  0.0000E+00  0.0000E+00  0.0000E+00  0.0000E+00  0.0000E+00
    -27.606  0.0000E+00  0.0000E+00  0.0000E+00  0.0000E+00  0.0000E+00  0.0000E+00  0.0000E+00  0.0000E+00  0.0000E+00
    -27.570  0.0000E+00  0.0000E+00  0.0000E+00  0.0000E+00  0.0000E+00  0.0000E+00  0.0000E+00  0.0000E+00  0.0000E+00
    -27.535  0.0000E+00  0.0000E+00  0.0000E+00  0.0000E+00  0.0000E+00  0.0000E+00  0.0000E+00  0.0000E+00  0.0000E+00
    -27.499  0.0000E+00  0.0000E+00  0.0000E+00  0.0000E+00  0.0000E+00  0.0000E+00  0.0000E+00  0.0000E+00  0.0000E+00
    -27.463  0.0000E+00  0.0000E+00  0.0000E+00  0.0000E+00  0.0000E+00  0.0000E+00  0.0000E+00  0.0000E+00  0.0000E+00
    -27.428  0.0000E+00  0.0000E+00  0.0000E+00  0.0000E+00  0.0000E+00  0.0000E+00  0.0000E+00  0.0000E+00  0.0000E+00
    -27.392  0.0000E+00  0.0000E+00  0.0000E+00  0.0000E+00  0.0000E+00  0.0000E+00  0.0000E+00  0.0000E+00  0.0000E+00
    -27.356  0.0000E+00  0.0000E+00  0.0000E+00  0.0000E+00  0.0000E+00  0.0000E+00  0.0000E+00  0.0000E+00  0.0000E+00
    -27.321  0.0000E+00  0.0000E+00  0.0000E+00  0.0000E+00  0.0000E+00  0.0000E+00  0.0000E+00  0.0000E+00  0.0000E+00
    -27.285  0.0000E+00  0.0000E+00  0.0000E+00  0.0000E+00  0.0000E+00  0.0000E+00  0.0000E+00  0.0000E+00  0.0000E+00
    -27.249  0.0000E+00  0.0000E+00  0.0000E+00  0.0000E+00  0.0000E+00  0.0000E+00  0.0000E+00  0.0000E+00  0.0000E+00
    -27.214  0.0000E+00  0.0000E+00  0.0000E+00  0.0000E+00  0.0000E+00  0.0000E+00  0.0000E+00  0.0000E+00  0.0000E+00
    -27.178  0.0000E+00  0.0000E+00  0.0000E+00  0.0000E+00  0.0000E+00  0.0000E+00  0.0000E+00  0.0000E+00  0.0000E+00
    -27.142  0.0000E+00  0.0000E+00  0.0000E+00  0.0000E+00  0.0000E+00  0.0000E+00  0.0000E+00  0.0000E+00  0.0000E+00
    -27.107  0.1212E-27  0.1882E-28  0.5864E-29  0.2173E-28  0.5860E-27  0.5090E-28  0.3409E-29  0.1181E-26  0.1147E-27
    -27.071  0.4847E-27  0.7529E-28  0.2346E-28  0.8692E-28  0.2344E-26  0.2036E-27  0.1364E-28  0.4724E-26  0.4586E-27
    -27.035  0.4363E-26  0.6777E-27  0.2111E-27  0.7823E-27  0.2110E-25  0.1832E-26  0.1227E-27  0.4251E-25  0.4128E-26
    -27.000  0.3114E-25  0.4838E-26  0.1507E-26  0.5585E-26  0.1506E-24  0.1308E-25  0.8762E-27  0.3035E-24  0.2947E-25
    -26.964  0.2083E-24  0.3236E-25  0.1008E-25  0.3735E-25  0.1007E-23  0.8750E-25  0.5861E-26  0.2030E-23  0.1971E-24
    -26.928  0.1312E-23  0.2038E-24  0.6349E-25  0.2353E-24  0.6345E-23  0.5511E-24  0.3691E-25  0.1279E-22  0.1241E-23
    -26.893  0.7755E-23  0.1205E-23  0.3753E-24  0.1391E-23  0.3750E-22  0.3257E-23  0.2182E-24  0.7557E-22  0.7338E-23
    -26.857  0.4303E-22  0.6683E-23  0.2082E-23  0.7715E-23  0.2081E-21  0.1807E-22  0.1211E-23  0.4193E-21  0.4071E-22
    -26.821  0.2241E-21  0.3480E-22  0.1084E-22  0.4018E-22  0.1084E-20  0.9411E-22  0.6304E-23  0.2184E-20  0.2120E-21
    -26.786  0.1095E-20  0.1701E-21  0.5300E-22  0.1964E-21  0.5297E-20  0.4601E-21  0.3082E-22  0.1067E-19  0.1036E-20
    -26.750  0.5026E-20  0.7807E-21  0.2432E-21  0.9012E-21  0.2430E-19  0.2111E-20  0.1414E-21  0.4898E-19  0.4755E-20
    -26.714  0.2165E-19  0.3362E-20  0.1047E-20  0.3882E-20  0.1047E-18  0.9092E-20  0.6090E-21  0.2110E-18  0.2048E-19
    -26.679  0.8752E-19  0.1359E-19  0.4235E-20  0.1569E-19  0.4232E-18  0.3676E-19  0.2462E-20  0.8529E-18  0.8281E-19
    -26.643  0.3321E-18  0.5159E-19  0.1607E-19  0.5956E-19  0.1606E-17  0.1395E-18  0.9345E-20  0.3237E-17  0.3143E-18
    -26.607  0.1183E-17  0.1838E-18  0.5726E-19  0.2122E-18  0.5722E-17  0.4970E-18  0.3329E-19  0.1153E-16  0.1120E-17
    -26.572  0.3957E-17  0.6146E-18  0.1915E-18  0.7095E-18  0.1913E-16  0.1662E-17  0.1113E-18  0.3856E-16  0.3744E-17
    -26.536  0.1242E-16  0.1929E-17  0.6010E-18  0.2227E-17  0.6006E-16  0.5217E-17  0.3494E-18  0.1210E-15  0.1175E-16
    -26.500  0.3660E-16  0.5684E-17  0.1771E-17  0.6562E-17  0.1770E-15  0.1537E-16  0.1030E-17  0.3566E-15  0.3462E-16
    -26.465  0.1012E-15  0.1572E-16  0.4898E-17  0.1815E-16  0.4895E-15  0.4251E-16  0.2848E-17  0.9864E-15  0.9576E-16
    -26.429  0.2628E-15  0.4082E-16  0.1272E-16  0.4712E-16  0.1271E-14  0.1104E-15  0.7393E-17  0.2561E-14  0.2486E-15
    -26.393  0.6404E-15  0.9948E-16  0.3099E-16  0.1148E-15  0.3097E-14  0.2690E-15  0.1802E-16  0.6241E-14  0.6059E-15
    -26.358  0.1465E-14  0.2276E-15  0.7090E-16  0.2627E-15  0.7085E-14  0.6154E-15  0.4122E-16  0.1428E-13  0.1386E-14
    -26.322  0.3146E-14  0.4887E-15  0.1522E-15  0.5642E-15  0.1521E-13  0.1322E-14  0.8852E-16  0.3066E-13  0.2977E-14
    -26.286  0.6342E-14  0.9852E-15  0.3069E-15  0.1137E-14  0.3067E-13  0.2664E-14  0.1785E-15  0.6181E-13  0.6001E-14
    -26.251  0.1200E-13  0.1864E-14  0.5807E-15  0.2152E-14  0.5804E-13  0.5041E-14  0.3377E-15  0.1170E-12  0.1136E-13
    -26.215  0.2132E-13  0.3311E-14  0.1032E-14  0.3823E-14  0.1031E-12  0.8954E-14  0.6001E-15  0.2077E-12  0.2017E-13
    -26.179  0.3555E-13  0.5521E-14  0.1720E-14  0.6374E-14  0.1719E-12  0.1493E-13  0.1001E-14  0.3464E-12  0.3363E-13
    -26.144  0.5563E-13  0.8642E-14  0.2692E-14  0.9976E-14  0.2690E-12  0.2337E-13  0.1569E-14  0.5422E-12  0.5264E-13
    -26.108  0.8174E-13  0.1270E-13  0.3956E-14  0.1466E-13  0.3953E-12  0.3434E-13  0.2312E-14  0.7966E-12  0.7734E-13
    -26.072  0.1127E-12  0.1751E-13  0.5456E-14  0.2022E-13  0.5452E-12  0.4738E-13  0.3210E-14  0.1099E-11  0.1067E-12
    -26.037  0.1460E-12  0.2268E-13  0.7065E-14  0.2617E-13  0.7059E-12  0.6140E-13  0.4214E-14  0.1422E-11  0.1381E-12
    -26.001  0.1774E-12  0.2757E-13  0.8590E-14  0.3181E-13  0.8579E-12  0.7476E-13  0.5279E-14  0.1729E-11  0.1678E-12
    -25.965  0.2024E-12  0.3147E-13  0.9808E-14  0.3630E-13  0.9790E-12  0.8564E-13  0.6418E-14  0.1972E-11  0.1915E-12
    -25.930  0.2168E-12  0.3374E-13  0.1053E-13  0.3888E-13  0.1049E-11  0.9254E-13  0.7805E-14  0.2112E-11  0.2051E-12
    -25.894  0.2180E-12  0.3401E-13  0.1063E-13  0.3912E-13  0.1056E-11  0.9487E-13  0.9909E-14  0.2124E-11  0.2064E-12
    -25.858  0.2058E-12  0.3229E-13  0.1013E-13  0.3699E-13  0.9993E-12  0.9335E-13  0.1363E-13  0.2006E-11  0.1950E-12
    -25.823  0.1826E-12  0.2900E-13  0.9165E-14  0.3290E-13  0.8908E-12  0.9015E-13  0.2043E-13  0.1779E-11  0.1733E-12
    -25.787  0.1524E-12  0.2482E-13  0.7975E-14  0.2761E-13  0.7509E-12  0.8861E-13  0.3227E-13  0.1484E-11  0.1451E-12
    -25.751  0.1199E-12  0.2060E-13  0.6834E-14  0.2197E-13  0.6037E-12  0.9262E-13  0.5145E-13  0.1167E-11  0.1150E-12
    -25.716  0.8939E-13  0.1707E-13  0.5988E-14  0.1679E-13  0.4708E-12  0.1057E-12  0.8004E-13  0.8684E-12  0.8711E-13
    -25.680  0.6380E-13  0.1473E-13  0.5604E-14  0.1259E-13  0.3668E-12  0.1299E-12  0.1191E-12  0.6176E-12  0.6420E-13
    -25.644  0.4448E-13  0.1375E-13  0.5729E-14  0.9617E-14  0.2979E-12  0.1652E-12  0.1680E-12  0.4276E-12  0.4753E-13
    -25.609  0.3134E-13  0.1400E-13  0.6288E-14  0.7809E-14  0.2621E-12  0.2086E-12  0.2233E-12  0.2977E-12  0.3693E-13
    -25.573  0.2333E-13  0.1506E-13  0.7103E-14  0.6924E-14  0.2511E-12  0.2545E-12  0.2791E-12  0.2176E-12  0.3117E-13
    -25.537  0.1891E-13  0.1638E-13  0.7937E-14  0.6613E-14  0.2541E-12  0.2956E-12  0.3278E-12  0.1729E-12  0.2860E-13
    -25.502  0.1661E-13  0.1741E-13  0.8551E-14  0.6532E-14  0.2597E-12  0.3244E-12  0.3616E-12  0.1492E-12  0.2752E-13
    -25.466  0.1519E-13  0.1772E-13  0.8759E-14  0.6406E-14  0.2593E-12  0.3351E-12  0.3744E-12  0.1350E-12  0.2660E-13
    -25.430  0.1389E-13  0.1709E-13  0.8472E-14  0.6069E-14  0.2478E-12  0.3254E-12  0.3640E-12  0.1226E-12  0.2503E-13
    -25.395  0.1230E-13  0.1554E-13  0.7714E-14  0.5472E-14  0.2244E-12  0.2968E-12  0.3322E-12  0.1083E-12  0.2249E-13
    -25.359  0.1040E-13  0.1329E-13  0.6602E-14  0.4663E-14  0.1915E-12  0.2542E-12  0.2846E-12  0.9139E-13  0.1913E-13
    -25.323  0.8309E-14  0.1068E-13  0.5306E-14  0.3740E-14  0.1538E-12  0.2044E-12  0.2288E-12  0.7298E-13  0.1534E-13
    -25.288  0.6255E-14  0.8057E-14  0.4005E-14  0.2820E-14  0.1160E-12  0.1543E-12  0.1727E-12  0.5492E-13  0.1156E-13
    -25.252  0.4426E-14  0.5708E-14  0.2838E-14  0.1997E-14  0.8216E-13  0.1093E-12  0.1224E-12  0.3886E-13  0.8186E-14
    -25.217  0.2943E-14  0.3797E-14  0.1887E-14  0.1328E-14  0.5464E-13  0.7273E-13  0.8143E-13  0.2583E-13  0.5444E-14
    -25.181  0.1837E-14  0.2371E-14  0.1178E-14  0.8293E-15  0.3412E-13  0.4541E-13  0.5084E-13  0.1612E-13  0.3399E-14
    -25.145  0.1077E-14  0.1389E-14  0.6907E-15  0.4860E-15  0.2000E-13  0.2662E-13  0.2980E-13  0.9450E-14  0.1992E-14
    -25.110  0.5923E-15  0.7645E-15  0.3801E-15  0.2674E-15  0.1100E-13  0.1464E-13  0.1640E-13  0.5199E-14  0.1096E-14
    -25.074  0.3059E-15  0.3948E-15  0.1963E-15  0.1381E-15  0.5682E-14  0.7564E-14  0.8468E-14  0.2685E-14  0.5660E-15
    -25.038  0.1483E-15  0.1914E-15  0.9516E-16  0.6696E-16  0.2755E-14  0.3667E-14  0.4106E-14  0.1302E-14  0.2744E-15
    -25.003  0.6749E-16  0.8712E-16  0.4331E-16  0.3047E-16  0.1254E-14  0.1669E-14  0.1868E-14  0.5924E-15  0.1249E-15
    -24.967  0.2883E-16  0.3722E-16  0.1850E-16  0.1302E-16  0.5356E-15  0.7129E-15  0.7982E-15  0.2531E-15  0.5335E-16
    -24.931  0.1156E-16  0.1492E-16  0.7419E-17  0.5220E-17  0.2148E-15  0.2859E-15  0.3201E-15  0.1015E-15  0.2139E-16
    -24.896  0.4352E-17  0.5618E-17  0.2793E-17  0.1965E-17  0.8084E-16  0.1076E-15  0.1205E-15  0.3820E-16  0.8053E-17
    -24.860  0.1538E-17  0.1985E-17  0.9868E-18  0.6943E-18  0.2857E-16  0.3803E-16  0.4257E-16  0.1350E-16  0.2846E-17
    -24.824  0.5101E-18  0.6584E-18  0.3273E-18  0.2303E-18  0.9475E-17  0.1261E-16  0.1412E-16  0.4477E-17  0.9438E-18
    -24.789  0.1588E-18  0.2050E-18  0.1019E-18  0.7170E-19  0.2950E-17  0.3927E-17  0.4396E-17  0.1394E-17  0.2939E-18
    -24.753  0.4641E-19  0.5991E-19  0.2978E-19  0.2096E-19  0.8621E-18  0.1148E-17  0.1285E-17  0.4074E-18  0.8588E-19
    -24.717  0.1273E-19  0.1644E-19  0.8171E-20  0.5749E-20  0.2365E-18  0.3148E-18  0.3525E-18  0.1118E-18  0.2356E-19
    -24.682  0.3279E-20  0.4232E-20  0.2104E-20  0.1480E-20  0.6091E-19  0.8108E-19  0.9077E-19  0.2878E-19  0.6067E-20
    -24.646  0.7926E-21  0.1023E-20  0.5086E-21  0.3579E-21  0.1472E-19  0.1960E-19  0.2194E-19  0.6957E-20  0.1467E-20
    -24.610  0.1798E-21  0.2321E-21  0.1154E-21  0.8120E-22  0.3341E-20  0.4447E-20  0.4979E-20  0.1579E-20  0.3328E-21
    -24.575  0.3830E-22  0.4944E-22  0.2458E-22  0.1729E-22  0.7115E-21  0.9471E-21  0.1060E-20  0.3362E-21  0.7088E-22
    -24.539  0.7658E-23  0.9885E-23  0.4914E-23  0.3458E-23  0.1422E-21  0.1893E-21  0.2120E-21  0.6722E-22  0.1417E-22
    -24.503  0.1437E-23  0.1855E-23  0.9222E-24  0.6489E-24  0.2669E-22  0.3553E-22  0.3978E-22  0.1261E-22  0.2659E-23
    -24.468  0.2531E-24  0.3268E-24  0.1624E-24  0.1143E-24  0.4702E-23  0.6259E-23  0.7008E-23  0.2222E-23  0.4684E-24
    -24.432  0.4186E-25  0.5403E-25  0.2686E-25  0.1890E-25  0.7775E-24  0.1035E-23  0.1159E-23  0.3674E-24  0.7745E-25
    -24.396  0.6495E-26  0.8384E-26  0.4168E-26  0.2933E-26  0.1206E-24  0.1606E-24  0.1798E-24  0.5701E-25  0.1202E-25
    -24.361  0.9428E-27  0.1217E-26  0.6050E-27  0.4257E-27  0.1751E-25  0.2331E-25  0.2610E-25  0.8276E-26  0.1745E-26
    -24.325  0.1197E-27  0.1545E-27  0.7683E-28  0.5406E-28  0.2224E-26  0.2960E-26  0.3314E-26  0.1051E-26  0.2215E-27
    -24.289  0.2993E-28  0.3864E-28  0.1921E-28  0.1351E-28  0.5560E-27  0.7401E-27  0.8286E-27  0.2627E-27  0.5538E-28
    -24.254  0.0000E+00  0.0000E+00  0.0000E+00  0.0000E+00  0.0000E+00  0.0000E+00  0.0000E+00  0.0000E+00  0.0000E+00
    -24.218  0.0000E+00  0.0000E+00  0.0000E+00  0.0000E+00  0.0000E+00  0.0000E+00  0.0000E+00  0.0000E+00  0.0000E+00
    -24.182  0.0000E+00  0.0000E+00  0.0000E+00  0.0000E+00  0.0000E+00  0.0000E+00  0.0000E+00  0.0000E+00  0.0000E+00
    -24.147  0.0000E+00  0.0000E+00  0.0000E+00  0.0000E+00  0.0000E+00  0.0000E+00  0.0000E+00  0.0000E+00  0.0000E+00
    -24.111  0.0000E+00  0.0000E+00  0.0000E+00  0.0000E+00  0.0000E+00  0.0000E+00  0.0000E+00  0.0000E+00  0.0000E+00
    -24.075  0.0000E+00  0.0000E+00  0.0000E+00  0.0000E+00  0.0000E+00  0.0000E+00  0.0000E+00  0.0000E+00  0.0000E+00
    -24.040  0.0000E+00  0.0000E+00  0.0000E+00  0.0000E+00  0.0000E+00  0.0000E+00  0.0000E+00  0.0000E+00  0.0000E+00
    -24.004  0.0000E+00  0.0000E+00  0.0000E+00  0.0000E+00  0.0000E+00  0.0000E+00  0.0000E+00  0.0000E+00  0.0000E+00
    -23.968  0.0000E+00  0.0000E+00  0.0000E+00  0.0000E+00  0.0000E+00  0.0000E+00  0.0000E+00  0.0000E+00  0.0000E+00
    -23.933  0.0000E+00  0.0000E+00  0.0000E+00  0.0000E+00  0.0000E+00  0.0000E+00  0.0000E+00  0.0000E+00  0.0000E+00
    -23.897  0.0000E+00  0.0000E+00  0.0000E+00  0.0000E+00  0.0000E+00  0.0000E+00  0.0000E+00  0.0000E+00  0.0000E+00
    -23.861  0.0000E+00  0.0000E+00  0.0000E+00  0.0000E+00  0.0000E+00  0.0000E+00  0.0000E+00  0.0000E+00  0.0000E+00
    -23.826  0.0000E+00  0.0000E+00  0.0000E+00  0.0000E+00  0.0000E+00  0.0000E+00  0.0000E+00  0.0000E+00  0.0000E+00
    -23.790  0.0000E+00  0.0000E+00  0.0000E+00  0.0000E+00  0.0000E+00  0.0000E+00  0.0000E+00  0.0000E+00  0.0000E+00
    -23.754  0.0000E+00  0.0000E+00  0.0000E+00  0.0000E+00  0.0000E+00  0.0000E+00  0.0000E+00  0.0000E+00  0.0000E+00
    -23.719  0.0000E+00  0.0000E+00  0.0000E+00  0.0000E+00  0.0000E+00  0.0000E+00  0.0000E+00  0.0000E+00  0.0000E+00
    -23.683  0.0000E+00  0.0000E+00  0.0000E+00  0.0000E+00  0.0000E+00  0.0000E+00  0.0000E+00  0.0000E+00  0.0000E+00
    -23.647  0.0000E+00  0.0000E+00  0.0000E+00  0.0000E+00  0.0000E+00  0.0000E+00  0.0000E+00  0.0000E+00  0.0000E+00
    -23.612  0.0000E+00  0.0000E+00  0.0000E+00  0.0000E+00  0.0000E+00  0.0000E+00  0.0000E+00  0.0000E+00  0.0000E+00
    -23.576  0.0000E+00  0.0000E+00  0.0000E+00  0.0000E+00  0.0000E+00  0.0000E+00  0.0000E+00  0.0000E+00  0.0000E+00
    -23.540  0.0000E+00  0.0000E+00  0.0000E+00  0.0000E+00  0.0000E+00  0.0000E+00  0.0000E+00  0.0000E+00  0.0000E+00
    -23.505  0.0000E+00  0.0000E+00  0.0000E+00  0.0000E+00  0.0000E+00  0.0000E+00  0.0000E+00  0.0000E+00  0.0000E+00
    -23.469  0.0000E+00  0.0000E+00  0.0000E+00  0.0000E+00  0.0000E+00  0.0000E+00  0.0000E+00  0.0000E+00  0.0000E+00
    -23.433  0.0000E+00  0.0000E+00  0.0000E+00  0.0000E+00  0.0000E+00  0.0000E+00  0.0000E+00  0.0000E+00  0.0000E+00
    -23.398  0.0000E+00  0.0000E+00  0.0000E+00  0.0000E+00  0.0000E+00  0.0000E+00  0.0000E+00  0.0000E+00  0.0000E+00
    -23.362  0.0000E+00  0.0000E+00  0.0000E+00  0.0000E+00  0.0000E+00  0.0000E+00  0.0000E+00  0.0000E+00  0.0000E+00
    -23.326  0.0000E+00  0.0000E+00  0.0000E+00  0.0000E+00  0.0000E+00  0.0000E+00  0.0000E+00  0.0000E+00  0.0000E+00
    -23.291  0.0000E+00  0.0000E+00  0.0000E+00  0.0000E+00  0.0000E+00  0.0000E+00  0.0000E+00  0.0000E+00  0.0000E+00
    -23.255  0.0000E+00  0.0000E+00  0.0000E+00  0.0000E+00  0.0000E+00  0.0000E+00  0.0000E+00  0.0000E+00  0.0000E+00
    -23.219  0.0000E+00  0.0000E+00  0.0000E+00  0.0000E+00  0.0000E+00  0.0000E+00  0.0000E+00  0.0000E+00  0.0000E+00
    -23.184  0.0000E+00  0.0000E+00  0.0000E+00  0.0000E+00  0.0000E+00  0.0000E+00  0.0000E+00  0.0000E+00  0.0000E+00
    -23.148  0.0000E+00  0.0000E+00  0.0000E+00  0.0000E+00  0.0000E+00  0.0000E+00  0.0000E+00  0.0000E+00  0.0000E+00
    -23.112  0.0000E+00  0.0000E+00  0.0000E+00  0.0000E+00  0.0000E+00  0.0000E+00  0.0000E+00  0.0000E+00  0.0000E+00
    -23.077  0.0000E+00  0.0000E+00  0.0000E+00  0.0000E+00  0.0000E+00  0.0000E+00  0.0000E+00  0.0000E+00  0.0000E+00
    -23.041  0.0000E+00  0.0000E+00  0.0000E+00  0.0000E+00  0.0000E+00  0.0000E+00  0.0000E+00  0.0000E+00  0.0000E+00
    -23.005  0.0000E+00  0.0000E+00  0.0000E+00  0.0000E+00  0.0000E+00  0.0000E+00  0.0000E+00  0.0000E+00  0.0000E+00
    -22.970  0.0000E+00  0.0000E+00  0.0000E+00  0.0000E+00  0.0000E+00  0.0000E+00  0.0000E+00  0.0000E+00  0.0000E+00
    -22.934  0.0000E+00  0.0000E+00  0.0000E+00  0.0000E+00  0.0000E+00  0.0000E+00  0.0000E+00  0.0000E+00  0.0000E+00
    -22.899  0.0000E+00  0.0000E+00  0.0000E+00  0.0000E+00  0.0000E+00  0.0000E+00  0.0000E+00  0.0000E+00  0.0000E+00
    -22.863  0.0000E+00  0.0000E+00  0.0000E+00  0.0000E+00  0.0000E+00  0.0000E+00  0.0000E+00  0.0000E+00  0.0000E+00
    -22.827  0.0000E+00  0.0000E+00  0.0000E+00  0.0000E+00  0.0000E+00  0.0000E+00  0.0000E+00  0.0000E+00  0.0000E+00
    -22.792  0.0000E+00  0.0000E+00  0.0000E+00  0.0000E+00  0.0000E+00  0.0000E+00  0.0000E+00  0.0000E+00  0.0000E+00
    -22.756  0.0000E+00  0.0000E+00  0.0000E+00  0.0000E+00  0.0000E+00  0.0000E+00  0.0000E+00  0.0000E+00  0.0000E+00
    -22.720  0.0000E+00  0.0000E+00  0.0000E+00  0.0000E+00  0.0000E+00  0.0000E+00  0.0000E+00  0.0000E+00  0.0000E+00
    -22.685  0.0000E+00  0.0000E+00  0.0000E+00  0.0000E+00  0.0000E+00  0.0000E+00  0.0000E+00  0.0000E+00  0.0000E+00
    -22.649  0.0000E+00  0.0000E+00  0.0000E+00  0.0000E+00  0.0000E+00  0.0000E+00  0.0000E+00  0.0000E+00  0.0000E+00
    -22.613  0.0000E+00  0.0000E+00  0.0000E+00  0.0000E+00  0.0000E+00  0.0000E+00  0.0000E+00  0.0000E+00  0.0000E+00
    -22.578  0.0000E+00  0.0000E+00  0.0000E+00  0.0000E+00  0.0000E+00  0.0000E+00  0.0000E+00  0.0000E+00  0.0000E+00
    -22.542  0.0000E+00  0.0000E+00  0.0000E+00  0.0000E+00  0.0000E+00  0.0000E+00  0.0000E+00  0.0000E+00  0.0000E+00
    -22.506  0.0000E+00  0.0000E+00  0.0000E+00  0.0000E+00  0.0000E+00  0.0000E+00  0.0000E+00  0.0000E+00  0.0000E+00
    -22.471  0.0000E+00  0.0000E+00  0.0000E+00  0.0000E+00  0.0000E+00  0.0000E+00  0.0000E+00  0.0000E+00  0.0000E+00
    -22.435  0.0000E+00  0.0000E+00  0.0000E+00  0.0000E+00  0.0000E+00  0.0000E+00  0.0000E+00  0.0000E+00  0.0000E+00
    -22.399  0.0000E+00  0.0000E+00  0.0000E+00  0.0000E+00  0.0000E+00  0.0000E+00  0.0000E+00  0.0000E+00  0.0000E+00
    -22.364  0.0000E+00  0.0000E+00  0.0000E+00  0.0000E+00  0.0000E+00  0.0000E+00  0.0000E+00  0.0000E+00  0.0000E+00
    -22.328  0.0000E+00  0.0000E+00  0.0000E+00  0.0000E+00  0.0000E+00  0.0000E+00  0.0000E+00  0.0000E+00  0.0000E+00
    -22.292  0.0000E+00  0.0000E+00  0.0000E+00  0.0000E+00  0.0000E+00  0.0000E+00  0.0000E+00  0.0000E+00  0.0000E+00
    -22.257  0.0000E+00  0.0000E+00  0.0000E+00  0.0000E+00  0.0000E+00  0.0000E+00  0.0000E+00  0.0000E+00  0.0000E+00
    -22.221  0.0000E+00  0.0000E+00  0.0000E+00  0.0000E+00  0.0000E+00  0.0000E+00  0.0000E+00  0.0000E+00  0.0000E+00
    -22.185  0.0000E+00  0.0000E+00  0.0000E+00  0.0000E+00  0.0000E+00  0.0000E+00  0.0000E+00  0.0000E+00  0.0000E+00
    -22.150  0.0000E+00  0.0000E+00  0.0000E+00  0.0000E+00  0.0000E+00  0.0000E+00  0.0000E+00  0.0000E+00  0.0000E+00
    -22.114  0.0000E+00  0.0000E+00  0.0000E+00  0.0000E+00  0.0000E+00  0.0000E+00  0.0000E+00  0.0000E+00  0.0000E+00
    -22.078  0.0000E+00  0.0000E+00  0.0000E+00  0.0000E+00  0.0000E+00  0.0000E+00  0.0000E+00  0.0000E+00  0.0000E+00
    -22.043  0.0000E+00  0.0000E+00  0.0000E+00  0.0000E+00  0.0000E+00  0.0000E+00  0.0000E+00  0.0000E+00  0.0000E+00
    -22.007  0.0000E+00  0.0000E+00  0.0000E+00  0.0000E+00  0.0000E+00  0.0000E+00  0.0000E+00  0.0000E+00  0.0000E+00
    -21.971  0.0000E+00  0.0000E+00  0.0000E+00  0.0000E+00  0.0000E+00  0.0000E+00  0.0000E+00  0.0000E+00  0.0000E+00
    -21.936  0.0000E+00  0.0000E+00  0.0000E+00  0.0000E+00  0.0000E+00  0.0000E+00  0.0000E+00  0.0000E+00  0.0000E+00
    -21.900  0.0000E+00  0.0000E+00  0.0000E+00  0.0000E+00  0.0000E+00  0.0000E+00  0.0000E+00  0.0000E+00  0.0000E+00
    -21.864  0.0000E+00  0.0000E+00  0.0000E+00  0.0000E+00  0.0000E+00  0.0000E+00  0.0000E+00  0.0000E+00  0.0000E+00
    -21.829  0.0000E+00  0.0000E+00  0.0000E+00  0.0000E+00  0.0000E+00  0.0000E+00  0.0000E+00  0.0000E+00  0.0000E+00
    -21.793  0.0000E+00  0.0000E+00  0.0000E+00  0.0000E+00  0.0000E+00  0.0000E+00  0.0000E+00  0.0000E+00  0.0000E+00
    -21.757  0.0000E+00  0.0000E+00  0.0000E+00  0.0000E+00  0.0000E+00  0.0000E+00  0.0000E+00  0.0000E+00  0.0000E+00
    -21.722  0.0000E+00  0.0000E+00  0.0000E+00  0.0000E+00  0.0000E+00  0.0000E+00  0.0000E+00  0.0000E+00  0.0000E+00
    -21.686  0.0000E+00  0.0000E+00  0.0000E+00  0.0000E+00  0.0000E+00  0.0000E+00  0.0000E+00  0.0000E+00  0.0000E+00
    -21.650  0.0000E+00  0.0000E+00  0.0000E+00  0.0000E+00  0.0000E+00  0.0000E+00  0.0000E+00  0.0000E+00  0.0000E+00
    -21.615  0.0000E+00  0.0000E+00  0.0000E+00  0.0000E+00  0.0000E+00  0.0000E+00  0.0000E+00  0.0000E+00  0.0000E+00
    -21.579  0.0000E+00  0.0000E+00  0.0000E+00  0.0000E+00  0.0000E+00  0.0000E+00  0.0000E+00  0.0000E+00  0.0000E+00
    -21.543  0.0000E+00  0.0000E+00  0.0000E+00  0.0000E+00  0.0000E+00  0.0000E+00  0.0000E+00  0.0000E+00  0.0000E+00
    -21.508  0.0000E+00  0.0000E+00  0.0000E+00  0.0000E+00  0.0000E+00  0.0000E+00  0.0000E+00  0.0000E+00  0.0000E+00
    -21.472  0.0000E+00  0.0000E+00  0.0000E+00  0.0000E+00  0.0000E+00  0.0000E+00  0.0000E+00  0.0000E+00  0.0000E+00
    -21.436  0.0000E+00  0.0000E+00  0.0000E+00  0.0000E+00  0.0000E+00  0.0000E+00  0.0000E+00  0.0000E+00  0.0000E+00
    -21.401  0.0000E+00  0.0000E+00  0.0000E+00  0.0000E+00  0.0000E+00  0.0000E+00  0.0000E+00  0.0000E+00  0.0000E+00
    -21.365  0.0000E+00  0.0000E+00  0.0000E+00  0.0000E+00  0.0000E+00  0.0000E+00  0.0000E+00  0.0000E+00  0.0000E+00
    -21.329  0.0000E+00  0.0000E+00  0.0000E+00  0.0000E+00  0.0000E+00  0.0000E+00  0.0000E+00  0.0000E+00  0.0000E+00
    -21.294  0.0000E+00  0.0000E+00  0.0000E+00  0.0000E+00  0.0000E+00  0.0000E+00  0.0000E+00  0.0000E+00  0.0000E+00
    -21.258  0.0000E+00  0.0000E+00  0.0000E+00  0.0000E+00  0.0000E+00  0.0000E+00  0.0000E+00  0.0000E+00  0.0000E+00
    -21.222  0.0000E+00  0.0000E+00  0.0000E+00  0.0000E+00  0.0000E+00  0.0000E+00  0.0000E+00  0.0000E+00  0.0000E+00
    -21.187  0.0000E+00  0.0000E+00  0.0000E+00  0.0000E+00  0.0000E+00  0.0000E+00  0.0000E+00  0.0000E+00  0.0000E+00
    -21.151  0.0000E+00  0.0000E+00  0.0000E+00  0.0000E+00  0.0000E+00  0.0000E+00  0.0000E+00  0.0000E+00  0.0000E+00
    -21.115  0.0000E+00  0.0000E+00  0.0000E+00  0.0000E+00  0.0000E+00  0.0000E+00  0.0000E+00  0.0000E+00  0.0000E+00
    -21.080  0.0000E+00  0.0000E+00  0.0000E+00  0.0000E+00  0.0000E+00  0.0000E+00  0.0000E+00  0.0000E+00  0.0000E+00
    -21.044  0.0000E+00  0.0000E+00  0.0000E+00  0.0000E+00  0.0000E+00  0.0000E+00  0.0000E+00  0.0000E+00  0.0000E+00
    -21.008  0.0000E+00  0.0000E+00  0.0000E+00  0.0000E+00  0.0000E+00  0.0000E+00  0.0000E+00  0.0000E+00  0.0000E+00
    -20.973  0.0000E+00  0.0000E+00  0.0000E+00  0.0000E+00  0.0000E+00  0.0000E+00  0.0000E+00  0.0000E+00  0.0000E+00
    -20.937  0.0000E+00  0.0000E+00  0.0000E+00  0.0000E+00  0.0000E+00  0.0000E+00  0.0000E+00  0.0000E+00  0.0000E+00
    -20.901  0.0000E+00  0.0000E+00  0.0000E+00  0.0000E+00  0.0000E+00  0.0000E+00  0.0000E+00  0.0000E+00  0.0000E+00
    -20.866  0.0000E+00  0.0000E+00  0.0000E+00  0.0000E+00  0.0000E+00  0.0000E+00  0.0000E+00  0.0000E+00  0.0000E+00
    -20.830  0.0000E+00  0.0000E+00  0.0000E+00  0.0000E+00  0.0000E+00  0.0000E+00  0.0000E+00  0.0000E+00  0.0000E+00
    -20.794  0.0000E+00  0.0000E+00  0.0000E+00  0.0000E+00  0.0000E+00  0.0000E+00  0.0000E+00  0.0000E+00  0.0000E+00
    -20.759  0.0000E+00  0.0000E+00  0.0000E+00  0.0000E+00  0.0000E+00  0.0000E+00  0.0000E+00  0.0000E+00  0.0000E+00
    -20.723  0.0000E+00  0.0000E+00  0.0000E+00  0.0000E+00  0.0000E+00  0.0000E+00  0.0000E+00  0.0000E+00  0.0000E+00
    -20.687  0.0000E+00  0.0000E+00  0.0000E+00  0.0000E+00  0.0000E+00  0.0000E+00  0.0000E+00  0.0000E+00  0.0000E+00
    -20.652  0.0000E+00  0.0000E+00  0.0000E+00  0.0000E+00  0.0000E+00  0.0000E+00  0.0000E+00  0.0000E+00  0.0000E+00
    -20.616  0.0000E+00  0.0000E+00  0.0000E+00  0.0000E+00  0.0000E+00  0.0000E+00  0.0000E+00  0.0000E+00  0.0000E+00
    -20.580  0.0000E+00  0.0000E+00  0.0000E+00  0.0000E+00  0.0000E+00  0.0000E+00  0.0000E+00  0.0000E+00  0.0000E+00
    -20.545  0.0000E+00  0.0000E+00  0.0000E+00  0.0000E+00  0.0000E+00  0.0000E+00  0.0000E+00  0.0000E+00  0.0000E+00
    -20.509  0.0000E+00  0.0000E+00  0.0000E+00  0.0000E+00  0.0000E+00  0.0000E+00  0.0000E+00  0.0000E+00  0.0000E+00
    -20.474  0.0000E+00  0.0000E+00  0.0000E+00  0.0000E+00  0.0000E+00  0.0000E+00  0.0000E+00  0.0000E+00  0.0000E+00
    -20.438  0.0000E+00  0.0000E+00  0.0000E+00  0.0000E+00  0.0000E+00  0.0000E+00  0.0000E+00  0.0000E+00  0.0000E+00
    -20.402  0.0000E+00  0.0000E+00  0.0000E+00  0.0000E+00  0.0000E+00  0.0000E+00  0.0000E+00  0.0000E+00  0.0000E+00
    -20.367  0.0000E+00  0.0000E+00  0.0000E+00  0.0000E+00  0.0000E+00  0.0000E+00  0.0000E+00  0.0000E+00  0.0000E+00
    -20.331  0.0000E+00  0.0000E+00  0.0000E+00  0.0000E+00  0.0000E+00  0.0000E+00  0.0000E+00  0.0000E+00  0.0000E+00
    -20.295  0.0000E+00  0.0000E+00  0.0000E+00  0.0000E+00  0.0000E+00  0.0000E+00  0.0000E+00  0.0000E+00  0.0000E+00
    -20.260  0.0000E+00  0.0000E+00  0.0000E+00  0.0000E+00  0.0000E+00  0.0000E+00  0.0000E+00  0.0000E+00  0.0000E+00
    -20.224  0.1579E-28  0.1592E-29  0.3280E-29  0.3426E-28  0.1516E-27  0.2112E-27  0.2971E-27  0.1854E-27  0.4061E-27
    -20.188  0.6318E-28  0.6367E-29  0.1312E-28  0.1370E-27  0.6066E-27  0.8447E-27  0.1188E-26  0.7415E-27  0.1624E-26
    -20.153  0.4896E-27  0.4935E-28  0.1017E-27  0.1062E-26  0.4701E-26  0.6546E-26  0.9209E-26  0.5747E-26  0.1259E-25
    -20.117  0.3570E-26  0.3598E-27  0.7414E-27  0.7742E-26  0.3427E-25  0.4772E-25  0.6713E-25  0.4189E-25  0.9178E-25
    -20.081  0.2401E-25  0.2420E-26  0.4986E-26  0.5207E-25  0.2305E-24  0.3210E-24  0.4515E-24  0.2818E-24  0.6173E-24
    -20.046  0.1518E-24  0.1530E-25  0.3153E-25  0.3293E-24  0.1458E-23  0.2030E-23  0.2855E-23  0.1782E-23  0.3904E-23
    -20.010  0.9010E-24  0.9081E-25  0.1871E-24  0.1954E-23  0.8651E-23  0.1205E-22  0.1695E-22  0.1058E-22  0.2317E-22
    -19.974  0.5020E-23  0.5059E-24  0.1043E-23  0.1089E-22  0.4820E-22  0.6711E-22  0.9441E-22  0.5892E-22  0.1291E-21
    -19.939  0.2625E-22  0.2646E-23  0.5452E-23  0.5694E-22  0.2520E-21  0.3510E-21  0.4937E-21  0.3081E-21  0.6750E-21
    -19.903  0.1289E-21  0.1299E-22  0.2676E-22  0.2795E-21  0.1237E-20  0.1723E-20  0.2423E-20  0.1512E-20  0.3313E-20
    -19.867  0.5937E-21  0.5984E-22  0.1233E-21  0.1288E-20  0.5701E-20  0.7938E-20  0.1117E-19  0.6969E-20  0.1527E-19
    -19.832  0.2568E-20  0.2588E-21  0.5333E-21  0.5570E-20  0.2466E-19  0.3433E-19  0.4830E-19  0.3014E-19  0.6603E-19
    -19.796  0.1043E-19  0.1051E-20  0.2165E-20  0.2261E-19  0.1001E-18  0.1394E-18  0.1961E-18  0.1224E-18  0.2681E-18
    -19.760  0.3973E-19  0.4004E-20  0.8252E-20  0.8617E-19  0.3815E-18  0.5312E-18  0.7473E-18  0.4663E-18  0.1022E-17
    -19.725  0.1421E-18  0.1432E-19  0.2952E-19  0.3083E-18  0.1365E-17  0.1900E-17  0.2673E-17  0.1668E-17  0.3655E-17
    -19.689  0.4773E-18  0.4810E-19  0.9912E-19  0.1035E-17  0.4582E-17  0.6381E-17  0.8976E-17  0.5601E-17  0.1227E-16
    -19.653  0.1504E-17  0.1516E-18  0.3124E-18  0.3263E-17  0.1444E-16  0.2011E-16  0.2829E-16  0.1766E-16  0.3868E-16
    -19.618  0.4451E-17  0.4486E-18  0.9244E-18  0.9654E-17  0.4274E-16  0.5951E-16  0.8371E-16  0.5224E-16  0.1144E-15
    -19.582  0.1236E-16  0.1246E-17  0.2567E-17  0.2681E-16  0.1187E-15  0.1653E-15  0.2325E-15  0.1451E-15  0.3179E-15
    -19.546  0.3223E-16  0.3248E-17  0.6694E-17  0.6990E-16  0.3094E-15  0.4309E-15  0.6062E-15  0.3783E-15  0.8287E-15
    -19.511  0.7887E-16  0.7949E-17  0.1638E-16  0.1711E-15  0.7573E-15  0.1055E-14  0.1483E-14  0.9257E-15  0.2028E-14
    -19.475  0.1812E-15  0.1826E-16  0.3763E-16  0.3930E-15  0.1740E-14  0.2422E-14  0.3408E-14  0.2127E-14  0.4659E-14
    -19.439  0.3907E-15  0.3938E-16  0.8115E-16  0.8474E-15  0.3752E-14  0.5224E-14  0.7349E-14  0.4586E-14  0.1005E-13
    -19.404  0.7909E-15  0.7971E-16  0.1643E-15  0.1715E-14  0.7594E-14  0.1057E-13  0.1488E-13  0.9283E-14  0.2034E-13
    -19.368  0.1503E-14  0.1515E-15  0.3121E-15  0.3260E-14  0.1443E-13  0.2009E-13  0.2827E-13  0.1764E-13  0.3864E-13
    -19.332  0.2681E-14  0.2702E-15  0.5567E-15  0.5814E-14  0.2574E-13  0.3584E-13  0.5042E-13  0.3146E-13  0.6893E-13
    -19.297  0.4488E-14  0.4524E-15  0.9322E-15  0.9735E-14  0.4309E-13  0.6001E-13  0.8441E-13  0.5268E-13  0.1154E-12
    -19.261  0.7054E-14  0.7110E-15  0.1465E-14  0.1530E-13  0.6773E-13  0.9431E-13  0.1327E-12  0.8279E-13  0.1814E-12
    -19.225  0.1041E-13  0.1049E-14  0.2162E-14  0.2257E-13  0.9993E-13  0.1391E-12  0.1957E-12  0.1222E-12  0.2676E-12
    -19.190  0.1441E-13  0.1453E-14  0.2994E-14  0.3126E-13  0.1384E-12  0.1927E-12  0.2711E-12  0.1692E-12  0.3706E-12
    -19.154  0.1874E-13  0.1889E-14  0.3892E-14  0.4064E-13  0.1799E-12  0.2505E-12  0.3524E-12  0.2199E-12  0.4818E-12
    -19.118  0.2287E-13  0.2305E-14  0.4749E-14  0.4960E-13  0.2196E-12  0.3057E-12  0.4301E-12  0.2684E-12  0.5880E-12
    -19.083  0.2620E-13  0.2640E-14  0.5441E-14  0.5682E-13  0.2515E-12  0.3502E-12  0.4927E-12  0.3075E-12  0.6736E-12
    -19.047  0.2817E-13  0.2839E-14  0.5851E-14  0.6110E-13  0.2705E-12  0.3766E-12  0.5298E-12  0.3306E-12  0.7243E-12
    -19.011  0.2844E-13  0.2866E-14  0.5906E-14  0.6168E-13  0.2730E-12  0.3802E-12  0.5348E-12  0.3338E-12  0.7312E-12
    -18.976  0.2695E-13  0.2716E-14  0.5596E-14  0.5844E-13  0.2587E-12  0.3602E-12  0.5068E-12  0.3163E-12  0.6928E-12
    -18.940  0.2397E-13  0.2416E-14  0.4978E-14  0.5198E-13  0.2301E-12  0.3204E-12  0.4508E-12  0.2813E-12  0.6163E-12
    -18.904  0.2001E-13  0.2017E-14  0.4156E-14  0.4340E-13  0.1921E-12  0.2676E-12  0.3764E-12  0.2349E-12  0.5146E-12
    -18.869  0.1569E-13  0.1581E-14  0.3258E-14  0.3402E-13  0.1506E-12  0.2097E-12  0.2950E-12  0.1841E-12  0.4033E-12
    -18.833  0.1154E-13  0.1163E-14  0.2397E-14  0.2503E-13  0.1108E-12  0.1543E-12  0.2170E-12  0.1354E-12  0.2967E-12
    -18.797  0.7971E-14  0.8033E-15  0.1655E-14  0.1729E-13  0.7653E-13  0.1066E-12  0.1499E-12  0.9355E-13  0.2049E-12
    -18.762  0.5167E-14  0.5208E-15  0.1073E-14  0.1121E-13  0.4962E-13  0.6909E-13  0.9719E-13  0.6065E-13  0.1329E-12
    -18.726  0.3145E-14  0.3170E-15  0.6531E-15  0.6821E-14  0.3019E-13  0.4204E-13  0.5915E-13  0.3691E-13  0.8086E-13
    -18.690  0.1797E-14  0.1811E-15  0.3731E-15  0.3897E-14  0.1725E-13  0.2402E-13  0.3379E-13  0.2109E-13  0.4619E-13
    -18.655  0.9634E-15  0.9710E-16  0.2001E-15  0.2090E-14  0.9250E-14  0.1288E-13  0.1812E-13  0.1131E-13  0.2477E-13
    -18.619  0.4850E-15  0.4888E-16  0.1007E-15  0.1052E-14  0.4656E-14  0.6484E-14  0.9121E-14  0.5692E-14  0.1247E-13
    -18.583  0.2292E-15  0.2310E-16  0.4759E-16  0.4970E-15  0.2200E-14  0.3064E-14  0.4310E-14  0.2690E-14  0.5892E-14
    -18.548  0.1016E-15  0.1024E-16  0.2111E-16  0.2205E-15  0.9760E-15  0.1359E-14  0.1912E-14  0.1193E-14  0.2614E-14
    -18.512  0.4232E-16  0.4266E-17  0.8790E-17  0.9179E-16  0.4064E-15  0.5658E-15  0.7960E-15  0.4967E-15  0.1088E-14
    -18.476  0.1654E-16  0.1667E-17  0.3436E-17  0.3588E-16  0.1588E-15  0.2212E-15  0.3111E-15  0.1941E-15  0.4253E-15
    -18.441  0.6069E-17  0.6117E-18  0.1260E-17  0.1316E-16  0.5827E-16  0.8114E-16  0.1141E-15  0.7123E-16  0.1560E-15
    -18.405  0.2090E-17  0.2107E-18  0.4341E-18  0.4533E-17  0.2007E-16  0.2794E-16  0.3931E-16  0.2453E-16  0.5374E-16
    -18.369  0.6757E-18  0.6810E-19  0.1403E-18  0.1465E-17  0.6487E-17  0.9033E-17  0.1271E-16  0.7930E-17  0.1737E-16
    -18.334  0.2050E-18  0.2066E-19  0.4258E-19  0.4447E-18  0.1969E-17  0.2741E-17  0.3856E-17  0.2406E-17  0.5272E-17
    -18.298  0.5842E-19  0.5887E-20  0.1213E-19  0.1267E-18  0.5608E-18  0.7808E-18  0.1098E-17  0.6855E-18  0.1502E-17
    -18.262  0.1571E-19  0.1580E-20  0.3254E-20  0.3388E-19  0.1501E-18  0.2089E-18  0.2937E-18  0.1833E-18  0.4017E-18
    -18.227  0.4386E-20  0.4261E-21  0.8677E-21  0.8556E-20  0.3845E-19  0.5295E-19  0.7382E-19  0.4601E-19  0.1015E-18
    -18.191  0.3190E-20  0.2440E-21  0.4524E-21  0.2273E-20  0.1283E-19  0.1502E-19  0.1790E-19  0.1088E-19  0.2731E-19
    -18.156  0.1053E-19  0.7085E-21  0.1230E-20  0.1673E-20  0.2004E-19  0.1493E-19  0.6251E-20  0.2589E-20  0.2151E-19
    -18.120  0.4421E-19  0.2946E-20  0.5087E-20  0.5355E-20  0.7775E-19  0.5275E-19  0.1111E-19  0.1319E-20  0.7065E-19
    -18.084  0.1773E-18  0.1181E-19  0.2039E-19  0.2115E-19  0.3106E-18  0.2096E-18  0.4154E-19  0.3396E-20  0.2795E-18
    -18.049  0.6682E-18  0.4451E-19  0.7683E-19  0.7963E-19  0.1170E-17  0.7895E-18  0.1560E-18  0.1245E-19  0.1052E-17
    -18.013  0.2364E-17  0.1575E-18  0.2718E-18  0.2817E-18  0.4139E-17  0.2793E-17  0.5517E-18  0.4398E-19  0.3723E-17
    -17.977  0.7849E-17  0.5228E-18  0.9025E-18  0.9353E-18  0.1375E-16  0.9274E-17  0.1832E-17  0.1460E-18  0.1236E-16
    -17.942  0.2446E-16  0.1630E-17  0.2813E-17  0.2915E-17  0.4284E-16  0.2891E-16  0.5710E-17  0.4551E-18  0.3853E-16
    -17.906  0.7158E-16  0.4768E-17  0.8230E-17  0.8529E-17  0.1254E-15  0.8457E-16  0.1671E-16  0.1332E-17  0.1127E-15
    -17.870  0.1966E-15  0.1310E-16  0.2260E-16  0.2343E-16  0.3443E-15  0.2323E-15  0.4588E-16  0.3657E-17  0.3096E-15
    -17.835  0.5068E-15  0.3376E-16  0.5828E-16  0.6039E-16  0.8876E-15  0.5988E-15  0.1183E-15  0.9429E-17  0.7982E-15
    -17.799  0.1227E-14  0.8171E-16  0.1410E-15  0.1462E-15  0.2148E-14  0.1449E-14  0.2863E-15  0.2282E-16  0.1932E-14
    -17.763  0.2786E-14  0.1856E-15  0.3204E-15  0.3320E-15  0.4880E-14  0.3292E-14  0.6503E-15  0.5183E-16  0.4388E-14
    -17.728  0.5941E-14  0.3958E-15  0.6832E-15  0.7080E-15  0.1041E-13  0.7020E-14  0.1387E-14  0.1105E-15  0.9358E-14
    -17.692  0.1189E-13  0.7923E-15  0.1368E-14  0.1417E-14  0.2083E-13  0.1405E-13  0.2776E-14  0.2213E-15  0.1873E-13
    -17.656  0.2235E-13  0.1489E-14  0.2570E-14  0.2663E-14  0.3914E-13  0.2640E-13  0.5216E-14  0.4157E-15  0.3520E-13
    -17.621  0.3942E-13  0.2626E-14  0.4532E-14  0.4697E-14  0.6903E-13  0.4657E-13  0.9200E-14  0.7333E-15  0.6208E-13
    -17.585  0.6526E-13  0.4347E-14  0.7504E-14  0.7777E-14  0.1143E-12  0.7711E-13  0.1523E-13  0.1214E-14  0.1028E-12
    -17.549  0.1014E-12  0.6757E-14  0.1166E-13  0.1209E-13  0.1776E-12  0.1198E-12  0.2367E-13  0.1887E-14  0.1597E-12
    -17.514  0.1480E-12  0.9858E-14  0.1702E-13  0.1763E-13  0.2592E-12  0.1748E-12  0.3454E-13  0.2753E-14  0.2331E-12
    -17.478  0.2027E-12  0.1350E-13  0.2330E-13  0.2415E-13  0.3549E-12  0.2395E-12  0.4730E-13  0.3770E-14  0.3192E-12
    -17.442  0.2605E-12  0.1736E-13  0.2996E-13  0.3105E-13  0.4563E-12  0.3078E-12  0.6081E-13  0.4847E-14  0.4103E-12
    -17.407  0.3144E-12  0.2095E-13  0.3615E-13  0.3747E-13  0.5506E-12  0.3715E-12  0.7339E-13  0.5849E-14  0.4952E-12
    -17.371  0.3562E-12  0.2373E-13  0.4096E-13  0.4244E-13  0.6238E-12  0.4208E-12  0.8313E-13  0.6626E-14  0.5610E-12
    -17.335  0.3788E-12  0.2523E-13  0.4355E-13  0.4513E-13  0.6633E-12  0.4475E-12  0.8840E-13  0.7046E-14  0.5965E-12
    -17.300  0.3781E-12  0.2519E-13  0.4347E-13  0.4505E-13  0.6621E-12  0.4467E-12  0.8824E-13  0.7034E-14  0.5955E-12
    -17.264  0.3543E-12  0.2360E-13  0.4074E-13  0.4222E-13  0.6204E-12  0.4186E-12  0.8269E-13  0.6591E-14  0.5580E-12
    -17.228  0.3116E-12  0.2076E-13  0.3583E-13  0.3713E-13  0.5457E-12  0.3682E-12  0.7273E-13  0.5797E-14  0.4908E-12
    -17.193  0.2573E-12  0.1714E-13  0.2958E-13  0.3066E-13  0.4506E-12  0.3040E-12  0.6005E-13  0.4787E-14  0.4052E-12
    -17.157  0.1994E-12  0.1328E-13  0.2293E-13  0.2376E-13  0.3492E-12  0.2356E-12  0.4654E-13  0.3710E-14  0.3141E-12
    -17.121  0.1451E-12  0.9665E-14  0.1668E-13  0.1729E-13  0.2541E-12  0.1714E-12  0.3386E-13  0.2699E-14  0.2285E-12
    -17.086  0.9909E-13  0.6601E-14  0.1139E-13  0.1181E-13  0.1735E-12  0.1171E-12  0.2313E-13  0.1843E-14  0.1561E-12
    -17.050  0.6353E-13  0.4232E-14  0.7305E-14  0.7570E-14  0.1113E-12  0.7506E-13  0.1483E-13  0.1182E-14  0.1001E-12
    -17.014  0.3823E-13  0.2547E-14  0.4396E-14  0.4556E-14  0.6695E-13  0.4517E-13  0.8923E-14  0.7112E-15  0.6021E-13
    -16.979  0.2160E-13  0.1439E-14  0.2483E-14  0.2574E-14  0.3782E-13  0.2552E-13  0.5041E-14  0.4018E-15  0.3402E-13
    -16.943  0.1145E-13  0.7630E-15  0.1317E-14  0.1365E-14  0.2006E-13  0.1353E-13  0.2673E-14  0.2131E-15  0.1804E-13
    -16.907  0.5701E-14  0.3798E-15  0.6556E-15  0.6794E-15  0.9984E-14  0.6736E-14  0.1331E-14  0.1061E-15  0.8979E-14
    -16.872  0.2664E-14  0.1775E-15  0.3063E-15  0.3174E-15  0.4665E-14  0.3148E-14  0.6218E-15  0.4956E-16  0.4196E-14
    -16.836  0.1168E-14  0.7784E-16  0.1344E-15  0.1392E-15  0.2046E-14  0.1381E-14  0.2727E-15  0.2174E-16  0.1840E-14
    -16.800  0.4811E-15  0.3205E-16  0.5532E-16  0.5733E-16  0.8426E-15  0.5685E-15  0.1123E-15  0.8950E-17  0.7577E-15
    -16.765  0.1859E-15  0.1239E-16  0.2138E-16  0.2216E-16  0.3256E-15  0.2197E-15  0.4340E-16  0.3459E-17  0.2929E-15
    -16.729  0.6746E-16  0.4494E-17  0.7757E-17  0.8039E-17  0.1181E-15  0.7971E-16  0.1575E-16  0.1255E-17  0.1062E-15
    -16.693  0.2297E-16  0.1530E-17  0.2642E-17  0.2738E-17  0.4024E-16  0.2715E-16  0.5362E-17  0.4274E-18  0.3618E-16
    -16.658  0.7344E-17  0.4893E-18  0.8445E-18  0.8752E-18  0.1286E-16  0.8678E-17  0.1714E-17  0.1366E-18  0.1157E-16
    -16.622  0.2204E-17  0.1468E-18  0.2534E-18  0.2626E-18  0.3860E-17  0.2604E-17  0.5144E-18  0.4100E-19  0.3471E-17
    -16.586  0.6208E-18  0.4135E-19  0.7138E-19  0.7397E-19  0.1087E-17  0.7335E-18  0.1449E-18  0.1155E-19  0.9777E-18
    -16.551  0.1641E-18  0.1093E-19  0.1887E-19  0.1956E-19  0.2875E-18  0.1939E-18  0.3831E-19  0.3054E-20  0.2585E-18
    -16.515  0.4074E-19  0.2714E-20  0.4684E-20  0.4854E-20  0.7134E-19  0.4813E-19  0.9508E-20  0.7579E-21  0.6416E-19
    -16.479  0.9491E-20  0.6322E-21  0.1091E-20  0.1131E-20  0.1662E-19  0.1121E-19  0.2215E-20  0.1766E-21  0.1495E-19
    -16.444  0.2076E-20  0.1383E-21  0.2387E-21  0.2473E-21  0.3635E-20  0.2452E-20  0.4844E-21  0.3861E-22  0.3269E-20
    -16.408  0.4260E-21  0.2838E-22  0.4899E-22  0.5077E-22  0.7461E-21  0.5034E-21  0.9944E-22  0.7926E-23  0.6710E-21
    -16.372  0.8209E-22  0.5469E-23  0.9440E-23  0.9782E-23  0.1438E-21  0.9700E-22  0.1916E-22  0.1527E-23  0.1293E-21
    -16.337  0.1485E-22  0.9891E-24  0.1707E-23  0.1769E-23  0.2600E-22  0.1754E-22  0.3466E-23  0.2762E-24  0.2339E-22
    -16.301  0.2521E-23  0.1679E-24  0.2899E-24  0.3004E-24  0.4415E-23  0.2979E-23  0.5884E-24  0.4690E-25  0.3970E-23
    -16.265  0.4014E-24  0.2674E-25  0.4615E-25  0.4783E-25  0.7029E-24  0.4743E-24  0.9368E-25  0.7467E-26  0.6322E-24
    -16.230  0.6035E-25  0.4021E-26  0.6940E-26  0.7192E-26  0.1057E-24  0.7131E-25  0.1409E-25  0.1123E-26  0.9506E-25
    -16.194  0.8441E-26  0.5623E-27  0.9706E-27  0.1006E-26  0.1478E-25  0.9974E-26  0.1970E-26  0.1570E-27  0.1329E-25
    -16.158  0.1266E-26  0.8435E-28  0.1456E-27  0.1509E-27  0.2217E-26  0.1496E-26  0.2955E-27  0.2356E-28  0.1994E-26
    -16.123  0.6332E-25  0.2804E-26  0.9643E-27  0.2097E-25  0.1047E-26  0.1539E-26  0.2691E-26  0.6994E-27  0.5875E-26
    -16.087  0.4010E-24  0.1776E-25  0.6107E-26  0.1328E-24  0.6634E-26  0.9748E-26  0.1704E-25  0.4429E-26  0.3721E-25
    -16.051  0.2934E-23  0.1299E-24  0.4468E-25  0.9715E-24  0.4853E-25  0.7131E-25  0.1247E-24  0.3240E-25  0.2722E-24
    -16.016  0.2016E-22  0.8926E-24  0.3070E-24  0.6675E-23  0.3334E-24  0.4899E-24  0.8567E-24  0.2226E-24  0.1870E-23
    -15.980  0.1294E-21  0.5729E-23  0.1970E-23  0.4284E-22  0.2140E-23  0.3144E-23  0.5498E-23  0.1429E-23  0.1200E-22
    -15.944  0.7799E-21  0.3454E-22  0.1188E-22  0.2583E-21  0.1290E-22  0.1896E-22  0.3315E-22  0.8615E-23  0.7237E-22
    -15.909  0.4413E-20  0.1955E-21  0.6721E-22  0.1462E-20  0.7301E-22  0.1073E-21  0.1876E-21  0.4875E-22  0.4095E-21
    -15.873  0.2344E-19  0.1038E-20  0.3570E-21  0.7764E-20  0.3878E-21  0.5699E-21  0.9965E-21  0.2590E-21  0.2175E-20
    -15.838  0.1169E-18  0.5177E-20  0.1780E-20  0.3871E-19  0.1934E-20  0.2841E-20  0.4969E-20  0.1291E-20  0.1085E-19
    -15.802  0.5471E-18  0.2423E-19  0.8332E-20  0.1812E-18  0.9051E-20  0.1330E-19  0.2325E-19  0.6043E-20  0.5077E-19
    -15.766  0.2404E-17  0.1064E-18  0.3660E-19  0.7960E-18  0.3976E-19  0.5842E-19  0.1022E-18  0.2655E-19  0.2230E-18
    -15.731  0.9912E-17  0.4390E-18  0.1510E-18  0.3282E-17  0.1640E-18  0.2409E-18  0.4213E-18  0.1095E-18  0.9198E-18
    -15.695  0.3837E-16  0.1699E-17  0.5843E-18  0.1271E-16  0.6347E-18  0.9327E-18  0.1631E-17  0.4238E-18  0.3560E-17
    -15.659  0.1394E-15  0.6174E-17  0.2123E-17  0.4617E-16  0.2306E-17  0.3389E-17  0.5926E-17  0.1540E-17  0.1294E-16
    -15.624  0.4755E-15  0.2106E-16  0.7242E-17  0.1575E-15  0.7867E-17  0.1156E-16  0.2021E-16  0.5253E-17  0.4413E-16
    -15.588  0.1523E-14  0.6743E-16  0.2319E-16  0.5042E-15  0.2519E-16  0.3701E-16  0.6472E-16  0.1682E-16  0.1413E-15
    -15.552  0.4576E-14  0.2026E-15  0.6969E-16  0.1515E-14  0.7570E-16  0.1112E-15  0.1945E-15  0.5054E-16  0.4246E-15
    -15.517  0.1291E-13  0.5717E-15  0.1966E-15  0.4275E-14  0.2136E-15  0.3138E-15  0.5487E-15  0.1426E-15  0.1198E-14
    -15.481  0.3419E-13  0.1514E-14  0.5206E-15  0.1132E-13  0.5655E-15  0.8310E-15  0.1453E-14  0.3776E-15  0.3172E-14
    -15.445  0.8498E-13  0.3763E-14  0.1294E-14  0.2814E-13  0.1406E-14  0.2066E-14  0.3612E-14  0.9387E-15  0.7886E-14
    -15.410  0.1983E-12  0.8782E-14  0.3020E-14  0.6567E-13  0.3280E-14  0.4820E-14  0.8429E-14  0.2190E-14  0.1840E-13
    -15.374  0.4343E-12  0.1924E-13  0.6615E-14  0.1438E-12  0.7186E-14  0.1056E-13  0.1846E-13  0.4798E-14  0.4031E-13
    -15.338  0.8931E-12  0.3955E-13  0.1360E-13  0.2958E-12  0.1477E-13  0.2171E-13  0.3796E-13  0.9865E-14  0.8287E-13
    -15.303  0.1724E-11  0.7634E-13  0.2625E-13  0.5708E-12  0.2852E-13  0.4190E-13  0.7327E-13  0.1904E-13  0.1600E-12
    -15.267  0.3123E-11  0.1383E-12  0.4756E-13  0.1034E-11  0.5166E-13  0.7591E-13  0.1327E-12  0.3450E-13  0.2898E-12
    -15.231  0.5311E-11  0.2352E-12  0.8089E-13  0.1759E-11  0.8787E-13  0.1291E-12  0.2258E-12  0.5867E-13  0.4929E-12
    -15.196  0.8479E-11  0.3755E-12  0.1291E-12  0.2808E-11  0.1403E-12  0.2061E-12  0.3604E-12  0.9366E-13  0.7868E-12
    -15.160  0.1271E-10  0.5628E-12  0.1935E-12  0.4208E-11  0.2102E-12  0.3089E-12  0.5401E-12  0.1404E-12  0.1179E-11
    -15.124  0.1788E-10  0.7917E-12  0.2722E-12  0.5920E-11  0.2957E-12  0.4345E-12  0.7598E-12  0.1975E-12  0.1659E-11
    -15.089  0.2361E-10  0.1045E-11  0.3595E-12  0.7817E-11  0.3905E-12  0.5738E-12  0.1003E-11  0.2607E-12  0.2190E-11
    -15.053  0.2926E-10  0.1296E-11  0.4456E-12  0.9690E-11  0.4841E-12  0.7113E-12  0.1244E-11  0.3232E-12  0.2715E-11
    -15.017  0.3405E-10  0.1508E-11  0.5185E-12  0.1128E-10  0.5633E-12  0.8277E-12  0.1447E-11  0.3761E-12  0.3160E-11
    -14.982  0.3719E-10  0.1647E-11  0.5664E-12  0.1232E-10  0.6153E-12  0.9040E-12  0.1581E-11  0.4108E-12  0.3451E-11
    -14.946  0.3813E-10  0.1689E-11  0.5808E-12  0.1263E-10  0.6309E-12  0.9270E-12  0.1621E-11  0.4212E-12  0.3539E-11
    -14.910  0.3670E-10  0.1625E-11  0.5590E-12  0.1215E-10  0.6072E-12  0.8922E-12  0.1560E-11  0.4054E-12  0.3406E-11
    -14.875  0.3316E-10  0.1469E-11  0.5050E-12  0.1098E-10  0.5486E-12  0.8061E-12  0.1410E-11  0.3663E-12  0.3077E-11
    -14.839  0.2813E-10  0.1246E-11  0.4283E-12  0.9314E-11  0.4653E-12  0.6837E-12  0.1195E-11  0.3107E-12  0.2610E-11
    -14.803  0.2239E-10  0.9917E-12  0.3410E-12  0.7415E-11  0.3704E-12  0.5443E-12  0.9518E-12  0.2473E-12  0.2078E-11
    -14.768  0.1673E-10  0.7411E-12  0.2549E-12  0.5542E-11  0.2768E-12  0.4068E-12  0.7113E-12  0.1848E-12  0.1553E-11
    -14.732  0.1174E-10  0.5199E-12  0.1788E-12  0.3888E-11  0.1942E-12  0.2854E-12  0.4990E-12  0.1297E-12  0.1089E-11
    -14.696  0.7731E-11  0.3424E-12  0.1177E-12  0.2560E-11  0.1279E-12  0.1879E-12  0.3286E-12  0.8540E-13  0.7174E-12
    -14.661  0.4779E-11  0.2117E-12  0.7278E-13  0.1583E-11  0.7906E-13  0.1162E-12  0.2031E-12  0.5279E-13  0.4435E-12
    -14.625  0.2773E-11  0.1228E-12  0.4223E-13  0.9184E-12  0.4588E-13  0.6741E-13  0.1179E-12  0.3063E-13  0.2573E-12
    -14.589  0.1511E-11  0.6690E-13  0.2301E-13  0.5003E-12  0.2499E-13  0.3672E-13  0.6421E-13  0.1669E-13  0.1402E-12
    -14.554  0.7724E-12  0.3421E-13  0.1176E-13  0.2558E-12  0.1278E-13  0.1878E-13  0.3283E-13  0.8532E-14  0.7167E-13
    -14.518  0.3707E-12  0.1642E-13  0.5646E-14  0.1228E-12  0.6133E-14  0.9012E-14  0.1576E-13  0.4095E-14  0.3440E-13
    -14.482  0.1671E-12  0.7398E-14  0.2544E-14  0.5532E-13  0.2764E-14  0.4060E-14  0.7101E-14  0.1845E-14  0.1550E-13
    -14.447  0.7080E-13  0.3133E-14  0.1078E-14  0.2343E-13  0.1170E-14  0.1718E-14  0.3009E-14  0.7820E-15  0.6561E-14
    -14.411  0.2869E-13  0.1261E-14  0.4343E-15  0.9431E-14  0.4688E-15  0.6831E-15  0.1216E-14  0.3168E-15  0.2626E-14
    -14.375  0.1294E-13  0.5352E-15  0.1871E-15  0.4019E-14  0.1916E-15  0.2595E-15  0.5387E-15  0.1426E-15  0.1061E-14
    -14.340  0.1270E-13  0.4253E-15  0.1575E-15  0.3239E-14  0.1285E-15  0.1085E-15  0.4990E-15  0.1392E-15  0.6718E-15
    -14.304  0.3211E-13  0.9530E-15  0.3660E-15  0.7327E-14  0.2524E-15  0.9631E-16  0.1225E-14  0.3509E-15  0.1247E-14
    -14.268  0.9949E-13  0.2902E-14  0.1121E-14  0.2234E-13  0.7518E-15  0.2243E-15  0.3779E-14  0.1087E-14  0.3677E-14
    -14.233  0.2985E-12  0.8691E-14  0.3358E-14  0.6693E-13  0.2246E-14  0.6506E-15  0.1133E-13  0.3260E-14  0.1098E-13
    -14.197  0.8431E-12  0.2455E-13  0.9484E-14  0.1890E-12  0.6343E-14  0.1832E-14  0.3201E-13  0.9209E-14  0.3099E-13
    -14.161  0.2236E-11  0.6510E-13  0.2515E-13  0.5013E-12  0.1682E-13  0.4857E-14  0.8491E-13  0.2443E-13  0.8218E-13
    -14.126  0.5567E-11  0.1621E-12  0.6263E-13  0.1248E-11  0.4188E-13  0.1209E-13  0.2114E-12  0.6081E-13  0.2046E-12
    -14.090  0.1301E-10  0.3788E-12  0.1464E-12  0.2917E-11  0.9789E-13  0.2826E-13  0.4941E-12  0.1421E-12  0.4782E-12
    -14.054  0.2855E-10  0.8311E-12  0.3211E-12  0.6400E-11  0.2148E-12  0.6200E-13  0.1084E-11  0.3118E-12  0.1049E-11
    -14.019  0.5879E-10  0.1712E-11  0.6613E-12  0.1318E-10  0.4423E-12  0.1277E-12  0.2232E-11  0.6422E-12  0.2161E-11
    -13.983  0.1136E-09  0.3309E-11  0.1278E-11  0.2548E-10  0.8549E-12  0.2468E-12  0.4315E-11  0.1241E-11  0.4177E-11
    -13.947  0.2062E-09  0.6004E-11  0.2320E-11  0.4624E-10  0.1551E-11  0.4479E-12  0.7831E-11  0.2253E-11  0.7579E-11
    -13.912  0.3513E-09  0.1023E-10  0.3952E-11  0.7876E-10  0.2643E-11  0.7629E-12  0.1334E-10  0.3837E-11  0.1291E-10
    -13.876  0.5617E-09  0.1635E-10  0.6318E-11  0.1259E-09  0.4226E-11  0.1220E-11  0.2133E-10  0.6136E-11  0.2064E-10
    -13.840  0.8431E-09  0.2455E-10  0.9484E-11  0.1890E-09  0.6343E-11  0.1831E-11  0.3202E-10  0.9210E-11  0.3099E-10
    -13.805  0.1188E-08  0.3459E-10  0.1336E-10  0.2663E-09  0.8937E-11  0.2580E-11  0.4511E-10  0.1298E-10  0.4366E-10
    -13.769  0.1571E-08  0.4574E-10  0.1767E-10  0.3523E-09  0.1182E-10  0.3412E-11  0.5966E-10  0.1716E-10  0.5774E-10
    -13.733  0.1951E-08  0.5679E-10  0.2194E-10  0.4374E-09  0.1468E-10  0.4237E-11  0.7407E-10  0.2131E-10  0.7169E-10
    -13.698  0.2273E-08  0.6619E-10  0.2557E-10  0.5097E-09  0.1710E-10  0.4938E-11  0.8633E-10  0.2483E-10  0.8356E-10
    -13.662  0.2487E-08  0.7241E-10  0.2798E-10  0.5577E-09  0.1871E-10  0.5402E-11  0.9445E-10  0.2717E-10  0.9141E-10
    -13.626  0.2554E-08  0.7437E-10  0.2873E-10  0.5727E-09  0.1922E-10  0.5547E-11  0.9699E-10  0.2790E-10  0.9388E-10
    -13.591  0.2462E-08  0.7169E-10  0.2770E-10  0.5521E-09  0.1852E-10  0.5348E-11  0.9350E-10  0.2690E-10  0.9050E-10
    -13.555  0.2228E-08  0.6488E-10  0.2507E-10  0.4996E-09  0.1676E-10  0.4840E-11  0.8462E-10  0.2434E-10  0.8190E-10
    -13.520  0.1893E-08  0.5511E-10  0.2129E-10  0.4244E-09  0.1424E-10  0.4111E-11  0.7188E-10  0.2068E-10  0.6957E-10
    -13.484  0.1509E-08  0.4394E-10  0.1698E-10  0.3384E-09  0.1136E-10  0.3278E-11  0.5732E-10  0.1649E-10  0.5547E-10
    -13.448  0.1130E-08  0.3289E-10  0.1271E-10  0.2533E-09  0.8500E-11  0.2454E-11  0.4290E-10  0.1234E-10  0.4152E-10
    -13.413  0.7939E-09  0.2311E-10  0.8930E-11  0.1780E-09  0.5972E-11  0.1724E-11  0.3015E-10  0.8672E-11  0.2918E-10
    -13.377  0.5236E-09  0.1524E-10  0.5890E-11  0.1174E-09  0.3939E-11  0.1137E-11  0.1988E-10  0.5720E-11  0.1924E-10
    -13.341  0.3242E-09  0.9439E-11  0.3647E-11  0.7269E-10  0.2439E-11  0.7041E-12  0.1231E-10  0.3541E-11  0.1192E-10
    -13.306  0.1884E-09  0.5486E-11  0.2120E-11  0.4225E-10  0.1418E-11  0.4092E-12  0.7155E-11  0.2058E-11  0.6925E-11
    -13.270  0.1028E-09  0.2993E-11  0.1156E-11  0.2305E-10  0.7734E-12  0.2233E-12  0.3904E-11  0.1123E-11  0.3778E-11
    -13.234  0.5265E-10  0.1533E-11  0.5922E-12  0.1180E-10  0.3961E-12  0.1143E-12  0.1999E-11  0.5751E-12  0.1935E-11
    -13.199  0.2531E-10  0.7368E-12  0.2847E-12  0.5674E-11  0.1904E-12  0.5497E-13  0.9610E-12  0.2765E-12  0.9302E-12
    -13.163  0.1142E-10  0.3325E-12  0.1285E-12  0.2561E-11  0.8592E-13  0.2480E-13  0.4337E-12  0.1248E-12  0.4198E-12
    -13.127  0.4838E-11  0.1409E-12  0.5442E-13  0.1085E-11  0.3640E-13  0.1051E-13  0.1837E-12  0.5285E-13  0.1778E-12
    -13.092  0.1924E-11  0.5601E-13  0.2164E-13  0.4313E-12  0.1447E-13  0.4178E-14  0.7305E-13  0.2101E-13  0.7070E-13
    -13.056  0.7180E-12  0.2091E-13  0.8078E-14  0.1610E-12  0.5405E-14  0.1560E-14  0.2727E-13  0.7844E-14  0.2639E-13
    -13.020  0.2516E-12  0.7331E-14  0.2832E-14  0.5641E-13  0.1911E-14  0.5484E-15  0.9556E-14  0.2751E-14  0.9253E-14
    -12.985  0.8282E-13  0.2441E-14  0.9404E-15  0.1857E-13  0.7078E-15  0.1893E-15  0.3157E-14  0.9166E-15  0.3070E-14
    -12.949  0.2596E-13  0.8856E-15  0.3298E-15  0.5833E-14  0.5678E-15  0.9752E-16  0.1038E-14  0.3352E-15  0.1068E-14
    -12.913  0.9605E-14  0.8184E-15  0.2586E-15  0.2145E-14  0.1608E-14  0.1898E-15  0.5734E-15  0.3131E-15  0.8056E-15
    -12.878  0.1384E-13  0.2506E-14  0.7029E-15  0.2667E-14  0.6039E-14  0.6785E-15  0.1292E-14  0.9231E-15  0.2144E-14
    -12.842  0.6405E-13  0.9603E-14  0.2483E-14  0.1024E-13  0.2194E-13  0.2456E-14  0.4949E-14  0.3287E-14  0.7557E-14
    -12.806  0.3369E-12  0.3673E-13  0.8472E-14  0.4669E-13  0.7501E-13  0.8394E-14  0.1980E-13  0.1122E-13  0.2578E-13
    -12.771  0.1737E-11  0.1395E-12  0.2718E-13  0.2158E-12  0.2407E-12  0.2694E-13  0.7967E-13  0.3600E-13  0.8270E-13
    -12.735  0.8609E-11  0.5316E-12  0.8188E-13  0.9900E-12  0.7252E-12  0.8114E-13  0.3231E-12  0.1085E-12  0.2491E-12
    -12.699  0.4067E-10  0.2042E-11  0.2315E-12  0.4443E-11  0.2051E-11  0.2294E-12  0.1316E-11  0.3067E-12  0.7044E-12
    -12.664  0.1820E-09  0.7863E-11  0.6147E-12  0.1925E-10  0.5446E-11  0.6090E-12  0.5315E-11  0.8141E-12  0.1870E-11
    -12.628  0.7689E-09  0.3000E-10  0.1532E-11  0.7971E-10  0.1358E-10  0.1517E-11  0.2101E-10  0.2029E-11  0.4659E-11
    -12.592  0.3059E-08  0.1117E-09  0.3584E-11  0.3133E-09  0.3180E-10  0.3549E-11  0.8017E-10  0.4747E-11  0.1090E-10
    -12.557  0.1145E-07  0.4014E-09  0.7874E-11  0.1164E-08  0.6996E-10  0.7793E-11  0.2925E-09  0.1043E-10  0.2393E-10
    -12.521  0.4025E-07  0.1377E-08  0.1625E-10  0.4077E-08  0.1447E-09  0.1606E-10  0.1013E-08  0.2151E-10  0.4933E-10
    -12.485  0.1330E-06  0.4482E-08  0.3149E-10  0.1343E-07  0.2817E-09  0.3109E-10  0.3316E-08  0.4169E-10  0.9549E-10
    -12.450  0.4124E-06  0.1378E-07  0.5738E-10  0.4161E-07  0.5169E-09  0.5649E-10  0.1023E-07  0.7593E-10  0.1736E-09
    -12.414  0.1201E-05  0.3992E-07  0.9839E-10  0.1211E-06  0.8968E-09  0.9642E-10  0.2970E-07  0.1301E-09  0.2964E-09
    -12.378  0.3284E-05  0.1088E-06  0.1590E-09  0.3309E-06  0.1478E-08  0.1546E-09  0.8107E-07  0.2100E-09  0.4758E-09
    -12.343  0.8430E-05  0.2788E-06  0.2429E-09  0.8490E-06  0.2331E-08  0.2331E-09  0.2079E-06  0.3201E-09  0.7183E-09
    -12.307  0.2031E-04  0.6712E-06  0.3522E-09  0.2045E-05  0.3552E-08  0.3306E-09  0.5005E-06  0.4626E-09  0.1022E-08
    -12.271  0.4595E-04  0.1517E-05  0.4882E-09  0.4626E-05  0.5304E-08  0.4422E-09  0.1132E-05  0.6379E-09  0.1373E-08
    -12.236  0.9756E-04  0.3220E-05  0.6534E-09  0.9822E-05  0.7869E-08  0.5591E-09  0.2402E-05  0.8468E-09  0.1748E-08
    -12.200  0.1944E-03  0.6417E-05  0.8554E-09  0.1958E-04  0.1173E-07  0.6714E-09  0.4788E-05  0.1096E-08  0.2125E-08
    -12.164  0.3638E-03  0.1200E-04  0.1111E-08  0.3662E-04  0.1761E-07  0.7714E-09  0.8957E-05  0.1403E-08  0.2488E-08
    -12.129  0.6389E-03  0.2108E-04  0.1450E-08  0.6432E-04  0.2647E-07  0.8568E-09  0.1573E-04  0.1799E-08  0.2842E-08
    -12.093  0.1053E-02  0.3476E-04  0.1907E-08  0.1060E-03  0.3935E-07  0.9327E-09  0.2593E-04  0.2327E-08  0.3220E-08
    -12.057  0.1630E-02  0.5379E-04  0.2519E-08  0.1641E-03  0.5701E-07  0.1011E-08  0.4013E-04  0.3031E-08  0.3679E-08
    -12.022  0.2368E-02  0.7814E-04  0.3308E-08  0.2384E-03  0.7953E-07  0.1110E-08  0.5830E-04  0.3949E-08  0.4317E-08
    -11.986  0.3230E-02  0.1066E-03  0.4282E-08  0.3251E-03  0.1059E-06  0.1254E-08  0.7951E-04  0.5117E-08  0.5330E-08
    -11.950  0.4134E-02  0.1364E-03  0.5476E-08  0.4162E-03  0.1339E-06  0.1502E-08  0.1018E-03  0.6655E-08  0.7271E-08
    -11.915  0.4968E-02  0.1639E-03  0.7108E-08  0.5001E-03  0.1606E-06  0.2044E-08  0.1223E-03  0.9055E-08  0.1183E-07
    -11.879  0.5604E-02  0.1849E-03  0.1006E-07  0.5641E-03  0.1838E-06  0.3487E-08  0.1380E-03  0.1405E-07  0.2412E-07
    -11.843  0.5934E-02  0.1958E-03  0.1715E-07  0.5974E-03  0.2054E-06  0.7687E-08  0.1461E-03  0.2703E-07  0.5864E-07
    -11.808  0.5900E-02  0.1947E-03  0.3651E-07  0.5940E-03  0.2379E-06  0.1989E-07  0.1453E-03  0.6319E-07  0.1541E-06
    -11.772  0.5510E-02  0.1820E-03  0.8950E-07  0.5547E-03  0.3175E-06  0.5394E-07  0.1359E-03  0.1625E-06  0.4071E-06
    -11.736  0.4837E-02  0.1601E-03  0.2285E-06  0.4872E-03  0.5309E-06  0.1438E-06  0.1197E-03  0.4229E-06  0.1042E-05
    -11.701  0.4006E-02  0.1334E-03  0.5722E-06  0.4039E-03  0.1065E-05  0.3668E-06  0.1002E-03  0.1067E-05  0.2542E-05
    -11.665  0.3160E-02  0.1071E-03  0.1370E-05  0.3194E-03  0.2286E-05  0.8857E-06  0.8148E-04  0.2561E-05  0.5866E-05
    -11.629  0.2437E-02  0.8659E-04  0.3106E-05  0.2484E-03  0.4864E-05  0.2016E-05  0.6829E-04  0.5810E-05  0.1276E-04
    -11.594  0.1960E-02  0.7729E-04  0.6636E-05  0.2039E-03  0.9902E-05  0.4315E-05  0.6574E-04  0.1242E-04  0.2613E-04
    -11.558  0.1838E-02  0.8478E-04  0.1333E-04  0.1978E-03  0.1905E-04  0.8682E-05  0.7978E-04  0.2495E-04  0.5030E-04
    -11.522  0.2166E-02  0.1149E-03  0.2518E-04  0.2415E-03  0.3448E-04  0.1641E-04  0.1174E-03  0.4712E-04  0.9097E-04
    -11.487  0.3034E-02  0.1737E-03  0.4467E-04  0.3458E-03  0.5863E-04  0.2913E-04  0.1862E-03  0.8358E-04  0.1545E-03
    -11.451  0.4513E-02  0.2660E-03  0.7442E-04  0.5192E-03  0.9362E-04  0.4854E-04  0.2933E-03  0.1392E-03  0.2465E-03
    -11.415  0.6617E-02  0.3932E-03  0.1164E-03  0.7641E-03  0.1403E-03  0.7596E-04  0.4424E-03  0.2178E-03  0.3691E-03
    -11.380  0.9269E-02  0.5511E-03  0.1710E-03  0.1072E-02  0.1975E-03  0.1116E-03  0.6308E-03  0.3199E-03  0.5191E-03
    -11.344  0.1227E-01  0.7275E-03  0.2358E-03  0.1419E-02  0.2611E-03  0.1539E-03  0.8464E-03  0.4411E-03  0.6852E-03
    -11.308  0.1527E-01  0.9028E-03  0.3052E-03  0.1767E-02  0.3241E-03  0.1993E-03  0.1067E-02  0.5709E-03  0.8493E-03
    -11.273  0.1788E-01  0.1052E-02  0.3709E-03  0.2068E-02  0.3782E-03  0.2423E-03  0.1264E-02  0.6939E-03  0.9882E-03
    -11.237  0.1968E-01  0.1152E-02  0.4232E-03  0.2275E-02  0.4154E-03  0.2766E-03  0.1406E-02  0.7918E-03  0.1080E-02
    -11.202  0.2039E-01  0.1186E-02  0.4535E-03  0.2352E-02  0.4308E-03  0.2966E-03  0.1471E-02  0.8485E-03  0.1109E-02
    -11.166  0.1995E-01  0.1148E-02  0.4563E-03  0.2291E-02  0.4245E-03  0.2989E-03  0.1447E-02  0.8545E-03  0.1071E-02
    -11.130  0.1852E-01  0.1048E-02  0.4316E-03  0.2109E-02  0.4027E-03  0.2840E-03  0.1344E-02  0.8099E-03  0.9759E-03
    -11.095  0.1653E-01  0.9070E-03  0.3844E-03  0.1848E-02  0.3770E-03  0.2558E-03  0.1185E-02  0.7255E-03  0.8448E-03
    -11.059  0.1449E-01  0.7537E-03  0.3243E-03  0.1566E-02  0.3619E-03  0.2220E-03  0.1005E-02  0.6209E-03  0.7063E-03
    -11.023  0.1293E-01  0.6165E-03  0.2626E-03  0.1319E-02  0.3724E-03  0.1927E-03  0.8419E-03  0.5214E-03  0.5909E-03
    -10.988  0.1227E-01  0.5194E-03  0.2109E-03  0.1155E-02  0.4209E-03  0.1793E-03  0.7306E-03  0.4537E-03  0.5270E-03
    -10.952  0.1273E-01  0.4781E-03  0.1790E-03  0.1104E-02  0.5140E-03  0.1937E-03  0.6970E-03  0.4441E-03  0.5379E-03
    -10.916  0.1429E-01  0.4996E-03  0.1743E-03  0.1173E-02  0.6518E-03  0.2472E-03  0.7565E-03  0.5151E-03  0.6401E-03
    -10.881  0.1673E-01  0.5826E-03  0.2012E-03  0.1352E-02  0.8263E-03  0.3489E-03  0.9137E-03  0.6836E-03  0.8420E-03
    -10.845  0.1970E-01  0.7179E-03  0.2607E-03  0.1617E-02  0.1023E-02  0.5033E-03  0.1163E-02  0.9571E-03  0.1141E-02
    -10.809  0.2273E-01  0.8900E-03  0.3495E-03  0.1931E-02  0.1221E-02  0.7071E-03  0.1492E-02  0.1329E-02  0.1519E-02
    -10.774  0.2540E-01  0.1078E-02  0.4598E-03  0.2256E-02  0.1399E-02  0.9466E-03  0.1880E-02  0.1773E-02  0.1944E-02
    -10.738  0.2738E-01  0.1257E-02  0.5791E-03  0.2549E-02  0.1534E-02  0.1198E-02  0.2309E-02  0.2246E-02  0.2366E-02
    -10.702  0.2850E-01  0.1405E-02  0.6922E-03  0.2779E-02  0.1612E-02  0.1428E-02  0.2773E-02  0.2690E-02  0.2731E-02
    -10.667  0.2879E-01  0.1505E-02  0.7835E-03  0.2925E-02  0.1624E-02  0.1605E-02  0.3287E-02  0.3048E-02  0.2989E-02
    -10.631  0.2851E-01  0.1553E-02  0.8416E-03  0.2989E-02  0.1576E-02  0.1702E-02  0.3899E-02  0.3275E-02  0.3113E-02
    -10.595  0.2810E-01  0.1561E-02  0.8618E-03  0.2994E-02  0.1485E-02  0.1712E-02  0.4689E-02  0.3352E-02  0.3110E-02
    -10.560  0.2810E-01  0.1555E-02  0.8479E-03  0.2982E-02  0.1383E-02  0.1643E-02  0.5753E-02  0.3296E-02  0.3029E-02
    -10.524  0.2905E-01  0.1571E-02  0.8105E-03  0.3007E-02  0.1312E-02  0.1524E-02  0.7180E-02  0.3155E-02  0.2951E-02
    -10.488  0.3136E-01  0.1646E-02  0.7637E-03  0.3116E-02  0.1323E-02  0.1397E-02  0.9014E-02  0.2997E-02  0.2984E-02
    -10.453  0.3514E-01  0.1806E-02  0.7214E-03  0.3338E-02  0.1483E-02  0.1313E-02  0.1123E-01  0.2905E-02  0.3242E-02
    -10.417  0.4019E-01  0.2054E-02  0.6942E-03  0.3673E-02  0.1891E-02  0.1325E-02  0.1372E-01  0.2966E-02  0.3845E-02
    -10.381  0.4601E-01  0.2377E-02  0.6891E-03  0.4094E-02  0.2701E-02  0.1499E-02  0.1633E-01  0.3274E-02  0.4926E-02
    -10.346  0.5190E-01  0.2741E-02  0.7113E-03  0.4553E-02  0.4174E-02  0.1909E-02  0.1892E-01  0.3942E-02  0.6658E-02
    -10.310  0.5719E-01  0.3109E-02  0.7670E-03  0.5002E-02  0.6731E-02  0.2651E-02  0.2140E-01  0.5113E-02  0.9301E-02
    -10.274  0.6145E-01  0.3450E-02  0.8652E-03  0.5409E-02  0.1101E-01  0.3840E-02  0.2382E-01  0.6963E-02  0.1325E-01
    -10.239  0.6460E-01  0.3759E-02  0.1018E-02  0.5773E-02  0.1792E-01  0.5599E-02  0.2644E-01  0.9702E-02  0.1908E-01
    -10.203  0.6699E-01  0.4050E-02  0.1238E-02  0.6125E-02  0.2860E-01  0.8050E-02  0.2967E-01  0.1356E-01  0.2755E-01
    -10.167  0.6926E-01  0.4364E-02  0.1537E-02  0.6517E-02  0.4437E-01  0.1129E-01  0.3412E-01  0.1878E-01  0.3962E-01
    -10.132  0.7213E-01  0.4752E-02  0.1920E-02  0.7009E-02  0.6659E-01  0.1540E-01  0.4048E-01  0.2560E-01  0.5634E-01
    -10.096  0.7615E-01  0.5260E-02  0.2380E-02  0.7639E-02  0.9641E-01  0.2043E-01  0.4949E-01  0.3427E-01  0.7888E-01
    -10.060  0.8150E-01  0.5924E-02  0.2906E-02  0.8418E-02  0.1346E+00  0.2646E-01  0.6180E-01  0.4502E-01  0.1084E+00
    -10.025  0.8792E-01  0.6763E-02  0.3475E-02  0.9318E-02  0.1814E+00  0.3367E-01  0.7792E-01  0.5812E-01  0.1458E+00
     -9.989  0.9484E-01  0.7783E-02  0.4060E-02  0.1029E-01  0.2363E+00  0.4247E-01  0.9811E-01  0.7387E-01  0.1921E+00
     -9.953  0.1015E+00  0.8977E-02  0.4631E-02  0.1127E-01  0.2980E+00  0.5356E-01  0.1223E+00  0.9260E-01  0.2477E+00
     -9.918  0.1073E+00  0.1033E-01  0.5163E-02  0.1220E-01  0.3644E+00  0.6806E-01  0.1498E+00  0.1147E+00  0.3123E+00
     -9.882  0.1116E+00  0.1179E-01  0.5637E-02  0.1305E-01  0.4326E+00  0.8752E-01  0.1798E+00  0.1405E+00  0.3847E+00
     -9.846  0.1142E+00  0.1331E-01  0.6041E-02  0.1379E-01  0.4993E+00  0.1139E+00  0.2111E+00  0.1706E+00  0.4625E+00
     -9.811  0.1149E+00  0.1477E-01  0.6375E-02  0.1437E-01  0.5610E+00  0.1492E+00  0.2423E+00  0.2052E+00  0.5418E+00
     -9.775  0.1136E+00  0.1606E-01  0.6646E-02  0.1475E-01  0.6143E+00  0.1954E+00  0.2730E+00  0.2446E+00  0.6179E+00
     -9.739  0.1105E+00  0.1702E-01  0.6866E-02  0.1490E-01  0.6570E+00  0.2536E+00  0.3037E+00  0.2887E+00  0.6859E+00
     -9.704  0.1057E+00  0.1753E-01  0.7047E-02  0.1477E-01  0.6885E+00  0.3236E+00  0.3359E+00  0.3367E+00  0.7413E+00
     -9.668  0.9943E-01  0.1752E-01  0.7197E-02  0.1435E-01  0.7107E+00  0.4038E+00  0.3726E+00  0.3876E+00  0.7820E+00
     -9.632  0.9232E-01  0.1699E-01  0.7313E-02  0.1367E-01  0.7278E+00  0.4913E+00  0.4171E+00  0.4391E+00  0.8082E+00
     -9.597  0.8498E-01  0.1602E-01  0.7383E-02  0.1279E-01  0.7462E+00  0.5818E+00  0.4726E+00  0.4890E+00  0.8232E+00
     -9.561  0.7810E-01  0.1476E-01  0.7389E-02  0.1180E-01  0.7734E+00  0.6709E+00  0.5416E+00  0.5348E+00  0.8327E+00
     -9.525  0.7221E-01  0.1337E-01  0.7311E-02  0.1081E-01  0.8165E+00  0.7549E+00  0.6255E+00  0.5748E+00  0.8433E+00
     -9.490  0.6760E-01  0.1203E-01  0.7142E-02  0.9905E-02  0.8803E+00  0.8315E+00  0.7244E+00  0.6085E+00  0.8608E+00
     -9.454  0.6430E-01  0.1087E-01  0.6888E-02  0.9134E-02  0.9659E+00  0.8999E+00  0.8381E+00  0.6373E+00  0.8888E+00
     -9.418  0.6208E-01  0.9936E-02  0.6575E-02  0.8506E-02  0.1070E+01  0.9607E+00  0.9654E+00  0.6639E+00  0.9277E+00
     -9.383  0.6058E-01  0.9249E-02  0.6245E-02  0.7998E-02  0.1184E+01  0.1016E+01  0.1105E+01  0.6926E+00  0.9752E+00
     -9.347  0.5940E-01  0.8759E-02  0.5942E-02  0.7567E-02  0.1298E+01  0.1066E+01  0.1252E+01  0.7282E+00  0.1027E+01
     -9.311  0.5820E-01  0.8396E-02  0.5704E-02  0.7171E-02  0.1398E+01  0.1115E+01  0.1403E+01  0.7761E+00  0.1079E+01
     -9.276  0.5674E-01  0.8088E-02  0.5556E-02  0.6781E-02  0.1474E+01  0.1164E+01  0.1551E+01  0.8416E+00  0.1127E+01
     -9.240  0.5488E-01  0.7787E-02  0.5506E-02  0.6387E-02  0.1517E+01  0.1215E+01  0.1687E+01  0.9310E+00  0.1170E+01
     -9.204  0.5259E-01  0.7476E-02  0.5549E-02  0.5999E-02  0.1525E+01  0.1275E+01  0.1802E+01  0.1051E+01  0.1209E+01
     -9.169  0.4995E-01  0.7179E-02  0.5671E-02  0.5641E-02  0.1503E+01  0.1347E+01  0.1888E+01  0.1209E+01  0.1247E+01
     -9.133  0.4713E-01  0.6944E-02  0.5853E-02  0.5342E-02  0.1460E+01  0.1440E+01  0.1940E+01  0.1411E+01  0.1287E+01
     -9.097  0.4433E-01  0.6830E-02  0.6075E-02  0.5128E-02  0.1408E+01  0.1559E+01  0.1959E+01  0.1661E+01  0.1335E+01
     -9.062  0.4179E-01  0.6884E-02  0.6313E-02  0.5014E-02  0.1363E+01  0.1705E+01  0.1948E+01  0.1954E+01  0.1394E+01
     -9.026  0.3968E-01  0.7124E-02  0.6538E-02  0.4998E-02  0.1337E+01  0.1876E+01  0.1917E+01  0.2278E+01  0.1469E+01
     -8.990  0.3810E-01  0.7527E-02  0.6719E-02  0.5065E-02  0.1340E+01  0.2062E+01  0.1879E+01  0.2607E+01  0.1559E+01
     -8.955  0.3700E-01  0.8033E-02  0.6822E-02  0.5182E-02  0.1377E+01  0.2247E+01  0.1846E+01  0.2909E+01  0.1664E+01
     -8.919  0.3625E-01  0.8550E-02  0.6816E-02  0.5309E-02  0.1446E+01  0.2413E+01  0.1830E+01  0.3146E+01  0.1779E+01
     -8.883  0.3562E-01  0.8978E-02  0.6677E-02  0.5398E-02  0.1541E+01  0.2542E+01  0.1835E+01  0.3286E+01  0.1895E+01
     -8.848  0.3489E-01  0.9225E-02  0.6397E-02  0.5408E-02  0.1648E+01  0.2617E+01  0.1862E+01  0.3305E+01  0.2001E+01
     -8.812  0.3391E-01  0.9230E-02  0.5982E-02  0.5308E-02  0.1751E+01  0.2627E+01  0.1901E+01  0.3197E+01  0.2084E+01
     -8.777  0.3266E-01  0.8968E-02  0.5454E-02  0.5086E-02  0.1831E+01  0.2570E+01  0.1938E+01  0.2973E+01  0.2129E+01
     -8.741  0.3124E-01  0.8461E-02  0.4849E-02  0.4752E-02  0.1874E+01  0.2448E+01  0.1953E+01  0.2659E+01  0.2126E+01
     -8.705  0.2990E-01  0.7771E-02  0.4213E-02  0.4336E-02  0.1867E+01  0.2268E+01  0.1930E+01  0.2289E+01  0.2067E+01
     -8.670  0.2897E-01  0.6985E-02  0.3592E-02  0.3886E-02  0.1806E+01  0.2042E+01  0.1857E+01  0.1898E+01  0.1953E+01
     -8.634  0.2876E-01  0.6200E-02  0.3031E-02  0.3454E-02  0.1694E+01  0.1786E+01  0.1729E+01  0.1520E+01  0.1788E+01
     -8.598  0.2950E-01  0.5506E-02  0.2563E-02  0.3088E-02  0.1539E+01  0.1516E+01  0.1554E+01  0.1177E+01  0.1585E+01
     -8.563  0.3125E-01  0.4966E-02  0.2206E-02  0.2822E-02  0.1355E+01  0.1247E+01  0.1344E+01  0.8839E+00  0.1360E+01
     -8.527  0.3387E-01  0.4602E-02  0.1960E-02  0.2666E-02  0.1157E+01  0.9920E+00  0.1117E+01  0.6445E+00  0.1128E+01
     -8.491  0.3699E-01  0.4397E-02  0.1807E-02  0.2607E-02  0.9576E+00  0.7628E+00  0.8934E+00  0.4575E+00  0.9073E+00
     -8.456  0.4011E-01  0.4294E-02  0.1721E-02  0.2609E-02  0.7692E+00  0.5660E+00  0.6874E+00  0.3169E+00  0.7083E+00
     -8.420  0.4269E-01  0.4220E-02  0.1669E-02  0.2627E-02  0.6000E+00  0.4050E+00  0.5095E+00  0.2148E+00  0.5385E+00
     -8.384  0.4431E-01  0.4099E-02  0.1627E-02  0.2614E-02  0.4550E+00  0.2794E+00  0.3644E+00  0.1431E+00  0.4002E+00
     -8.349  0.4478E-01  0.3882E-02  0.1585E-02  0.2541E-02  0.3359E+00  0.1859E+00  0.2520E+00  0.9425E-01  0.2917E+00
     -8.313  0.4418E-01  0.3556E-02  0.1549E-02  0.2402E-02  0.2419E+00  0.1196E+00  0.1689E+00  0.6223E-01  0.2090E+00
     -8.277  0.4280E-01  0.3149E-02  0.1539E-02  0.2212E-02  0.1706E+00  0.7487E-01  0.1101E+00  0.4219E-01  0.1474E+00
     -8.242  0.4105E-01  0.2720E-02  0.1578E-02  0.2007E-02  0.1183E+00  0.4627E-01  0.7027E-01  0.3054E-01  0.1024E+00
     -8.206  0.3930E-01  0.2345E-02  0.1684E-02  0.1828E-02  0.8147E-01  0.2904E-01  0.4431E-01  0.2460E-01  0.7027E-01
     -8.170  0.3782E-01  0.2095E-02  0.1859E-02  0.1715E-02  0.5641E-01  0.1938E-01  0.2811E-01  0.2241E-01  0.4798E-01
     -8.135  0.3671E-01  0.2024E-02  0.2086E-02  0.1693E-02  0.4011E-01  0.1451E-01  0.1841E-01  0.2246E-01  0.3324E-01
     -8.099  0.3595E-01  0.2151E-02  0.2332E-02  0.1774E-02  0.3010E-01  0.1246E-01  0.1283E-01  0.2355E-01  0.2421E-01
     -8.063  0.3545E-01  0.2462E-02  0.2558E-02  0.1948E-02  0.2446E-01  0.1193E-01  0.9720E-02  0.2482E-01  0.1935E-01
     -8.028  0.3512E-01  0.2911E-02  0.2727E-02  0.2191E-02  0.2173E-01  0.1205E-01  0.7958E-02  0.2563E-01  0.1735E-01
     -7.992  0.3494E-01  0.3423E-02  0.2813E-02  0.2463E-02  0.2078E-01  0.1230E-01  0.6863E-02  0.2563E-01  0.1712E-01
     -7.956  0.3496E-01  0.3915E-02  0.2803E-02  0.2722E-02  0.2076E-01  0.1236E-01  0.6059E-02  0.2471E-01  0.1777E-01
     -7.921  0.3538E-01  0.4315E-02  0.2702E-02  0.2925E-02  0.2104E-01  0.1207E-01  0.5386E-02  0.2295E-01  0.1861E-01
     -7.885  0.3654E-01  0.4582E-02  0.2529E-02  0.3046E-02  0.2123E-01  0.1137E-01  0.4818E-02  0.2054E-01  0.1920E-01
     -7.849  0.3887E-01  0.4726E-02  0.2311E-02  0.3083E-02  0.2118E-01  0.1031E-01  0.4407E-02  0.1774E-01  0.1935E-01
     -7.814  0.4285E-01  0.4803E-02  0.2083E-02  0.3058E-02  0.2095E-01  0.8998E-02  0.4235E-02  0.1483E-01  0.1908E-01
     -7.778  0.4880E-01  0.4903E-02  0.1882E-02  0.3016E-02  0.2072E-01  0.7593E-02  0.4383E-02  0.1205E-01  0.1858E-01
     -7.742  0.5675E-01  0.5121E-02  0.1742E-02  0.3010E-02  0.2070E-01  0.6293E-02  0.4903E-02  0.9641E-02  0.1810E-01
     -7.707  0.6631E-01  0.5516E-02  0.1690E-02  0.3084E-02  0.2098E-01  0.5292E-02  0.5810E-02  0.7811E-02  0.1785E-01
     -7.671  0.7665E-01  0.6090E-02  0.1743E-02  0.3255E-02  0.2152E-01  0.4751E-02  0.7064E-02  0.6708E-02  0.1790E-01
     -7.635  0.8660E-01  0.6773E-02  0.1902E-02  0.3510E-02  0.2209E-01  0.4775E-02  0.8571E-02  0.6411E-02  0.1816E-01
     -7.600  0.9490E-01  0.7443E-02  0.2156E-02  0.3804E-02  0.2240E-01  0.5380E-02  0.1019E-01  0.6903E-02  0.1842E-01
     -7.564  0.1004E+00  0.7957E-02  0.2478E-02  0.4074E-02  0.2214E-01  0.6489E-02  0.1175E-01  0.8059E-02  0.1842E-01
     -7.528  0.1023E+00  0.8192E-02  0.2827E-02  0.4258E-02  0.2115E-01  0.7923E-02  0.1307E-01  0.9648E-02  0.1792E-01
     -7.493  0.1004E+00  0.8078E-02  0.3155E-02  0.4306E-02  0.1940E-01  0.9432E-02  0.1397E-01  0.1136E-01  0.1683E-01
     -7.457  0.9498E-01  0.7616E-02  0.3419E-02  0.4197E-02  0.1705E-01  0.1073E-01  0.1434E-01  0.1284E-01  0.1518E-01
     -7.421  0.8672E-01  0.6878E-02  0.3592E-02  0.3938E-02  0.1435E-01  0.1157E-01  0.1413E-01  0.1382E-01  0.1313E-01
     -7.386  0.7680E-01  0.5986E-02  0.3682E-02  0.3571E-02  0.1161E-01  0.1179E-01  0.1335E-01  0.1411E-01  0.1094E-01
     -7.350  0.6665E-01  0.5093E-02  0.3734E-02  0.3156E-02  0.9135E-02  0.1136E-01  0.1215E-01  0.1370E-01  0.8858E-02
     -7.314  0.5784E-01  0.4358E-02  0.3834E-02  0.2774E-02  0.7148E-02  0.1040E-01  0.1072E-01  0.1275E-01  0.7136E-02
     -7.279  0.5198E-01  0.3935E-02  0.4087E-02  0.2507E-02  0.5818E-02  0.9152E-02  0.9282E-02  0.1156E-01  0.5958E-02
     -7.243  0.5048E-01  0.3954E-02  0.4592E-02  0.2435E-02  0.5241E-02  0.7879E-02  0.8055E-02  0.1042E-01  0.5449E-02
     -7.207  0.5436E-01  0.4517E-02  0.5405E-02  0.2624E-02  0.5453E-02  0.6829E-02  0.7194E-02  0.9629E-02  0.5662E-02
     -7.172  0.6391E-01  0.5671E-02  0.6513E-02  0.3108E-02  0.6418E-02  0.6163E-02  0.6755E-02  0.9320E-02  0.6578E-02
     -7.136  0.7852E-01  0.7391E-02  0.7818E-02  0.3884E-02  0.8027E-02  0.5930E-02  0.6690E-02  0.9493E-02  0.8097E-02
     -7.100  0.9660E-01  0.9559E-02  0.9155E-02  0.4898E-02  0.1008E-01  0.6069E-02  0.6860E-02  0.1001E-01  0.1004E-01
     -7.065  0.1156E+00  0.1196E-01  0.1032E-01  0.6048E-02  0.1228E-01  0.6440E-02  0.7079E-02  0.1065E-01  0.1214E-01
     -7.029  0.1327E+00  0.1429E-01  0.1110E-01  0.7188E-02  0.1430E-01  0.6869E-02  0.7165E-02  0.1116E-01  0.1411E-01
     -6.993  0.1448E+00  0.1624E-01  0.1137E-01  0.8155E-02  0.1580E-01  0.7186E-02  0.6988E-02  0.1134E-01  0.1566E-01
     -6.958  0.1498E+00  0.1751E-01  0.1108E-01  0.8801E-02  0.1649E-01  0.7269E-02  0.6497E-02  0.1107E-01  0.1653E-01
     -6.922  0.1468E+00  0.1791E-01  0.1026E-01  0.9023E-02  0.1626E-01  0.7061E-02  0.5726E-02  0.1033E-01  0.1662E-01
     -6.886  0.1363E+00  0.1743E-01  0.9047E-02  0.8788E-02  0.1513E-01  0.6576E-02  0.4772E-02  0.9199E-02  0.1592E-01
     -6.851  0.1199E+00  0.1616E-01  0.7623E-02  0.8142E-02  0.1328E-01  0.5885E-02  0.3765E-02  0.7820E-02  0.1457E-01
     -6.815  0.1001E+00  0.1435E-01  0.6179E-02  0.7194E-02  0.1101E-01  0.5096E-02  0.2829E-02  0.6367E-02  0.1280E-01
     -6.779  0.7954E-01  0.1227E-01  0.4892E-02  0.6085E-02  0.8615E-02  0.4332E-02  0.2064E-02  0.5011E-02  0.1083E-01
     -6.744  0.6039E-01  0.1017E-01  0.3910E-02  0.4958E-02  0.6371E-02  0.3707E-02  0.1541E-02  0.3903E-02  0.8888E-02
     -6.708  0.4419E-01  0.8241E-02  0.3344E-02  0.3929E-02  0.4458E-02  0.3322E-02  0.1301E-02  0.3160E-02  0.7130E-02
     -6.672  0.3169E-01  0.6589E-02  0.3277E-02  0.3072E-02  0.2962E-02  0.3256E-02  0.1374E-02  0.2865E-02  0.5636E-02
     -6.637  0.2298E-01  0.5249E-02  0.3762E-02  0.2422E-02  0.1881E-02  0.3565E-02  0.1777E-02  0.3064E-02  0.4431E-02
     -6.601  0.1769E-01  0.4211E-02  0.4808E-02  0.1983E-02  0.1160E-02  0.4276E-02  0.2518E-02  0.3758E-02  0.3503E-02
     -6.565  0.1524E-01  0.3447E-02  0.6364E-02  0.1734E-02  0.7197E-03  0.5362E-02  0.3574E-02  0.4897E-02  0.2822E-02
     -6.530  0.1488E-01  0.2918E-02  0.8291E-02  0.1641E-02  0.4768E-03  0.6734E-02  0.4877E-02  0.6359E-02  0.2351E-02
     -6.494  0.1589E-01  0.2581E-02  0.1036E-01  0.1658E-02  0.3614E-03  0.8227E-02  0.6298E-02  0.7955E-02  0.2049E-02
     -6.459  0.1750E-01  0.2384E-02  0.1227E-01  0.1735E-02  0.3190E-03  0.9619E-02  0.7658E-02  0.9442E-02  0.1868E-02
     -6.423  0.1903E-01  0.2267E-02  0.1371E-01  0.1817E-02  0.3109E-03  0.1067E-01  0.8752E-02  0.1057E-01  0.1761E-02
     -6.387  0.1996E-01  0.2172E-02  0.1441E-01  0.1858E-02  0.3119E-03  0.1117E-01  0.9394E-02  0.1112E-01  0.1676E-02
     -6.352  0.1996E-01  0.2054E-02  0.1423E-01  0.1824E-02  0.3078E-03  0.1101E-01  0.9471E-02  0.1100E-01  0.1577E-02
     -6.316  0.1901E-01  0.1887E-02  0.1321E-01  0.1706E-02  0.2938E-03  0.1021E-01  0.8970E-02  0.1022E-01  0.1440E-02
     -6.280  0.1735E-01  0.1675E-02  0.1151E-01  0.1517E-02  0.2730E-03  0.8899E-02  0.7988E-02  0.8913E-02  0.1263E-02
     -6.245  0.1549E-01  0.1449E-02  0.9417E-02  0.1290E-02  0.2552E-03  0.7286E-02  0.6701E-02  0.7300E-02  0.1062E-02
     -6.209  0.1407E-01  0.1259E-02  0.7237E-02  0.1070E-02  0.2562E-03  0.5604E-02  0.5319E-02  0.5616E-02  0.8627E-03
     -6.173  0.1376E-01  0.1166E-02  0.5226E-02  0.9039E-03  0.2971E-03  0.4053E-02  0.4036E-02  0.4060E-02  0.6970E-03
     -6.138  0.1514E-01  0.1237E-02  0.3550E-02  0.8365E-03  0.4042E-03  0.2765E-02  0.2993E-02  0.2764E-02  0.5931E-03
     -6.102  0.1859E-01  0.1535E-02  0.2280E-02  0.9041E-03  0.6076E-03  0.1797E-02  0.2263E-02  0.1785E-02  0.5736E-03
     -6.066  0.2425E-01  0.2114E-02  0.1406E-02  0.1132E-02  0.9389E-03  0.1149E-02  0.1858E-02  0.1119E-02  0.6538E-03
     -6.031  0.3193E-01  0.3009E-02  0.8731E-03  0.1534E-02  0.1426E-02  0.7864E-03  0.1742E-02  0.7283E-03  0.8418E-03
     -5.995  0.4120E-01  0.4226E-02  0.6120E-03  0.2104E-02  0.2089E-02  0.6672E-03  0.1856E-02  0.5635E-03  0.1138E-02
     -5.959  0.5143E-01  0.5735E-02  0.5625E-03  0.2820E-02  0.2929E-02  0.7541E-03  0.2132E-02  0.5828E-03  0.1536E-02
     -5.924  0.6197E-01  0.7463E-02  0.6815E-03  0.3640E-02  0.3926E-02  0.1019E-02  0.2506E-02  0.7550E-03  0.2021E-02
     -5.888  0.7225E-01  0.9299E-02  0.9418E-03  0.4504E-02  0.5038E-02  0.1438E-02  0.2924E-02  0.1056E-02  0.2566E-02
     -5.852  0.8192E-01  0.1110E-01  0.1323E-02  0.5343E-02  0.6203E-02  0.1977E-02  0.3338E-02  0.1462E-02  0.3141E-02
     -5.817  0.9078E-01  0.1271E-01  0.1804E-02  0.6088E-02  0.7347E-02  0.2588E-02  0.3708E-02  0.1937E-02  0.3706E-02
     -5.781  0.9868E-01  0.1398E-01  0.2352E-02  0.6679E-02  0.8395E-02  0.3201E-02  0.3996E-02  0.2434E-02  0.4222E-02
     -5.745  0.1053E+00  0.1478E-01  0.2924E-02  0.7075E-02  0.9280E-02  0.3736E-02  0.4168E-02  0.2894E-02  0.4654E-02
     -5.710  0.1103E+00  0.1506E-01  0.3466E-02  0.7260E-02  0.9951E-02  0.4113E-02  0.4202E-02  0.3255E-02  0.4978E-02
     -5.674  0.1129E+00  0.1480E-01  0.3924E-02  0.7248E-02  0.1039E-01  0.4276E-02  0.4091E-02  0.3468E-02  0.5186E-02
     -5.638  0.1126E+00  0.1411E-01  0.4247E-02  0.7077E-02  0.1059E-01  0.4200E-02  0.3850E-02  0.3505E-02  0.5291E-02
     -5.603  0.1094E+00  0.1314E-01  0.4403E-02  0.6811E-02  0.1060E-01  0.3906E-02  0.3517E-02  0.3364E-02  0.5322E-02
     -5.567  0.1038E+00  0.1214E-01  0.4381E-02  0.6525E-02  0.1049E-01  0.3445E-02  0.3143E-02  0.3075E-02  0.5318E-02
     -5.531  0.9710E-01  0.1137E-01  0.4196E-02  0.6299E-02  0.1033E-01  0.2893E-02  0.2781E-02  0.2682E-02  0.5317E-02
     -5.496  0.9102E-01  0.1107E-01  0.3889E-02  0.6207E-02  0.1019E-01  0.2329E-02  0.2475E-02  0.2241E-02  0.5344E-02
     -5.460  0.8752E-01  0.1145E-01  0.3522E-02  0.6305E-02  0.1012E-01  0.1818E-02  0.2246E-02  0.1805E-02  0.5408E-02
     -5.424  0.8810E-01  0.1260E-01  0.3167E-02  0.6628E-02  0.1013E-01  0.1407E-02  0.2097E-02  0.1416E-02  0.5500E-02
     -5.389  0.9347E-01  0.1452E-01  0.2900E-02  0.7177E-02  0.1019E-01  0.1119E-02  0.2012E-02  0.1102E-02  0.5597E-02
     -5.353  0.1033E+00  0.1704E-01  0.2785E-02  0.7917E-02  0.1026E-01  0.9544E-03  0.1968E-02  0.8738E-03  0.5672E-02
     -5.317  0.1162E+00  0.1988E-01  0.2876E-02  0.8776E-02  0.1026E-01  0.8990E-03  0.1944E-02  0.7288E-03  0.5699E-02
     -5.282  0.1304E+00  0.2263E-01  0.3215E-02  0.9653E-02  0.1017E-01  0.9286E-03  0.1927E-02  0.6567E-03  0.5663E-02
     -5.246  0.1439E+00  0.2487E-01  0.3835E-02  0.1044E-01  0.9981E-02  0.1015E-02  0.1917E-02  0.6437E-03  0.5563E-02
     -5.210  0.1551E+00  0.2627E-01  0.4764E-02  0.1105E-01  0.9748E-02  0.1129E-02  0.1923E-02  0.6777E-03  0.5415E-02
     -5.175  0.1637E+00  0.2660E-01  0.6017E-02  0.1143E-01  0.9552E-02  0.1249E-02  0.1961E-02  0.7512E-03  0.5248E-02
     -5.139  0.1695E+00  0.2590E-01  0.7578E-02  0.1159E-01  0.9485E-02  0.1359E-02  0.2043E-02  0.8621E-03  0.5102E-02
     -5.103  0.1733E+00  0.2435E-01  0.9378E-02  0.1159E-01  0.9614E-02  0.1456E-02  0.2177E-02  0.1012E-02  0.5015E-02
     -5.068  0.1754E+00  0.2231E-01  0.1128E-01  0.1149E-01  0.9952E-02  0.1547E-02  0.2354E-02  0.1201E-02  0.5015E-02
     -5.032  0.1759E+00  0.2015E-01  0.1311E-01  0.1136E-01  0.1045E-01  0.1648E-02  0.2549E-02  0.1430E-02  0.5111E-02
     -4.996  0.1742E+00  0.1820E-01  0.1464E-01  0.1124E-01  0.1099E-01  0.1784E-02  0.2728E-02  0.1693E-02  0.5292E-02
     -4.961  0.1694E+00  0.1669E-01  0.1571E-01  0.1110E-01  0.1147E-01  0.1981E-02  0.2856E-02  0.1985E-02  0.5527E-02
     -4.925  0.1608E+00  0.1568E-01  0.1628E-01  0.1093E-01  0.1176E-01  0.2269E-02  0.2911E-02  0.2305E-02  0.5777E-02
     -4.889  0.1485E+00  0.1513E-01  0.1641E-01  0.1069E-01  0.1178E-01  0.2681E-02  0.2894E-02  0.2661E-02  0.5998E-02
     -4.854  0.1329E+00  0.1488E-01  0.1633E-01  0.1035E-01  0.1153E-01  0.3248E-02  0.2834E-02  0.3071E-02  0.6147E-02
     -4.818  0.1156E+00  0.1478E-01  0.1632E-01  0.9911E-02  0.1102E-01  0.3996E-02  0.2787E-02  0.3561E-02  0.6191E-02
     -4.782  0.9813E-01  0.1467E-01  0.1669E-01  0.9421E-02  0.1033E-01  0.4938E-02  0.2817E-02  0.4149E-02  0.6113E-02
     -4.747  0.8211E-01  0.1444E-01  0.1763E-01  0.8936E-02  0.9547E-02  0.6056E-02  0.2986E-02  0.4833E-02  0.5918E-02
     -4.711  0.6867E-01  0.1405E-01  0.1917E-01  0.8525E-02  0.8766E-02  0.7289E-02  0.3330E-02  0.5575E-02  0.5637E-02
     -4.675  0.5838E-01  0.1354E-01  0.2119E-01  0.8252E-02  0.8080E-02  0.8528E-02  0.3848E-02  0.6302E-02  0.5317E-02
     -4.640  0.5118E-01  0.1296E-01  0.2346E-01  0.8166E-02  0.7557E-02  0.9631E-02  0.4504E-02  0.6912E-02  0.5017E-02
     -4.604  0.4657E-01  0.1240E-01  0.2572E-01  0.8287E-02  0.7230E-02  0.1045E-01  0.5231E-02  0.7303E-02  0.4790E-02
     -4.568  0.4377E-01  0.1195E-01  0.2774E-01  0.8607E-02  0.7090E-02  0.1087E-01  0.5946E-02  0.7399E-02  0.4667E-02
     -4.533  0.4193E-01  0.1168E-01  0.2941E-01  0.9092E-02  0.7084E-02  0.1084E-01  0.6573E-02  0.7175E-02  0.4657E-02
     -4.497  0.4032E-01  0.1167E-01  0.3063E-01  0.9688E-02  0.7135E-02  0.1039E-01  0.7058E-02  0.6661E-02  0.4740E-02
     -4.461  0.3843E-01  0.1197E-01  0.3135E-01  0.1032E-01  0.7154E-02  0.9622E-02  0.7371E-02  0.5939E-02  0.4880E-02
     -4.426  0.3601E-01  0.1259E-01  0.3148E-01  0.1090E-01  0.7067E-02  0.8652E-02  0.7513E-02  0.5110E-02  0.5028E-02
     -4.390  0.3303E-01  0.1345E-01  0.3089E-01  0.1133E-01  0.6825E-02  0.7600E-02  0.7500E-02  0.4268E-02  0.5129E-02
     -4.354  0.2964E-01  0.1439E-01  0.2945E-01  0.1151E-01  0.6412E-02  0.6551E-02  0.7354E-02  0.3485E-02  0.5136E-02
     -4.319  0.2606E-01  0.1518E-01  0.2709E-01  0.1137E-01  0.5847E-02  0.5547E-02  0.7096E-02  0.2796E-02  0.5011E-02
     -4.283  0.2255E-01  0.1558E-01  0.2391E-01  0.1087E-01  0.5179E-02  0.4606E-02  0.6745E-02  0.2211E-02  0.4739E-02
     -4.247  0.1938E-01  0.1540E-01  0.2016E-01  0.1004E-01  0.4477E-02  0.3732E-02  0.6313E-02  0.1724E-02  0.4332E-02
     -4.212  0.1682E-01  0.1458E-01  0.1620E-01  0.8958E-02  0.3829E-02  0.2935E-02  0.5817E-02  0.1326E-02  0.3834E-02
     -4.176  0.1512E-01  0.1321E-01  0.1244E-01  0.7786E-02  0.3325E-02  0.2234E-02  0.5277E-02  0.1010E-02  0.3312E-02
     -4.141  0.1452E-01  0.1156E-01  0.9215E-02  0.6701E-02  0.3053E-02  0.1654E-02  0.4729E-02  0.7757E-03  0.2848E-02
     -4.105  0.1522E-01  0.9965E-02  0.6768E-02  0.5886E-02  0.3077E-02  0.1217E-02  0.4219E-02  0.6268E-03  0.2523E-02
     -4.069  0.1729E-01  0.8830E-02  0.5190E-02  0.5499E-02  0.3426E-02  0.9378E-03  0.3805E-02  0.5674E-03  0.2398E-02
     -4.034  0.2065E-01  0.8503E-02  0.4460E-02  0.5646E-02  0.4078E-02  0.8216E-03  0.3544E-02  0.6009E-03  0.2507E-02
     -3.998  0.2498E-01  0.9231E-02  0.4479E-02  0.6362E-02  0.4952E-02  0.8638E-03  0.3482E-02  0.7284E-03  0.2844E-02
     -3.962  0.2978E-01  0.1111E-01  0.5101E-02  0.7608E-02  0.5919E-02  0.1051E-02  0.3635E-02  0.9473E-03  0.3368E-02
     -3.927  0.3444E-01  0.1405E-01  0.6167E-02  0.9264E-02  0.6819E-02  0.1361E-02  0.3984E-02  0.1250E-02  0.4003E-02
     -3.891  0.3840E-01  0.1777E-01  0.7515E-02  0.1115E-01  0.7497E-02  0.1758E-02  0.4471E-02  0.1623E-02  0.4651E-02
     -3.855  0.4130E-01  0.2180E-01  0.8988E-02  0.1303E-01  0.7838E-02  0.2196E-02  0.5003E-02  0.2041E-02  0.5212E-02
     -3.820  0.4315E-01  0.2560E-01  0.1043E-01  0.1468E-01  0.7795E-02  0.2616E-02  0.5477E-02  0.2471E-02  0.5596E-02
     -3.784  0.4431E-01  0.2862E-01  0.1170E-01  0.1591E-01  0.7397E-02  0.2957E-02  0.5797E-02  0.2870E-02  0.5746E-02
     -3.748  0.4534E-01  0.3046E-01  0.1265E-01  0.1659E-01  0.6734E-02  0.3164E-02  0.5896E-02  0.3191E-02  0.5641E-02
     -3.713  0.4679E-01  0.3092E-01  0.1321E-01  0.1668E-01  0.5927E-02  0.3204E-02  0.5752E-02  0.3391E-02  0.5305E-02
     -3.677  0.4897E-01  0.3009E-01  0.1334E-01  0.1623E-01  0.5094E-02  0.3070E-02  0.5387E-02  0.3447E-02  0.4794E-02
     -3.641  0.5178E-01  0.2824E-01  0.1308E-01  0.1536E-01  0.4324E-02  0.2787E-02  0.4862E-02  0.3355E-02  0.4180E-02
     -3.606  0.5477E-01  0.2577E-01  0.1256E-01  0.1421E-01  0.3664E-02  0.2405E-02  0.4265E-02  0.3140E-02  0.3536E-02
     -3.570  0.5725E-01  0.2308E-01  0.1196E-01  0.1295E-01  0.3121E-02  0.1984E-02  0.3690E-02  0.2849E-02  0.2919E-02
     -3.534  0.5873E-01  0.2056E-01  0.1151E-01  0.1174E-01  0.2684E-02  0.1584E-02  0.3229E-02  0.2537E-02  0.2369E-02
     -3.499  0.5909E-01  0.1854E-01  0.1137E-01  0.1075E-01  0.2336E-02  0.1251E-02  0.2954E-02  0.2259E-02  0.1902E-02
     -3.463  0.5886E-01  0.1732E-01  0.1166E-01  0.1014E-01  0.2071E-02  0.1011E-02  0.2912E-02  0.2051E-02  0.1523E-02
     -3.427  0.5909E-01  0.1719E-01  0.1241E-01  0.1006E-01  0.1895E-02  0.8720E-03  0.3114E-02  0.1928E-02  0.1231E-02
     -3.392  0.6110E-01  0.1837E-01  0.1354E-01  0.1061E-01  0.1825E-02  0.8251E-03  0.3529E-02  0.1879E-02  0.1024E-02
     -3.356  0.6604E-01  0.2103E-01  0.1495E-01  0.1180E-01  0.1880E-02  0.8521E-03  0.4091E-02  0.1878E-02  0.9005E-03
     -3.320  0.7446E-01  0.2516E-01  0.1652E-01  0.1357E-01  0.2066E-02  0.9309E-03  0.4701E-02  0.1893E-02  0.8587E-03
     -3.285  0.8603E-01  0.3055E-01  0.1818E-01  0.1575E-01  0.2375E-02  0.1039E-02  0.5254E-02  0.1893E-02  0.8961E-03
     -3.249  0.9952E-01  0.3687E-01  0.1987E-01  0.1814E-01  0.2777E-02  0.1156E-02  0.5663E-02  0.1858E-02  0.1010E-02
     -3.213  0.1131E+00  0.4369E-01  0.2155E-01  0.2055E-01  0.3228E-02  0.1265E-02  0.5883E-02  0.1783E-02  0.1197E-02
     -3.178  0.1249E+00  0.5070E-01  0.2314E-01  0.2292E-01  0.3677E-02  0.1351E-02  0.5925E-02  0.1671E-02  0.1460E-02
     -3.142  0.1331E+00  0.5780E-01  0.2445E-01  0.2532E-01  0.4077E-02  0.1406E-02  0.5846E-02  0.1533E-02  0.1803E-02
     -3.106  0.1369E+00  0.6508E-01  0.2524E-01  0.2796E-01  0.4398E-02  0.1426E-02  0.5730E-02  0.1384E-02  0.2235E-02
     -3.071  0.1361E+00  0.7275E-01  0.2527E-01  0.3111E-01  0.4632E-02  0.1419E-02  0.5656E-02  0.1238E-02  0.2760E-02
     -3.035  0.1313E+00  0.8088E-01  0.2440E-01  0.3496E-01  0.4791E-02  0.1402E-02  0.5679E-02  0.1108E-02  0.3372E-02
     -2.999  0.1233E+00  0.8918E-01  0.2267E-01  0.3955E-01  0.4908E-02  0.1401E-02  0.5816E-02  0.1006E-02  0.4045E-02
     -2.964  0.1134E+00  0.9688E-01  0.2035E-01  0.4470E-01  0.5019E-02  0.1453E-02  0.6057E-02  0.9442E-03  0.4738E-02
     -2.928  0.1024E+00  0.1028E+00  0.1791E-01  0.4996E-01  0.5159E-02  0.1596E-02  0.6379E-02  0.9379E-03  0.5394E-02
     -2.892  0.9118E-01  0.1058E+00  0.1593E-01  0.5478E-01  0.5344E-02  0.1874E-02  0.6761E-02  0.1004E-02  0.5957E-02
     -2.857  0.8056E-01  0.1048E+00  0.1499E-01  0.5855E-01  0.5571E-02  0.2328E-02  0.7192E-02  0.1162E-02  0.6388E-02
     -2.821  0.7115E-01  0.9953E-01  0.1560E-01  0.6080E-01  0.5822E-02  0.2989E-02  0.7662E-02  0.1430E-02  0.6672E-02
     -2.785  0.6354E-01  0.9049E-01  0.1806E-01  0.6126E-01  0.6065E-02  0.3866E-02  0.8152E-02  0.1820E-02  0.6822E-02
     -2.750  0.5823E-01  0.7876E-01  0.2246E-01  0.5989E-01  0.6272E-02  0.4935E-02  0.8625E-02  0.2333E-02  0.6865E-02
     -2.714  0.5559E-01  0.6584E-01  0.2861E-01  0.5692E-01  0.6425E-02  0.6129E-02  0.9027E-02  0.2955E-02  0.6836E-02
     -2.678  0.5581E-01  0.5318E-01  0.3609E-01  0.5275E-01  0.6525E-02  0.7345E-02  0.9299E-02  0.3647E-02  0.6759E-02
     -2.643  0.5880E-01  0.4189E-01  0.4427E-01  0.4788E-01  0.6584E-02  0.8453E-02  0.9397E-02  0.4354E-02  0.6642E-02
     -2.607  0.6417E-01  0.3264E-01  0.5239E-01  0.4283E-01  0.6623E-02  0.9325E-02  0.9310E-02  0.5008E-02  0.6482E-02
     -2.571  0.7112E-01  0.2559E-01  0.5965E-01  0.3800E-01  0.6653E-02  0.9862E-02  0.9067E-02  0.5539E-02  0.6269E-02
     -2.536  0.7852E-01  0.2054E-01  0.6532E-01  0.3366E-01  0.6669E-02  0.1002E-01  0.8731E-02  0.5886E-02  0.5993E-02
     -2.500  0.8500E-01  0.1709E-01  0.6884E-01  0.2988E-01  0.6649E-02  0.9796E-02  0.8379E-02  0.6014E-02  0.5647E-02
     -2.464  0.8916E-01  0.1474E-01  0.6990E-01  0.2660E-01  0.6555E-02  0.9254E-02  0.8078E-02  0.5915E-02  0.5234E-02
     -2.429  0.8990E-01  0.1308E-01  0.6850E-01  0.2368E-01  0.6346E-02  0.8471E-02  0.7865E-02  0.5615E-02  0.4761E-02
     -2.393  0.8672E-01  0.1176E-01  0.6492E-01  0.2098E-01  0.5998E-02  0.7533E-02  0.7737E-02  0.5161E-02  0.4242E-02
     -2.357  0.7980E-01  0.1056E-01  0.5973E-01  0.1845E-01  0.5508E-02  0.6516E-02  0.7653E-02  0.4614E-02  0.3700E-02
     -2.322  0.7004E-01  0.9425E-02  0.5359E-01  0.1616E-01  0.4905E-02  0.5486E-02  0.7549E-02  0.4036E-02  0.3169E-02
     -2.286  0.5877E-01  0.8359E-02  0.4721E-01  0.1433E-01  0.4244E-02  0.4494E-02  0.7362E-02  0.3478E-02  0.2691E-02
     -2.250  0.4743E-01  0.7466E-02  0.4112E-01  0.1324E-01  0.3600E-02  0.3583E-02  0.7043E-02  0.2975E-02  0.2312E-02
     -2.215  0.3729E-01  0.6873E-02  0.3567E-01  0.1320E-01  0.3046E-02  0.2789E-02  0.6574E-02  0.2544E-02  0.2076E-02
     -2.179  0.2920E-01  0.6693E-02  0.3100E-01  0.1442E-01  0.2640E-02  0.2136E-02  0.5971E-02  0.2189E-02  0.2015E-02
     -2.143  0.2354E-01  0.6983E-02  0.2708E-01  0.1697E-01  0.2411E-02  0.1635E-02  0.5280E-02  0.1905E-02  0.2140E-02
     -2.108  0.2021E-01  0.7714E-02  0.2380E-01  0.2064E-01  0.2352E-02  0.1282E-02  0.4567E-02  0.1683E-02  0.2430E-02
     -2.072  0.1880E-01  0.8762E-02  0.2105E-01  0.2495E-01  0.2420E-02  0.1058E-02  0.3906E-02  0.1511E-02  0.2838E-02
     -2.036  0.1873E-01  0.9923E-02  0.1872E-01  0.2925E-01  0.2550E-02  0.9338E-03  0.3368E-02  0.1375E-02  0.3292E-02
     -2.001  0.1934E-01  0.1096E-01  0.1675E-01  0.3277E-01  0.2665E-02  0.8777E-03  0.3013E-02  0.1263E-02  0.3707E-02
     -1.965  0.2010E-01  0.1165E-01  0.1512E-01  0.3486E-01  0.2702E-02  0.8583E-03  0.2882E-02  0.1161E-02  0.4005E-02
     -1.929  0.2060E-01  0.1184E-01  0.1383E-01  0.3512E-01  0.2620E-02  0.8511E-03  0.2994E-02  0.1060E-02  0.4128E-02
     -1.894  0.2065E-01  0.1150E-01  0.1297E-01  0.3352E-01  0.2413E-02  0.8419E-03  0.3337E-02  0.9542E-03  0.4052E-02
     -1.858  0.2024E-01  0.1069E-01  0.1261E-01  0.3037E-01  0.2104E-02  0.8278E-03  0.3870E-02  0.8477E-03  0.3788E-02
     -1.823  0.1947E-01  0.9544E-02  0.1283E-01  0.2621E-01  0.1735E-02  0.8167E-03  0.4517E-02  0.7496E-03  0.3378E-02
     -1.787  0.1848E-01  0.8245E-02  0.1367E-01  0.2168E-01  0.1358E-02  0.8250E-03  0.5173E-02  0.6748E-03  0.2883E-02
     -1.751  0.1741E-01  0.6948E-02  0.1503E-01  0.1732E-01  0.1014E-02  0.8731E-03  0.5726E-02  0.6403E-03  0.2363E-02
     -1.716  0.1636E-01  0.5772E-02  0.1671E-01  0.1348E-01  0.7338E-03  0.9798E-03  0.6078E-02  0.6611E-03  0.1874E-02
     -1.680  0.1539E-01  0.4785E-02  0.1844E-01  0.1034E-01  0.5293E-03  0.1157E-02  0.6174E-02  0.7476E-03  0.1450E-02
     -1.644  0.1456E-01  0.4013E-02  0.1990E-01  0.7882E-02  0.3995E-03  0.1407E-02  0.6017E-02  0.9019E-03  0.1107E-02
     -1.609  0.1396E-01  0.3457E-02  0.2083E-01  0.6048E-02  0.3343E-03  0.1715E-02  0.5669E-02  0.1116E-02  0.8483E-03
     -1.573  0.1368E-01  0.3107E-02  0.2109E-01  0.4738E-02  0.3196E-03  0.2055E-02  0.5235E-02  0.1369E-02  0.6642E-03
     -1.537  0.1381E-01  0.2947E-02  0.2062E-01  0.3875E-02  0.3412E-03  0.2390E-02  0.4838E-02  0.1633E-02  0.5429E-03
     -1.502  0.1445E-01  0.2963E-02  0.1951E-01  0.3410E-02  0.3867E-03  0.2682E-02  0.4589E-02  0.1870E-02  0.4733E-03
     -1.466  0.1563E-01  0.3142E-02  0.1791E-01  0.3315E-02  0.4464E-03  0.2896E-02  0.4574E-02  0.2048E-02  0.4468E-03
     -1.430  0.1738E-01  0.3474E-02  0.1601E-01  0.3578E-02  0.5137E-03  0.3009E-02  0.4839E-02  0.2140E-02  0.4583E-03
     -1.395  0.1965E-01  0.3967E-02  0.1400E-01  0.4202E-02  0.5857E-03  0.3013E-02  0.5392E-02  0.2134E-02  0.5056E-03
     -1.359  0.2239E-01  0.4656E-02  0.1211E-01  0.5204E-02  0.6644E-03  0.2914E-02  0.6204E-02  0.2036E-02  0.5878E-03
     -1.323  0.2550E-01  0.5628E-02  0.1053E-01  0.6632E-02  0.7583E-03  0.2736E-02  0.7213E-02  0.1867E-02  0.7044E-03
     -1.288  0.2887E-01  0.7024E-02  0.9483E-02  0.8561E-02  0.8833E-03  0.2509E-02  0.8323E-02  0.1657E-02  0.8538E-03
     -1.252  0.3238E-01  0.9042E-02  0.9176E-02  0.1110E-01  0.1062E-02  0.2270E-02  0.9407E-02  0.1441E-02  0.1032E-02
     -1.216  0.3586E-01  0.1190E-01  0.9797E-02  0.1436E-01  0.1319E-02  0.2057E-02  0.1032E-01  0.1251E-02  0.1233E-02
     -1.181  0.3917E-01  0.1580E-01  0.1149E-01  0.1843E-01  0.1679E-02  0.1904E-02  0.1092E-01  0.1111E-02  0.1447E-02
     -1.145  0.4221E-01  0.2081E-01  0.1433E-01  0.2332E-01  0.2154E-02  0.1835E-02  0.1112E-01  0.1036E-02  0.1662E-02
     -1.109  0.4499E-01  0.2686E-01  0.1829E-01  0.2892E-01  0.2747E-02  0.1863E-02  0.1088E-01  0.1030E-02  0.1868E-02
     -1.074  0.4773E-01  0.3364E-01  0.2324E-01  0.3493E-01  0.3444E-02  0.1986E-02  0.1024E-01  0.1090E-02  0.2055E-02
     -1.038  0.5084E-01  0.4064E-01  0.2891E-01  0.4089E-01  0.4222E-02  0.2188E-02  0.9317E-02  0.1201E-02  0.2221E-02
     -1.002  0.5499E-01  0.4722E-01  0.3491E-01  0.4623E-01  0.5055E-02  0.2449E-02  0.8270E-02  0.1346E-02  0.2371E-02
     -0.967  0.6090E-01  0.5268E-01  0.4076E-01  0.5040E-01  0.5917E-02  0.2740E-02  0.7250E-02  0.1505E-02  0.2520E-02
     -0.931  0.6921E-01  0.5646E-01  0.4591E-01  0.5297E-01  0.6784E-02  0.3039E-02  0.6376E-02  0.1659E-02  0.2691E-02
     -0.895  0.8010E-01  0.5823E-01  0.4979E-01  0.5382E-01  0.7624E-02  0.3326E-02  0.5713E-02  0.1792E-02  0.2913E-02
     -0.860  0.9310E-01  0.5795E-01  0.5190E-01  0.5318E-01  0.8393E-02  0.3596E-02  0.5271E-02  0.1897E-02  0.3207E-02
     -0.824  0.1070E+00  0.5586E-01  0.5192E-01  0.5157E-01  0.9023E-02  0.3861E-02  0.5023E-02  0.1975E-02  0.3580E-02
     -0.788  0.1198E+00  0.5241E-01  0.4976E-01  0.4965E-01  0.9433E-02  0.4150E-02  0.4921E-02  0.2041E-02  0.4013E-02
     -0.753  0.1295E+00  0.4813E-01  0.4565E-01  0.4803E-01  0.9541E-02  0.4512E-02  0.4918E-02  0.2113E-02  0.4459E-02
     -0.717  0.1343E+00  0.4352E-01  0.4009E-01  0.4707E-01  0.9291E-02  0.5001E-02  0.4974E-02  0.2217E-02  0.4850E-02
     -0.681  0.1331E+00  0.3895E-01  0.3381E-01  0.4675E-01  0.8677E-02  0.5660E-02  0.5063E-02  0.2373E-02  0.5112E-02
     -0.646  0.1261E+00  0.3460E-01  0.2757E-01  0.4671E-01  0.7748E-02  0.6497E-02  0.5163E-02  0.2590E-02  0.5184E-02
     -0.610  0.1144E+00  0.3054E-01  0.2211E-01  0.4642E-01  0.6607E-02  0.7473E-02  0.5257E-02  0.2862E-02  0.5038E-02
     -0.574  0.9970E-01  0.2676E-01  0.1800E-01  0.4536E-01  0.5383E-02  0.8503E-02  0.5319E-02  0.3168E-02  0.4690E-02
     -0.539  0.8396E-01  0.2324E-01  0.1556E-01  0.4330E-01  0.4205E-02  0.9476E-02  0.5320E-02  0.3480E-02  0.4199E-02
     -0.503  0.6880E-01  0.2003E-01  0.1487E-01  0.4041E-01  0.3179E-02  0.1028E-01  0.5229E-02  0.3773E-02  0.3656E-02
     -0.467  0.5537E-01  0.1730E-01  0.1577E-01  0.3730E-01  0.2371E-02  0.1083E-01  0.5029E-02  0.4027E-02  0.3168E-02
     -0.432  0.4423E-01  0.1527E-01  0.1786E-01  0.3486E-01  0.1811E-02  0.1110E-01  0.4730E-02  0.4232E-02  0.2839E-02
     -0.396  0.3556E-01  0.1423E-01  0.2060E-01  0.3407E-01  0.1501E-02  0.1107E-01  0.4375E-02  0.4383E-02  0.2754E-02
     -0.360  0.2930E-01  0.1441E-01  0.2339E-01  0.3573E-01  0.1423E-02  0.1077E-01  0.4043E-02  0.4474E-02  0.2974E-02
     -0.325  0.2531E-01  0.1596E-01  0.2563E-01  0.4024E-01  0.1551E-02  0.1022E-01  0.3832E-02  0.4489E-02  0.3521E-02
     -0.289  0.2344E-01  0.1886E-01  0.2691E-01  0.4746E-01  0.1854E-02  0.9447E-02  0.3834E-02  0.4409E-02  0.4388E-02
     -0.253  0.2351E-01  0.2289E-01  0.2698E-01  0.5670E-01  0.2299E-02  0.8481E-02  0.4109E-02  0.4219E-02  0.5537E-02
     -0.218  0.2538E-01  0.2764E-01  0.2587E-01  0.6691E-01  0.2849E-02  0.7366E-02  0.4658E-02  0.3913E-02  0.6907E-02
     -0.182  0.2884E-01  0.3260E-01  0.2379E-01  0.7685E-01  0.3465E-02  0.6168E-02  0.5420E-02  0.3504E-02  0.8432E-02
     -0.146  0.3368E-01  0.3721E-01  0.2104E-01  0.8542E-01  0.4107E-02  0.4965E-02  0.6269E-02  0.3022E-02  0.1004E-01
     -0.111  0.3960E-01  0.4094E-01  0.1798E-01  0.9181E-01  0.4734E-02  0.3838E-02  0.7049E-02  0.2508E-02  0.1167E-01
     -0.075  0.4619E-01  0.4343E-01  0.1492E-01  0.9558E-01  0.5306E-02  0.2852E-02  0.7602E-02  0.2002E-02  0.1326E-01
     -0.039  0.5292E-01  0.4451E-01  0.1210E-01  0.9660E-01  0.5787E-02  0.2046E-02  0.7811E-02  0.1543E-02  0.1473E-01
     -0.004  0.5918E-01  0.4419E-01  0.9653E-02  0.9497E-01  0.6142E-02  0.1434E-02  0.7623E-02  0.1153E-02  0.1600E-01
      0.032  0.6435E-01  0.4268E-01  0.7671E-02  0.9089E-01  0.6344E-02  0.1010E-02  0.7064E-02  0.8481E-03  0.1693E-01
      0.068  0.6807E-01  0.4035E-01  0.6197E-02  0.8468E-01  0.6380E-02  0.7619E-03  0.6225E-02  0.6331E-03  0.1742E-01
      0.103  0.7038E-01  0.3766E-01  0.5274E-02  0.7680E-01  0.6255E-02  0.6824E-03  0.5240E-02  0.5110E-03  0.1738E-01
      0.139  0.7183E-01  0.3510E-01  0.4969E-02  0.6790E-01  0.6003E-02  0.7743E-03  0.4250E-02  0.4851E-03  0.1677E-01
      0.175  0.7344E-01  0.3315E-01  0.5387E-02  0.5877E-01  0.5679E-02  0.1050E-02  0.3381E-02  0.5602E-03  0.1564E-01
      0.210  0.7645E-01  0.3214E-01  0.6661E-02  0.5021E-01  0.5355E-02  0.1524E-02  0.2722E-02  0.7408E-03  0.1410E-01
      0.246  0.8190E-01  0.3223E-01  0.8917E-02  0.4288E-01  0.5105E-02  0.2197E-02  0.2320E-02  0.1026E-02  0.1233E-01
      0.282  0.9026E-01  0.3330E-01  0.1222E-01  0.3713E-01  0.4979E-02  0.3042E-02  0.2179E-02  0.1403E-02  0.1053E-01
      0.317  0.1011E+00  0.3497E-01  0.1649E-01  0.3295E-01  0.4993E-02  0.3993E-02  0.2268E-02  0.1843E-02  0.8834E-02
      0.353  0.1129E+00  0.3665E-01  0.2146E-01  0.2997E-01  0.5119E-02  0.4948E-02  0.2538E-02  0.2297E-02  0.7359E-02
      0.389  0.1236E+00  0.3769E-01  0.2669E-01  0.2768E-01  0.5291E-02  0.5788E-02  0.2928E-02  0.2709E-02  0.6136E-02
      0.424  0.1309E+00  0.3751E-01  0.3158E-01  0.2554E-01  0.5429E-02  0.6405E-02  0.3387E-02  0.3022E-02  0.5144E-02
      0.460  0.1329E+00  0.3581E-01  0.3556E-01  0.2317E-01  0.5460E-02  0.6744E-02  0.3884E-02  0.3201E-02  0.4335E-02
      0.495  0.1290E+00  0.3262E-01  0.3817E-01  0.2045E-01  0.5347E-02  0.6823E-02  0.4410E-02  0.3240E-02  0.3663E-02
      0.531  0.1196E+00  0.2828E-01  0.3926E-01  0.1749E-01  0.5099E-02  0.6743E-02  0.4970E-02  0.3172E-02  0.3100E-02
      0.567  0.1065E+00  0.2336E-01  0.3896E-01  0.1457E-01  0.4775E-02  0.6656E-02  0.5577E-02  0.3061E-02  0.2649E-02
      0.602  0.9229E-01  0.1849E-01  0.3765E-01  0.1202E-01  0.4464E-02  0.6721E-02  0.6222E-02  0.2982E-02  0.2328E-02
      0.638  0.7940E-01  0.1418E-01  0.3579E-01  0.1010E-01  0.4259E-02  0.7050E-02  0.6872E-02  0.3004E-02  0.2162E-02
      0.674  0.6995E-01  0.1079E-01  0.3380E-01  0.8951E-02  0.4235E-02  0.7659E-02  0.7458E-02  0.3161E-02  0.2165E-02
      0.709  0.6516E-01  0.8426E-02  0.3185E-01  0.8571E-02  0.4429E-02  0.8460E-02  0.7898E-02  0.3448E-02  0.2332E-02
      0.745  0.6528E-01  0.7057E-02  0.2993E-01  0.8842E-02  0.4834E-02  0.9275E-02  0.8113E-02  0.3818E-02  0.2645E-02
      0.781  0.6971E-01  0.6553E-02  0.2790E-01  0.9582E-02  0.5406E-02  0.9897E-02  0.8063E-02  0.4196E-02  0.3072E-02
      0.816  0.7727E-01  0.6770E-02  0.2564E-01  0.1059E-01  0.6079E-02  0.1015E-01  0.7760E-02  0.4500E-02  0.3584E-02
      0.852  0.8654E-01  0.7608E-02  0.2320E-01  0.1170E-01  0.6789E-02  0.9946E-02  0.7275E-02  0.4665E-02  0.4161E-02
      0.888  0.9621E-01  0.9019E-02  0.2089E-01  0.1279E-01  0.7489E-02  0.9324E-02  0.6725E-02  0.4661E-02  0.4788E-02
      0.923  0.1052E+00  0.1099E-01  0.1924E-01  0.1379E-01  0.8156E-02  0.8427E-02  0.6244E-02  0.4500E-02  0.5458E-02
      0.959  0.1129E+00  0.1350E-01  0.1896E-01  0.1466E-01  0.8786E-02  0.7469E-02  0.5954E-02  0.4234E-02  0.6154E-02
      0.995  0.1190E+00  0.1646E-01  0.2075E-01  0.1540E-01  0.9375E-02  0.6674E-02  0.5938E-02  0.3936E-02  0.6839E-02
      1.030  0.1231E+00  0.1965E-01  0.2517E-01  0.1599E-01  0.9900E-02  0.6222E-02  0.6218E-02  0.3688E-02  0.7453E-02
      1.066  0.1252E+00  0.2276E-01  0.3245E-01  0.1641E-01  0.1031E-01  0.6207E-02  0.6760E-02  0.3556E-02  0.7915E-02
      1.102  0.1249E+00  0.2537E-01  0.4236E-01  0.1664E-01  0.1051E-01  0.6620E-02  0.7476E-02  0.3578E-02  0.8148E-02
      1.137  0.1218E+00  0.2707E-01  0.5413E-01  0.1667E-01  0.1044E-01  0.7365E-02  0.8253E-02  0.3757E-02  0.8092E-02
      1.173  0.1158E+00  0.2757E-01  0.6647E-01  0.1650E-01  0.1003E-01  0.8275E-02  0.8973E-02  0.4066E-02  0.7732E-02
      1.209  0.1070E+00  0.2675E-01  0.7776E-01  0.1619E-01  0.9280E-02  0.9155E-02  0.9536E-02  0.4452E-02  0.7104E-02
      1.244  0.9564E-01  0.2474E-01  0.8633E-01  0.1583E-01  0.8256E-02  0.9818E-02  0.9880E-02  0.4857E-02  0.6287E-02
      1.280  0.8273E-01  0.2189E-01  0.9081E-01  0.1551E-01  0.7069E-02  0.1013E-01  0.9976E-02  0.5226E-02  0.5389E-02
      1.316  0.6932E-01  0.1863E-01  0.9048E-01  0.1535E-01  0.5852E-02  0.1001E-01  0.9828E-02  0.5518E-02  0.4514E-02
      1.351  0.5658E-01  0.1541E-01  0.8540E-01  0.1541E-01  0.4728E-02  0.9495E-02  0.9460E-02  0.5712E-02  0.3746E-02
      1.387  0.4548E-01  0.1258E-01  0.7642E-01  0.1570E-01  0.3781E-02  0.8657E-02  0.8910E-02  0.5803E-02  0.3137E-02
      1.423  0.3665E-01  0.1035E-01  0.6491E-01  0.1621E-01  0.3053E-02  0.7638E-02  0.8220E-02  0.5796E-02  0.2703E-02
      1.458  0.3031E-01  0.8759E-02  0.5249E-01  0.1686E-01  0.2541E-02  0.6598E-02  0.7443E-02  0.5698E-02  0.2441E-02
      1.494  0.2629E-01  0.7747E-02  0.4065E-01  0.1759E-01  0.2220E-02  0.5686E-02  0.6639E-02  0.5519E-02  0.2335E-02
      1.530  0.2420E-01  0.7199E-02  0.3055E-01  0.1840E-01  0.2052E-02  0.5028E-02  0.5876E-02  0.5273E-02  0.2377E-02
      1.565  0.2353E-01  0.7017E-02  0.2287E-01  0.1939E-01  0.2006E-02  0.4704E-02  0.5226E-02  0.4979E-02  0.2575E-02
      1.601  0.2387E-01  0.7160E-02  0.1787E-01  0.2077E-01  0.2064E-02  0.4746E-02  0.4754E-02  0.4668E-02  0.2961E-02
      1.637  0.2494E-01  0.7662E-02  0.1542E-01  0.2290E-01  0.2223E-02  0.5129E-02  0.4508E-02  0.4371E-02  0.3589E-02
      1.672  0.2667E-01  0.8611E-02  0.1513E-01  0.2613E-01  0.2489E-02  0.5769E-02  0.4500E-02  0.4114E-02  0.4521E-02
      1.708  0.2906E-01  0.1011E-01  0.1644E-01  0.3075E-01  0.2872E-02  0.6527E-02  0.4707E-02  0.3905E-02  0.5803E-02
      1.744  0.3216E-01  0.1223E-01  0.1866E-01  0.3678E-01  0.3378E-02  0.7233E-02  0.5060E-02  0.3728E-02  0.7439E-02
      1.779  0.3591E-01  0.1496E-01  0.2111E-01  0.4393E-01  0.3999E-02  0.7717E-02  0.5461E-02  0.3555E-02  0.9360E-02
      1.815  0.4015E-01  0.1818E-01  0.2313E-01  0.5157E-01  0.4717E-02  0.7854E-02  0.5802E-02  0.3350E-02  0.1141E-01
      1.851  0.4456E-01  0.2170E-01  0.2423E-01  0.5888E-01  0.5507E-02  0.7593E-02  0.5990E-02  0.3092E-02  0.1338E-01
      1.886  0.4877E-01  0.2528E-01  0.2415E-01  0.6502E-01  0.6342E-02  0.6977E-02  0.5970E-02  0.2781E-02  0.1498E-01
      1.922  0.5243E-01  0.2868E-01  0.2285E-01  0.6938E-01  0.7205E-02  0.6128E-02  0.5740E-02  0.2444E-02  0.1600E-01
      1.958  0.5524E-01  0.3174E-01  0.2058E-01  0.7171E-01  0.8080E-02  0.5210E-02  0.5346E-02  0.2122E-02  0.1626E-01
      1.993  0.5704E-01  0.3436E-01  0.1772E-01  0.7218E-01  0.8945E-02  0.4388E-02  0.4865E-02  0.1858E-02  0.1573E-01
      2.029  0.5782E-01  0.3655E-01  0.1474E-01  0.7128E-01  0.9765E-02  0.3788E-02  0.4387E-02  0.1688E-02  0.1451E-01
      2.065  0.5773E-01  0.3838E-01  0.1212E-01  0.6967E-01  0.1048E-01  0.3467E-02  0.3997E-02  0.1623E-02  0.1278E-01
      2.100  0.5704E-01  0.3998E-01  0.1024E-01  0.6797E-01  0.1101E-01  0.3415E-02  0.3765E-02  0.1655E-02  0.1080E-01
      2.136  0.5615E-01  0.4149E-01  0.9412E-02  0.6669E-01  0.1127E-01  0.3566E-02  0.3751E-02  0.1758E-02  0.8806E-02
      2.172  0.5553E-01  0.4306E-01  0.9845E-02  0.6619E-01  0.1122E-01  0.3829E-02  0.4008E-02  0.1899E-02  0.7001E-02
      2.207  0.5564E-01  0.4480E-01  0.1168E-01  0.6664E-01  0.1084E-01  0.4112E-02  0.4582E-02  0.2048E-02  0.5504E-02
      2.243  0.5682E-01  0.4680E-01  0.1497E-01  0.6813E-01  0.1019E-01  0.4354E-02  0.5502E-02  0.2181E-02  0.4367E-02
      2.279  0.5921E-01  0.4908E-01  0.1961E-01  0.7058E-01  0.9361E-02  0.4536E-02  0.6762E-02  0.2294E-02  0.3594E-02
      2.314  0.6263E-01  0.5154E-01  0.2530E-01  0.7373E-01  0.8497E-02  0.4681E-02  0.8297E-02  0.2388E-02  0.3159E-02
      2.350  0.6665E-01  0.5405E-01  0.3150E-01  0.7713E-01  0.7739E-02  0.4838E-02  0.9972E-02  0.2476E-02  0.3034E-02
      2.386  0.7068E-01  0.5640E-01  0.3743E-01  0.8007E-01  0.7214E-02  0.5059E-02  0.1160E-01  0.2566E-02  0.3197E-02
      2.421  0.7411E-01  0.5847E-01  0.4220E-01  0.8181E-01  0.7015E-02  0.5385E-02  0.1295E-01  0.2665E-02  0.3637E-02
      2.457  0.7659E-01  0.6027E-01  0.4503E-01  0.8169E-01  0.7192E-02  0.5829E-02  0.1384E-01  0.2773E-02  0.4341E-02
      2.493  0.7806E-01  0.6204E-01  0.4539E-01  0.7938E-01  0.7746E-02  0.6376E-02  0.1415E-01  0.2894E-02  0.5285E-02
      2.528  0.7879E-01  0.6411E-01  0.4321E-01  0.7498E-01  0.8631E-02  0.6993E-02  0.1389E-01  0.3033E-02  0.6420E-02
      2.564  0.7920E-01  0.6680E-01  0.3886E-01  0.6899E-01  0.9749E-02  0.7632E-02  0.1315E-01  0.3196E-02  0.7660E-02
      2.600  0.7965E-01  0.7020E-01  0.3305E-01  0.6215E-01  0.1096E-01  0.8243E-02  0.1211E-01  0.3392E-02  0.8887E-02
      2.635  0.8021E-01  0.7398E-01  0.2665E-01  0.5523E-01  0.1210E-01  0.8771E-02  0.1095E-01  0.3621E-02  0.9960E-02
      2.671  0.8059E-01  0.7742E-01  0.2045E-01  0.4884E-01  0.1299E-01  0.9164E-02  0.9826E-02  0.3877E-02  0.1074E-01
      2.707  0.8029E-01  0.7952E-01  0.1505E-01  0.4333E-01  0.1349E-01  0.9379E-02  0.8847E-02  0.4143E-02  0.1113E-01
      2.742  0.7877E-01  0.7936E-01  0.1076E-01  0.3882E-01  0.1354E-01  0.9405E-02  0.8063E-02  0.4403E-02  0.1106E-01
      2.778  0.7576E-01  0.7641E-01  0.7655E-02  0.3531E-01  0.1313E-01  0.9275E-02  0.7499E-02  0.4654E-02  0.1058E-01
      2.814  0.7143E-01  0.7071E-01  0.5658E-02  0.3276E-01  0.1237E-01  0.9079E-02  0.7172E-02  0.4909E-02  0.9760E-02
      2.849  0.6638E-01  0.6293E-01  0.4633E-02  0.3117E-01  0.1142E-01  0.8953E-02  0.7101E-02  0.5200E-02  0.8743E-02
      2.885  0.6146E-01  0.5413E-01  0.4464E-02  0.3053E-01  0.1043E-01  0.9045E-02  0.7297E-02  0.5563E-02  0.7678E-02
      2.920  0.5757E-01  0.4549E-01  0.5092E-02  0.3080E-01  0.9564E-02  0.9468E-02  0.7745E-02  0.6022E-02  0.6692E-02
      2.956  0.5533E-01  0.3796E-01  0.6539E-02  0.3182E-01  0.8907E-02  0.1025E-01  0.8381E-02  0.6573E-02  0.5868E-02
      2.992  0.5498E-01  0.3208E-01  0.8892E-02  0.3331E-01  0.8485E-02  0.1130E-01  0.9096E-02  0.7172E-02  0.5240E-02
      3.027  0.5627E-01  0.2797E-01  0.1229E-01  0.3494E-01  0.8268E-02  0.1244E-01  0.9748E-02  0.7747E-02  0.4798E-02
      3.063  0.5859E-01  0.2536E-01  0.1689E-01  0.3633E-01  0.8190E-02  0.1343E-01  0.1020E-01  0.8216E-02  0.4514E-02
      3.099  0.6114E-01  0.2382E-01  0.2278E-01  0.3720E-01  0.8173E-02  0.1406E-01  0.1033E-01  0.8520E-02  0.4359E-02
      3.134  0.6310E-01  0.2289E-01  0.2997E-01  0.3737E-01  0.8156E-02  0.1421E-01  0.1012E-01  0.8640E-02  0.4321E-02
      3.170  0.6386E-01  0.2221E-01  0.3823E-01  0.3677E-01  0.8102E-02  0.1388E-01  0.9567E-02  0.8606E-02  0.4413E-02
      3.206  0.6307E-01  0.2160E-01  0.4713E-01  0.3546E-01  0.8008E-02  0.1319E-01  0.8771E-02  0.8486E-02  0.4663E-02
      3.241  0.6075E-01  0.2101E-01  0.5601E-01  0.3358E-01  0.7896E-02  0.1234E-01  0.7851E-02  0.8364E-02  0.5102E-02
      3.277  0.5719E-01  0.2048E-01  0.6409E-01  0.3131E-01  0.7802E-02  0.1150E-01  0.6945E-02  0.8307E-02  0.5751E-02
      3.313  0.5289E-01  0.2013E-01  0.7072E-01  0.2889E-01  0.7758E-02  0.1081E-01  0.6177E-02  0.8354E-02  0.6598E-02
      3.348  0.4841E-01  0.2007E-01  0.7546E-01  0.2657E-01  0.7778E-02  0.1032E-01  0.5651E-02  0.8513E-02  0.7599E-02
      3.384  0.4429E-01  0.2036E-01  0.7828E-01  0.2458E-01  0.7848E-02  0.9987E-02  0.5437E-02  0.8771E-02  0.8668E-02
      3.420  0.4085E-01  0.2098E-01  0.7949E-01  0.2312E-01  0.7927E-02  0.9720E-02  0.5569E-02  0.9106E-02  0.9695E-02
      3.455  0.3821E-01  0.2188E-01  0.7958E-01  0.2235E-01  0.7956E-02  0.9421E-02  0.6038E-02  0.9493E-02  0.1056E-01
      3.491  0.3624E-01  0.2290E-01  0.7899E-01  0.2229E-01  0.7876E-02  0.9009E-02  0.6792E-02  0.9898E-02  0.1114E-01
      3.527  0.3467E-01  0.2386E-01  0.7795E-01  0.2286E-01  0.7644E-02  0.8445E-02  0.7731E-02  0.1027E-01  0.1136E-01
      3.562  0.3315E-01  0.2453E-01  0.7634E-01  0.2384E-01  0.7249E-02  0.7727E-02  0.8712E-02  0.1052E-01  0.1120E-01
      3.598  0.3139E-01  0.2470E-01  0.7381E-01  0.2489E-01  0.6719E-02  0.6887E-02  0.9566E-02  0.1057E-01  0.1066E-01
      3.634  0.2926E-01  0.2420E-01  0.6997E-01  0.2567E-01  0.6110E-02  0.5973E-02  0.1013E-01  0.1034E-01  0.9827E-02
      3.669  0.2686E-01  0.2296E-01  0.6455E-01  0.2586E-01  0.5498E-02  0.5042E-02  0.1029E-01  0.9767E-02  0.8793E-02
      3.705  0.2444E-01  0.2107E-01  0.5764E-01  0.2529E-01  0.4958E-02  0.4147E-02  0.9992E-02  0.8882E-02  0.7684E-02
      3.741  0.2240E-01  0.1873E-01  0.4963E-01  0.2395E-01  0.4545E-02  0.3331E-02  0.9288E-02  0.7755E-02  0.6618E-02
      3.776  0.2113E-01  0.1625E-01  0.4121E-01  0.2203E-01  0.4286E-02  0.2627E-02  0.8308E-02  0.6510E-02  0.5689E-02
      3.812  0.2098E-01  0.1400E-01  0.3316E-01  0.1983E-01  0.4183E-02  0.2052E-02  0.7234E-02  0.5283E-02  0.4955E-02
      3.848  0.2210E-01  0.1231E-01  0.2622E-01  0.1767E-01  0.4216E-02  0.1613E-02  0.6263E-02  0.4194E-02  0.4436E-02
      3.883  0.2448E-01  0.1142E-01  0.2096E-01  0.1585E-01  0.4357E-02  0.1308E-02  0.5566E-02  0.3330E-02  0.4112E-02
      3.919  0.2788E-01  0.1144E-01  0.1772E-01  0.1455E-01  0.4575E-02  0.1133E-02  0.5267E-02  0.2733E-02  0.3943E-02
      3.955  0.3189E-01  0.1238E-01  0.1667E-01  0.1380E-01  0.4842E-02  0.1082E-02  0.5437E-02  0.2414E-02  0.3872E-02
      3.990  0.3604E-01  0.1412E-01  0.1789E-01  0.1352E-01  0.5130E-02  0.1151E-02  0.6100E-02  0.2359E-02  0.3848E-02
      4.026  0.3987E-01  0.1644E-01  0.2138E-01  0.1357E-01  0.5408E-02  0.1336E-02  0.7245E-02  0.2548E-02  0.3829E-02
      4.062  0.4303E-01  0.1908E-01  0.2713E-01  0.1375E-01  0.5641E-02  0.1629E-02  0.8825E-02  0.2948E-02  0.3789E-02
      4.097  0.4533E-01  0.2176E-01  0.3509E-01  0.1394E-01  0.5798E-02  0.2010E-02  0.1076E-01  0.3518E-02  0.3718E-02
      4.133  0.4677E-01  0.2420E-01  0.4507E-01  0.1408E-01  0.5854E-02  0.2448E-02  0.1290E-01  0.4194E-02  0.3618E-02
      4.169  0.4743E-01  0.2623E-01  0.5668E-01  0.1426E-01  0.5803E-02  0.2896E-02  0.1508E-01  0.4893E-02  0.3500E-02
      4.204  0.4741E-01  0.2778E-01  0.6923E-01  0.1464E-01  0.5656E-02  0.3298E-02  0.1707E-01  0.5517E-02  0.3377E-02
      4.240  0.4681E-01  0.2890E-01  0.8174E-01  0.1542E-01  0.5447E-02  0.3602E-02  0.1864E-01  0.5964E-02  0.3263E-02
      4.276  0.4566E-01  0.2976E-01  0.9304E-01  0.1678E-01  0.5220E-02  0.3766E-02  0.1959E-01  0.6160E-02  0.3173E-02
      4.311  0.4397E-01  0.3056E-01  0.1019E+00  0.1879E-01  0.5026E-02  0.3771E-02  0.1980E-01  0.6067E-02  0.3119E-02
      4.347  0.4182E-01  0.3147E-01  0.1072E+00  0.2139E-01  0.4915E-02  0.3623E-02  0.1928E-01  0.5699E-02  0.3114E-02
      4.383  0.3939E-01  0.3256E-01  0.1084E+00  0.2444E-01  0.4934E-02  0.3347E-02  0.1812E-01  0.5116E-02  0.3170E-02
      4.418  0.3701E-01  0.3390E-01  0.1051E+00  0.2779E-01  0.5127E-02  0.2984E-02  0.1653E-01  0.4403E-02  0.3299E-02
      4.454  0.3516E-01  0.3556E-01  0.9776E-01  0.3139E-01  0.5538E-02  0.2576E-02  0.1475E-01  0.3658E-02  0.3520E-02
      4.490  0.3445E-01  0.3780E-01  0.8729E-01  0.3543E-01  0.6216E-02  0.2163E-02  0.1303E-01  0.2966E-02  0.3858E-02
      4.525  0.3548E-01  0.4108E-01  0.7489E-01  0.4032E-01  0.7203E-02  0.1780E-02  0.1159E-01  0.2391E-02  0.4344E-02
      4.561  0.3871E-01  0.4604E-01  0.6190E-01  0.4661E-01  0.8525E-02  0.1452E-02  0.1062E-01  0.1972E-02  0.5000E-02
      4.597  0.4430E-01  0.5327E-01  0.4955E-01  0.5478E-01  0.1017E-01  0.1196E-02  0.1018E-01  0.1726E-02  0.5830E-02
      4.632  0.5196E-01  0.6307E-01  0.3878E-01  0.6501E-01  0.1206E-01  0.1022E-02  0.1029E-01  0.1649E-02  0.6799E-02
      4.668  0.6087E-01  0.7512E-01  0.3010E-01  0.7697E-01  0.1404E-01  0.9314E-03  0.1081E-01  0.1723E-02  0.7824E-02
      4.704  0.6974E-01  0.8840E-01  0.2365E-01  0.8977E-01  0.1592E-01  0.9193E-03  0.1156E-01  0.1921E-02  0.8778E-02
      4.739  0.7707E-01  0.1013E+00  0.1922E-01  0.1021E+00  0.1744E-01  0.9778E-03  0.1230E-01  0.2209E-02  0.9515E-02
      4.775  0.8147E-01  0.1118E+00  0.1646E-01  0.1123E+00  0.1840E-01  0.1101E-02  0.1278E-01  0.2552E-02  0.9904E-02
      4.811  0.8202E-01  0.1181E+00  0.1494E-01  0.1191E+00  0.1864E-01  0.1290E-02  0.1285E-01  0.2928E-02  0.9870E-02
      4.846  0.7851E-01  0.1191E+00  0.1433E-01  0.1216E+00  0.1814E-01  0.1559E-02  0.1243E-01  0.3325E-02  0.9418E-02
      4.882  0.7154E-01  0.1145E+00  0.1442E-01  0.1196E+00  0.1698E-01  0.1934E-02  0.1156E-01  0.3752E-02  0.8641E-02
      4.918  0.6227E-01  0.1051E+00  0.1516E-01  0.1134E+00  0.1535E-01  0.2449E-02  0.1037E-01  0.4232E-02  0.7697E-02
      4.953  0.5217E-01  0.9231E-01  0.1660E-01  0.1039E+00  0.1350E-01  0.3131E-02  0.9010E-02  0.4796E-02  0.6778E-02
      4.989  0.4260E-01  0.7789E-01  0.1882E-01  0.9229E-01  0.1169E-01  0.3990E-02  0.7643E-02  0.5469E-02  0.6066E-02
      5.025  0.3457E-01  0.6359E-01  0.2184E-01  0.7970E-01  0.1015E-01  0.4995E-02  0.6385E-02  0.6255E-02  0.5705E-02
      5.060  0.2858E-01  0.5074E-01  0.2554E-01  0.6717E-01  0.9038E-02  0.6073E-02  0.5304E-02  0.7121E-02  0.5772E-02
      5.096  0.2465E-01  0.4013E-01  0.2962E-01  0.5548E-01  0.8432E-02  0.7109E-02  0.4426E-02  0.7995E-02  0.6274E-02
      5.132  0.2244E-01  0.3200E-01  0.3360E-01  0.4517E-01  0.8326E-02  0.7967E-02  0.3741E-02  0.8774E-02  0.7142E-02
      5.167  0.2145E-01  0.2615E-01  0.3691E-01  0.3648E-01  0.8643E-02  0.8521E-02  0.3222E-02  0.9346E-02  0.8241E-02
      5.203  0.2114E-01  0.2211E-01  0.3902E-01  0.2944E-01  0.9250E-02  0.8686E-02  0.2829E-02  0.9613E-02  0.9390E-02
      5.238  0.2108E-01  0.1932E-01  0.3954E-01  0.2393E-01  0.9979E-02  0.8438E-02  0.2526E-02  0.9524E-02  0.1039E-01
      5.274  0.2098E-01  0.1726E-01  0.3835E-01  0.1970E-01  0.1066E-01  0.7827E-02  0.2278E-02  0.9081E-02  0.1106E-01
      5.310  0.2066E-01  0.1552E-01  0.3563E-01  0.1648E-01  0.1113E-01  0.6955E-02  0.2057E-02  0.8340E-02  0.1127E-01
      5.345  0.2007E-01  0.1384E-01  0.3176E-01  0.1400E-01  0.1128E-01  0.5950E-02  0.1845E-02  0.7397E-02  0.1099E-01
      5.381  0.1921E-01  0.1212E-01  0.2726E-01  0.1205E-01  0.1105E-01  0.4936E-02  0.1635E-02  0.6355E-02  0.1026E-01
      5.417  0.1810E-01  0.1036E-01  0.2265E-01  0.1048E-01  0.1046E-01  0.4003E-02  0.1426E-02  0.5310E-02  0.9202E-02
      5.452  0.1676E-01  0.8628E-02  0.1834E-01  0.9161E-02  0.9566E-02  0.3204E-02  0.1222E-02  0.4334E-02  0.7978E-02
      5.488  0.1522E-01  0.7021E-02  0.1457E-01  0.8021E-02  0.8453E-02  0.2548E-02  0.1029E-02  0.3467E-02  0.6739E-02
      5.524  0.1350E-01  0.5617E-02  0.1146E-01  0.7007E-02  0.7232E-02  0.2021E-02  0.8517E-03  0.2728E-02  0.5597E-02
      5.559  0.1167E-01  0.4462E-02  0.8955E-02  0.6083E-02  0.6006E-02  0.1598E-02  0.6927E-03  0.2116E-02  0.4614E-02
      5.595  0.9796E-02  0.3563E-02  0.6979E-02  0.5227E-02  0.4856E-02  0.1252E-02  0.5531E-03  0.1622E-02  0.3801E-02
      5.631  0.7966E-02  0.2890E-02  0.5415E-02  0.4426E-02  0.3836E-02  0.9645E-03  0.4328E-03  0.1232E-02  0.3137E-02
      5.666  0.6269E-02  0.2391E-02  0.4161E-02  0.3676E-02  0.2971E-02  0.7256E-03  0.3309E-03  0.9301E-03  0.2586E-02
      5.702  0.4773E-02  0.2009E-02  0.3145E-02  0.2981E-02  0.2263E-02  0.5295E-03  0.2465E-03  0.6987E-03  0.2114E-02
      5.738  0.3518E-02  0.1692E-02  0.2320E-02  0.2349E-02  0.1699E-02  0.3731E-03  0.1782E-03  0.5226E-03  0.1699E-02
      5.773  0.2513E-02  0.1407E-02  0.1660E-02  0.1792E-02  0.1257E-02  0.2531E-03  0.1247E-03  0.3882E-03  0.1330E-02
      5.809  0.1741E-02  0.1139E-02  0.1145E-02  0.1317E-02  0.9131E-03  0.1651E-03  0.8431E-04  0.2849E-03  0.1008E-02
      5.845  0.1171E-02  0.8870E-03  0.7586E-03  0.9304E-03  0.6487E-03  0.1034E-03  0.5492E-04  0.2050E-03  0.7348E-03
      5.880  0.7637E-03  0.6595E-03  0.4809E-03  0.6295E-03  0.4478E-03  0.6217E-04  0.3442E-04  0.1434E-03  0.5129E-03
      5.916  0.4820E-03  0.4655E-03  0.2911E-03  0.4069E-03  0.2984E-03  0.3587E-04  0.2071E-04  0.9672E-04  0.3416E-03
      5.952  0.2935E-03  0.3107E-03  0.1679E-03  0.2507E-03  0.1908E-03  0.1985E-04  0.1195E-04  0.6251E-04  0.2165E-03
      5.987  0.1719E-03  0.1957E-03  0.9225E-04  0.1470E-03  0.1164E-03  0.1053E-04  0.6604E-05  0.3848E-04  0.1303E-03
      6.023  0.9635E-04  0.1162E-03  0.4820E-04  0.8184E-04  0.6754E-04  0.5351E-05  0.3487E-05  0.2248E-04  0.7436E-04
      6.059  0.5153E-04  0.6488E-04  0.2394E-04  0.4322E-04  0.3711E-04  0.2601E-05  0.1757E-05  0.1242E-04  0.4015E-04
      6.094  0.2619E-04  0.3408E-04  0.1129E-04  0.2162E-04  0.1927E-04  0.1208E-05  0.8433E-06  0.6473E-05  0.2049E-04
      6.130  0.1262E-04  0.1682E-04  0.5058E-05  0.1024E-04  0.9434E-05  0.5352E-06  0.3850E-06  0.3180E-05  0.9873E-05
      6.166  0.5753E-05  0.7805E-05  0.2149E-05  0.4579E-05  0.4352E-05  0.2259E-06  0.1669E-06  0.1470E-05  0.4487E-05
      6.201  0.2475E-05  0.3402E-05  0.8658E-06  0.1934E-05  0.1889E-05  0.9066E-07  0.6865E-07  0.6393E-06  0.1922E-05
      6.237  0.1003E-05  0.1393E-05  0.3305E-06  0.7710E-06  0.7712E-06  0.3457E-07  0.2674E-07  0.2613E-06  0.7755E-06
      6.273  0.3831E-06  0.5354E-06  0.1195E-06  0.2898E-06  0.2959E-06  0.1250E-07  0.9852E-08  0.1004E-06  0.2945E-06
      6.308  0.1376E-06  0.1933E-06  0.4086E-07  0.1026E-06  0.1067E-06  0.4281E-08  0.3430E-08  0.3621E-07  0.1053E-06
      6.344  0.4648E-07  0.6551E-07  0.1321E-07  0.3422E-07  0.3613E-07  0.1388E-08  0.1128E-08  0.1227E-07  0.3538E-07
      6.380  0.1475E-07  0.2085E-07  0.4038E-08  0.1074E-07  0.1149E-07  0.4250E-09  0.3497E-09  0.3905E-08  0.1118E-07
      6.415  0.4400E-08  0.6230E-08  0.1165E-08  0.3172E-08  0.3433E-08  0.1229E-09  0.1022E-09  0.1167E-08  0.3321E-08
      6.451  0.1233E-08  0.1748E-08  0.3170E-09  0.8811E-09  0.9627E-09  0.3355E-10  0.2815E-10  0.3273E-09  0.9270E-09
      6.487  0.3244E-09  0.4602E-09  0.8135E-10  0.2301E-09  0.2535E-09  0.8630E-11  0.7298E-11  0.8618E-10  0.2431E-09
      6.522  0.8014E-10  0.1138E-09  0.1967E-10  0.5650E-10  0.6267E-10  0.2092E-11  0.1781E-11  0.2131E-10  0.5990E-10
      6.558  0.1859E-10  0.2641E-10  0.4481E-11  0.1304E-10  0.1454E-10  0.4775E-12  0.4088E-12  0.4945E-11  0.1386E-10
      6.594  0.4049E-11  0.5753E-11  0.9609E-12  0.2826E-11  0.3168E-11  0.1026E-12  0.8824E-13  0.1078E-11  0.3013E-11
      6.629  0.8278E-12  0.1177E-11  0.1939E-12  0.5756E-12  0.6480E-12  0.2073E-13  0.1791E-13  0.2204E-12  0.6150E-12
      6.665  0.1589E-12  0.2259E-12  0.3680E-13  0.1101E-12  0.1244E-12  0.3941E-14  0.3415E-14  0.4231E-13  0.1179E-12
      6.701  0.2863E-13  0.4071E-13  0.6571E-14  0.1979E-13  0.2242E-13  0.7043E-15  0.6122E-15  0.7626E-14  0.2121E-13
      6.736  0.4842E-14  0.6887E-14  0.1101E-14  0.3338E-14  0.3793E-14  0.1182E-15  0.1030E-15  0.1290E-14  0.3583E-14
      6.772  0.7683E-15  0.1093E-14  0.1750E-15  0.5300E-15  0.6018E-15  0.1878E-16  0.1636E-16  0.2047E-15  0.5687E-15
      6.808  0.1153E-15  0.1640E-15  0.2518E-16  0.7854E-16  0.9033E-16  0.2718E-17  0.2398E-17  0.3073E-16  0.8484E-16
      6.843  0.1609E-16  0.2288E-16  0.3513E-17  0.1096E-16  0.1260E-16  0.3792E-18  0.3346E-18  0.4287E-17  0.1184E-16
      6.879  0.1788E-17  0.2542E-17  0.3904E-18  0.1218E-17  0.1400E-17  0.4213E-19  0.3717E-19  0.4764E-18  0.1315E-17
      6.915  0.0000E+00  0.0000E+00  0.0000E+00  0.0000E+00  0.0000E+00  0.0000E+00  0.0000E+00  0.0000E+00  0.0000E+00
      6.950  0.0000E+00  0.0000E+00  0.0000E+00  0.0000E+00  0.0000E+00  0.0000E+00  0.0000E+00  0.0000E+00  0.0000E+00
      6.986  0.0000E+00  0.0000E+00  0.0000E+00  0.0000E+00  0.0000E+00  0.0000E+00  0.0000E+00  0.0000E+00  0.0000E+00
      7.022  0.0000E+00  0.0000E+00  0.0000E+00  0.0000E+00  0.0000E+00  0.0000E+00  0.0000E+00  0.0000E+00  0.0000E+00
      7.057  0.0000E+00  0.0000E+00  0.0000E+00  0.0000E+00  0.0000E+00  0.0000E+00  0.0000E+00  0.0000E+00  0.0000E+00
      7.093  0.0000E+00  0.0000E+00  0.0000E+00  0.0000E+00  0.0000E+00  0.0000E+00  0.0000E+00  0.0000E+00  0.0000E+00
      7.129  0.0000E+00  0.0000E+00  0.0000E+00  0.0000E+00  0.0000E+00  0.0000E+00  0.0000E+00  0.0000E+00  0.0000E+00
      7.164  0.0000E+00  0.0000E+00  0.0000E+00  0.0000E+00  0.0000E+00  0.0000E+00  0.0000E+00  0.0000E+00  0.0000E+00
      7.200  0.0000E+00  0.0000E+00  0.0000E+00  0.0000E+00  0.0000E+00  0.0000E+00  0.0000E+00  0.0000E+00  0.0000E+00
      7.236  0.0000E+00  0.0000E+00  0.0000E+00  0.0000E+00  0.0000E+00  0.0000E+00  0.0000E+00  0.0000E+00  0.0000E+00
      7.271  0.0000E+00  0.0000E+00  0.0000E+00  0.0000E+00  0.0000E+00  0.0000E+00  0.0000E+00  0.0000E+00  0.0000E+00
      7.307  0.0000E+00  0.0000E+00  0.0000E+00  0.0000E+00  0.0000E+00  0.0000E+00  0.0000E+00  0.0000E+00  0.0000E+00
      7.343  0.0000E+00  0.0000E+00  0.0000E+00  0.0000E+00  0.0000E+00  0.0000E+00  0.0000E+00  0.0000E+00  0.0000E+00
      7.378  0.0000E+00  0.0000E+00  0.0000E+00  0.0000E+00  0.0000E+00  0.0000E+00  0.0000E+00  0.0000E+00  0.0000E+00
      7.414  0.0000E+00  0.0000E+00  0.0000E+00  0.0000E+00  0.0000E+00  0.0000E+00  0.0000E+00  0.0000E+00  0.0000E+00
      7.450  0.0000E+00  0.0000E+00  0.0000E+00  0.0000E+00  0.0000E+00  0.0000E+00  0.0000E+00  0.0000E+00  0.0000E+00
      7.485  0.0000E+00  0.0000E+00  0.0000E+00  0.0000E+00  0.0000E+00  0.0000E+00  0.0000E+00  0.0000E+00  0.0000E+00
      7.521  0.0000E+00  0.0000E+00  0.0000E+00  0.0000E+00  0.0000E+00  0.0000E+00  0.0000E+00  0.0000E+00  0.0000E+00
      7.556  0.0000E+00  0.0000E+00  0.0000E+00  0.0000E+00  0.0000E+00  0.0000E+00  0.0000E+00  0.0000E+00  0.0000E+00
      7.592  0.0000E+00  0.0000E+00  0.0000E+00  0.0000E+00  0.0000E+00  0.0000E+00  0.0000E+00  0.0000E+00  0.0000E+00
      7.628  0.0000E+00  0.0000E+00  0.0000E+00  0.0000E+00  0.0000E+00  0.0000E+00  0.0000E+00  0.0000E+00  0.0000E+00
      7.663  0.0000E+00  0.0000E+00  0.0000E+00  0.0000E+00  0.0000E+00  0.0000E+00  0.0000E+00  0.0000E+00  0.0000E+00
      7.699  0.0000E+00  0.0000E+00  0.0000E+00  0.0000E+00  0.0000E+00  0.0000E+00  0.0000E+00  0.0000E+00  0.0000E+00

