      7.69913864    -27.92678388 1000     -1.48989455      1.00000000
    -27.927  0.0000E+00  0.0000E+00  0.0000E+00  0.0000E+00  0.0000E+00  0.0000E+00  0.0000E+00  0.0000E+00  0.0000E+00
    -27.891  0.0000E+00  0.0000E+00  0.0000E+00  0.0000E+00  0.0000E+00  0.0000E+00  0.0000E+00  0.0000E+00  0.0000E+00
    -27.855  0.0000E+00  0.0000E+00  0.0000E+00  0.0000E+00  0.0000E+00  0.0000E+00  0.0000E+00  0.0000E+00  0.0000E+00
    -27.820  0.0000E+00  0.0000E+00  0.0000E+00  0.0000E+00  0.0000E+00  0.0000E+00  0.0000E+00  0.0000E+00  0.0000E+00
    -27.784  0.0000E+00  0.0000E+00  0.0000E+00  0.0000E+00  0.0000E+00  0.0000E+00  0.0000E+00  0.0000E+00  0.0000E+00
    -27.748  0.0000E+00  0.0000E+00  0.0000E+00  0.0000E+00  0.0000E+00  0.0000E+00  0.0000E+00  0.0000E+00  0.0000E+00
    -27.713  0.0000E+00  0.0000E+00  0.0000E+00  0.0000E+00  0.0000E+00  0.0000E+00  0.0000E+00  0.0000E+00  0.0000E+00
    -27.677  0.0000E+00  0.0000E+00  0.0000E+00  0.0000E+00  0.0000E+00  0.0000E+00  0.0000E+00  0.0000E+00  0.0000E+00
    -27.641  0.0000E+00  0.0000E+00  0.0000E+00  0.0000E+00  0.0000E+00  0.0000E+00  0.0000E+00  0.0000E+00  0.0000E+00
    -27.606  0.0000E+00  0.0000E+00  0.0000E+00  0.0000E+00  0.0000E+00  0.0000E+00  0.0000E+00  0.0000E+00  0.0000E+00
    -27.570  0.0000E+00  0.0000E+00  0.0000E+00  0.0000E+00  0.0000E+00  0.0000E+00  0.0000E+00  0.0000E+00  0.0000E+00
    -27.535  0.0000E+00  0.0000E+00  0.0000E+00  0.0000E+00  0.0000E+00  0.0000E+00  0.0000E+00  0.0000E+00  0.0000E+00
    -27.499  0.0000E+00  0.0000E+00  0.0000E+00  0.0000E+00  0.0000E+00  0.0000E+00  0.0000E+00  0.0000E+00  0.0000E+00
    -27.463  0.0000E+00  0.0000E+00  0.0000E+00  0.0000E+00  0.0000E+00  0.0000E+00  0.0000E+00  0.0000E+00  0.0000E+00
    -27.428  0.0000E+00  0.0000E+00  0.0000E+00  0.0000E+00  0.0000E+00  0.0000E+00  0.0000E+00  0.0000E+00  0.0000E+00
    -27.392  0.0000E+00  0.0000E+00  0.0000E+00  0.0000E+00  0.0000E+00  0.0000E+00  0.0000E+00  0.0000E+00  0.0000E+00
    -27.356  0.0000E+00  0.0000E+00  0.0000E+00  0.0000E+00  0.0000E+00  0.0000E+00  0.0000E+00  0.0000E+00  0.0000E+00
    -27.321  0.0000E+00  0.0000E+00  0.0000E+00  0.0000E+00  0.0000E+00  0.0000E+00  0.0000E+00  0.0000E+00  0.0000E+00
    -27.285  0.0000E+00  0.0000E+00  0.0000E+00  0.0000E+00  0.0000E+00  0.0000E+00  0.0000E+00  0.0000E+00  0.0000E+00
    -27.249  0.0000E+00  0.0000E+00  0.0000E+00  0.0000E+00  0.0000E+00  0.0000E+00  0.0000E+00  0.0000E+00  0.0000E+00
    -27.214  0.0000E+00  0.0000E+00  0.0000E+00  0.0000E+00  0.0000E+00  0.0000E+00  0.0000E+00  0.0000E+00  0.0000E+00
    -27.178  0.0000E+00  0.0000E+00  0.0000E+00  0.0000E+00  0.0000E+00  0.0000E+00  0.0000E+00  0.0000E+00  0.0000E+00
    -27.142  0.0000E+00  0.0000E+00  0.0000E+00  0.0000E+00  0.0000E+00  0.0000E+00  0.0000E+00  0.0000E+00  0.0000E+00
    -27.107  0.2623E-27  0.1078E-28  0.2656E-28  0.2187E-28  0.4056E-27  0.1793E-26  0.3163E-27  0.1405E-28  0.1992E-28
    -27.071  0.1049E-26  0.4311E-28  0.1062E-27  0.8748E-28  0.1623E-26  0.7172E-26  0.1265E-26  0.5621E-28  0.7966E-28
    -27.035  0.9444E-26  0.3880E-27  0.9562E-27  0.7873E-27  0.1460E-25  0.6455E-25  0.1139E-25  0.5059E-27  0.7170E-27
    -27.000  0.6742E-25  0.2770E-26  0.6827E-26  0.5621E-26  0.1043E-24  0.4608E-24  0.8129E-25  0.3611E-26  0.5118E-26
    -26.964  0.4509E-24  0.1853E-25  0.4566E-25  0.3760E-25  0.6973E-24  0.3082E-23  0.5437E-24  0.2415E-25  0.3424E-25
    -26.928  0.2840E-23  0.1167E-24  0.2876E-24  0.2368E-24  0.4392E-23  0.1941E-22  0.3425E-23  0.1521E-24  0.2156E-24
    -26.893  0.1679E-22  0.6897E-24  0.1700E-23  0.1400E-23  0.2596E-22  0.1147E-21  0.2024E-22  0.8992E-24  0.1275E-23
    -26.857  0.9314E-22  0.3826E-23  0.9431E-23  0.7765E-23  0.1440E-21  0.6366E-21  0.1123E-21  0.4989E-23  0.7071E-23
    -26.821  0.4850E-21  0.1993E-22  0.4911E-22  0.4044E-22  0.7500E-21  0.3315E-20  0.5848E-21  0.2598E-22  0.3682E-22
    -26.786  0.2371E-20  0.9741E-22  0.2401E-21  0.1977E-21  0.3666E-20  0.1621E-19  0.2859E-20  0.1270E-21  0.1800E-21
    -26.750  0.1088E-19  0.4470E-21  0.1102E-20  0.9070E-21  0.1682E-19  0.7436E-19  0.1312E-19  0.5828E-21  0.8260E-21
    -26.714  0.4686E-19  0.1925E-20  0.4745E-20  0.3907E-20  0.7246E-19  0.3203E-18  0.5650E-19  0.2510E-20  0.3558E-20
    -26.679  0.1895E-18  0.7783E-20  0.1918E-19  0.1579E-19  0.2930E-18  0.1295E-17  0.2284E-18  0.1015E-19  0.1438E-19
    -26.643  0.7190E-18  0.2954E-19  0.7280E-19  0.5994E-19  0.1112E-17  0.4914E-17  0.8669E-18  0.3851E-19  0.5459E-19
    -26.607  0.2561E-17  0.1052E-18  0.2594E-18  0.2135E-18  0.3961E-17  0.1751E-16  0.3088E-17  0.1372E-18  0.1945E-18
    -26.572  0.8565E-17  0.3519E-18  0.8673E-18  0.7141E-18  0.1324E-16  0.5854E-16  0.1033E-16  0.4588E-18  0.6503E-18
    -26.536  0.2689E-16  0.1105E-17  0.2722E-17  0.2241E-17  0.4157E-16  0.1838E-15  0.3242E-16  0.1440E-17  0.2041E-17
    -26.500  0.7922E-16  0.3255E-17  0.8021E-17  0.6604E-17  0.1225E-15  0.5414E-15  0.9552E-16  0.4243E-17  0.6014E-17
    -26.465  0.2191E-15  0.9002E-17  0.2219E-16  0.1827E-16  0.3388E-15  0.1498E-14  0.2642E-15  0.1174E-16  0.1663E-16
    -26.429  0.5689E-15  0.2337E-16  0.5760E-16  0.4743E-16  0.8796E-15  0.3888E-14  0.6859E-15  0.3047E-16  0.4319E-16
    -26.393  0.1386E-14  0.5696E-16  0.1404E-15  0.1156E-15  0.2144E-14  0.9476E-14  0.1672E-14  0.7426E-16  0.1053E-15
    -26.358  0.3172E-14  0.1303E-15  0.3211E-15  0.2644E-15  0.4904E-14  0.2168E-13  0.3824E-14  0.1699E-15  0.2408E-15
    -26.322  0.6811E-14  0.2798E-15  0.6896E-15  0.5678E-15  0.1053E-13  0.4655E-13  0.8212E-14  0.3648E-15  0.5171E-15
    -26.286  0.1373E-13  0.5641E-15  0.1390E-14  0.1145E-14  0.2123E-13  0.9384E-13  0.1655E-13  0.7354E-15  0.1042E-14
    -26.251  0.2598E-13  0.1068E-14  0.2631E-14  0.2166E-14  0.4017E-13  0.1776E-12  0.3132E-13  0.1392E-14  0.1973E-14
    -26.215  0.4615E-13  0.1897E-14  0.4673E-14  0.3848E-14  0.7136E-13  0.3154E-12  0.5564E-13  0.2472E-14  0.3505E-14
    -26.179  0.7695E-13  0.3164E-14  0.7791E-14  0.6416E-14  0.1190E-12  0.5259E-12  0.9278E-13  0.4122E-14  0.5846E-14
    -26.144  0.1204E-12  0.4959E-14  0.1219E-13  0.1004E-13  0.1863E-12  0.8231E-12  0.1452E-12  0.6451E-14  0.9160E-14
    -26.108  0.1770E-12  0.7305E-14  0.1792E-13  0.1477E-13  0.2737E-12  0.1209E-11  0.2133E-12  0.9478E-14  0.1349E-13
    -26.072  0.2441E-12  0.1014E-13  0.2471E-13  0.2039E-13  0.3777E-12  0.1668E-11  0.2943E-12  0.1307E-13  0.1869E-13
    -26.037  0.3161E-12  0.1329E-13  0.3200E-13  0.2647E-13  0.4894E-12  0.2159E-11  0.3810E-12  0.1693E-13  0.2445E-13
    -26.001  0.3845E-12  0.1661E-13  0.3889E-13  0.3235E-13  0.5959E-12  0.2624E-11  0.4630E-12  0.2058E-13  0.3039E-13
    -25.965  0.4393E-12  0.2009E-13  0.4439E-13  0.3738E-13  0.6828E-12  0.2994E-11  0.5282E-12  0.2349E-13  0.3638E-13
    -25.930  0.4720E-12  0.2420E-13  0.4758E-13  0.4113E-13  0.7382E-12  0.3206E-11  0.5657E-12  0.2518E-13  0.4297E-13
    -25.894  0.4780E-12  0.3027E-13  0.4793E-13  0.4379E-13  0.7576E-12  0.3223E-11  0.5689E-12  0.2539E-13  0.5207E-13
    -25.858  0.4583E-12  0.4091E-13  0.4543E-13  0.4640E-13  0.7472E-12  0.3042E-11  0.5371E-12  0.2410E-13  0.6758E-13
    -25.823  0.4201E-12  0.6031E-13  0.4064E-13  0.5100E-13  0.7247E-12  0.2695E-11  0.4764E-12  0.2164E-13  0.9581E-13
    -25.787  0.3752E-12  0.9420E-13  0.3452E-13  0.6052E-13  0.7176E-12  0.2242E-11  0.3973E-12  0.1852E-13  0.1455E-12
    -25.751  0.3374E-12  0.1492E-12  0.2819E-13  0.7836E-13  0.7578E-12  0.1752E-11  0.3121E-12  0.1536E-13  0.2266E-12
    -25.716  0.3190E-12  0.2313E-12  0.2267E-13  0.1076E-12  0.8739E-12  0.1286E-11  0.2320E-12  0.1271E-13  0.3483E-12
    -25.680  0.3281E-12  0.3438E-12  0.1865E-13  0.1500E-12  0.1083E-11  0.8889E-12  0.1645E-12  0.1094E-13  0.5154E-12
    -25.644  0.3663E-12  0.4845E-12  0.1638E-13  0.2047E-12  0.1385E-11  0.5800E-12  0.1132E-12  0.1020E-13  0.7248E-12
    -25.609  0.4281E-12  0.6437E-12  0.1571E-13  0.2681E-12  0.1754E-11  0.3596E-12  0.7793E-13  0.1036E-13  0.9622E-12
    -25.573  0.5015E-12  0.8046E-12  0.1618E-13  0.3328E-12  0.2143E-11  0.2147E-12  0.5602E-13  0.1112E-13  0.1202E-11
    -25.537  0.5710E-12  0.9449E-12  0.1715E-13  0.3896E-12  0.2490E-11  0.1266E-12  0.4365E-13  0.1209E-13  0.1412E-11
    -25.502  0.6208E-12  0.1042E-11  0.1799E-13  0.4290E-12  0.2733E-11  0.7663E-13  0.3704E-13  0.1284E-13  0.1557E-11
    -25.466  0.6386E-12  0.1079E-11  0.1819E-13  0.4440E-12  0.2824E-11  0.4969E-13  0.3313E-13  0.1307E-13  0.1612E-11
    -25.430  0.6189E-12  0.1049E-11  0.1749E-13  0.4315E-12  0.2742E-11  0.3520E-13  0.2989E-13  0.1260E-13  0.1567E-11
    -25.395  0.5641E-12  0.9574E-12  0.1588E-13  0.3937E-12  0.2501E-11  0.2669E-13  0.2632E-13  0.1146E-13  0.1430E-11
    -25.359  0.4829E-12  0.8201E-12  0.1358E-13  0.3373E-12  0.2142E-11  0.2075E-13  0.2218E-13  0.9799E-14  0.1225E-11
    -25.323  0.3882E-12  0.6595E-12  0.1091E-13  0.2712E-12  0.1723E-11  0.1591E-13  0.1770E-13  0.7874E-14  0.9851E-12
    -25.288  0.2930E-12  0.4979E-12  0.8229E-14  0.2047E-12  0.1300E-11  0.1175E-13  0.1331E-13  0.5942E-14  0.7436E-12
    -25.252  0.2076E-12  0.3528E-12  0.5830E-14  0.1451E-12  0.9214E-12  0.8239E-14  0.9419E-14  0.4210E-14  0.5269E-12
    -25.217  0.1381E-12  0.2347E-12  0.3877E-14  0.9650E-13  0.6129E-12  0.5455E-14  0.6261E-14  0.2800E-14  0.3505E-12
    -25.181  0.8623E-13  0.1465E-12  0.2421E-14  0.6025E-13  0.3827E-12  0.3399E-14  0.3908E-14  0.1748E-14  0.2189E-12
    -25.145  0.5054E-13  0.8588E-13  0.1419E-14  0.3532E-13  0.2243E-12  0.1990E-14  0.2290E-14  0.1025E-14  0.1283E-12
    -25.110  0.2781E-13  0.4725E-13  0.7807E-15  0.1943E-13  0.1234E-12  0.1094E-14  0.1260E-14  0.5638E-15  0.7058E-13
    -25.074  0.1436E-13  0.2441E-13  0.4032E-15  0.1004E-13  0.6374E-13  0.5652E-15  0.6507E-15  0.2912E-15  0.3645E-13
    -25.038  0.6963E-14  0.1183E-13  0.1955E-15  0.4866E-14  0.3090E-13  0.2740E-15  0.3155E-15  0.1412E-15  0.1767E-13
    -25.003  0.3169E-14  0.5385E-14  0.8897E-16  0.2214E-14  0.1406E-13  0.1247E-15  0.1436E-15  0.6425E-16  0.8043E-14
    -24.967  0.1354E-14  0.2300E-14  0.3801E-16  0.9459E-15  0.6008E-14  0.5326E-16  0.6133E-16  0.2745E-16  0.3436E-14
    -24.931  0.5429E-15  0.9225E-15  0.1524E-16  0.3793E-15  0.2409E-14  0.2136E-16  0.2460E-16  0.1101E-16  0.1378E-14
    -24.896  0.2044E-15  0.3472E-15  0.5737E-17  0.1428E-15  0.9069E-15  0.8040E-17  0.9258E-17  0.4143E-17  0.5186E-15
    -24.860  0.7221E-16  0.1227E-15  0.2027E-17  0.5045E-16  0.3204E-15  0.2841E-17  0.3271E-17  0.1464E-17  0.1833E-15
    -24.824  0.2395E-16  0.4070E-16  0.6724E-18  0.1673E-16  0.1063E-15  0.9422E-18  0.1085E-17  0.4855E-18  0.6078E-16
    -24.789  0.7457E-17  0.1267E-16  0.2093E-18  0.5210E-17  0.3309E-16  0.2934E-18  0.3378E-18  0.1512E-18  0.1892E-16
    -24.753  0.2179E-17  0.3703E-17  0.6118E-19  0.1523E-17  0.9671E-17  0.8574E-19  0.9874E-19  0.4418E-19  0.5531E-17
    -24.717  0.5979E-18  0.1016E-17  0.1678E-19  0.4177E-18  0.2653E-17  0.2352E-19  0.2709E-19  0.1212E-19  0.1517E-17
    -24.682  0.1540E-18  0.2616E-18  0.4322E-20  0.1076E-18  0.6832E-18  0.6057E-20  0.6975E-20  0.3121E-20  0.3907E-18
    -24.646  0.3722E-19  0.6324E-19  0.1045E-20  0.2600E-19  0.1652E-18  0.1464E-20  0.1686E-20  0.7545E-21  0.9445E-19
    -24.610  0.8444E-20  0.1435E-19  0.2371E-21  0.5900E-20  0.3747E-19  0.3322E-21  0.3826E-21  0.1712E-21  0.2143E-19
    -24.575  0.1799E-20  0.3056E-20  0.5049E-22  0.1257E-20  0.7981E-20  0.7076E-22  0.8148E-22  0.3646E-22  0.4565E-20
    -24.539  0.3596E-21  0.6110E-21  0.1009E-22  0.2512E-21  0.1596E-20  0.1415E-22  0.1629E-22  0.7290E-23  0.9126E-21
    -24.503  0.6748E-22  0.1147E-21  0.1894E-23  0.4715E-22  0.2994E-21  0.2655E-23  0.3057E-23  0.1368E-23  0.1713E-21
    -24.468  0.1189E-22  0.2020E-22  0.3337E-24  0.8305E-23  0.5275E-22  0.4676E-24  0.5385E-24  0.2410E-24  0.3017E-22
    -24.432  0.1965E-23  0.3340E-23  0.5518E-25  0.1373E-23  0.8722E-23  0.7732E-25  0.8905E-25  0.3985E-25  0.4988E-23
    -24.396  0.3050E-24  0.5182E-24  0.8562E-26  0.2131E-24  0.1353E-23  0.1200E-25  0.1382E-25  0.6183E-26  0.7740E-24
    -24.361  0.4427E-25  0.7522E-25  0.1243E-26  0.3093E-25  0.1965E-24  0.1742E-26  0.2006E-26  0.8975E-27  0.1124E-24
    -24.325  0.5622E-26  0.9552E-26  0.1578E-27  0.3928E-26  0.2495E-25  0.2212E-27  0.2547E-27  0.1140E-27  0.1427E-25
    -24.289  0.1405E-26  0.2388E-26  0.3946E-28  0.9820E-27  0.6237E-26  0.5529E-28  0.6367E-28  0.2849E-28  0.3567E-26
    -24.254  0.0000E+00  0.0000E+00  0.0000E+00  0.0000E+00  0.0000E+00  0.0000E+00  0.0000E+00  0.0000E+00  0.0000E+00
    -24.218  0.0000E+00  0.0000E+00  0.0000E+00  0.0000E+00  0.0000E+00  0.0000E+00  0.0000E+00  0.0000E+00  0.0000E+00
    -24.182  0.0000E+00  0.0000E+00  0.0000E+00  0.0000E+00  0.0000E+00  0.0000E+00  0.0000E+00  0.0000E+00  0.0000E+00
    -24.147  0.0000E+00  0.0000E+00  0.0000E+00  0.0000E+00  0.0000E+00  0.0000E+00  0.0000E+00  0.0000E+00  0.0000E+00
    -24.111  0.0000E+00  0.0000E+00  0.0000E+00  0.0000E+00  0.0000E+00  0.0000E+00  0.0000E+00  0.0000E+00  0.0000E+00
    -24.075  0.0000E+00  0.0000E+00  0.0000E+00  0.0000E+00  0.0000E+00  0.0000E+00  0.0000E+00  0.0000E+00  0.0000E+00
    -24.040  0.0000E+00  0.0000E+00  0.0000E+00  0.0000E+00  0.0000E+00  0.0000E+00  0.0000E+00  0.0000E+00  0.0000E+00
    -24.004  0.0000E+00  0.0000E+00  0.0000E+00  0.0000E+00  0.0000E+00  0.0000E+00  0.0000E+00  0.0000E+00  0.0000E+00
    -23.968  0.0000E+00  0.0000E+00  0.0000E+00  0.0000E+00  0.0000E+00  0.0000E+00  0.0000E+00  0.0000E+00  0.0000E+00
    -23.933  0.0000E+00  0.0000E+00  0.0000E+00  0.0000E+00  0.0000E+00  0.0000E+00  0.0000E+00  0.0000E+00  0.0000E+00
    -23.897  0.0000E+00  0.0000E+00  0.0000E+00  0.0000E+00  0.0000E+00  0.0000E+00  0.0000E+00  0.0000E+00  0.0000E+00
    -23.861  0.0000E+00  0.0000E+00  0.0000E+00  0.0000E+00  0.0000E+00  0.0000E+00  0.0000E+00  0.0000E+00  0.0000E+00
    -23.826  0.0000E+00  0.0000E+00  0.0000E+00  0.0000E+00  0.0000E+00  0.0000E+00  0.0000E+00  0.0000E+00  0.0000E+00
    -23.790  0.0000E+00  0.0000E+00  0.0000E+00  0.0000E+00  0.0000E+00  0.0000E+00  0.0000E+00  0.0000E+00  0.0000E+00
    -23.754  0.0000E+00  0.0000E+00  0.0000E+00  0.0000E+00  0.0000E+00  0.0000E+00  0.0000E+00  0.0000E+00  0.0000E+00
    -23.719  0.0000E+00  0.0000E+00  0.0000E+00  0.0000E+00  0.0000E+00  0.0000E+00  0.0000E+00  0.0000E+00  0.0000E+00
    -23.683  0.0000E+00  0.0000E+00  0.0000E+00  0.0000E+00  0.0000E+00  0.0000E+00  0.0000E+00  0.0000E+00  0.0000E+00
    -23.647  0.0000E+00  0.0000E+00  0.0000E+00  0.0000E+00  0.0000E+00  0.0000E+00  0.0000E+00  0.0000E+00  0.0000E+00
    -23.612  0.0000E+00  0.0000E+00  0.0000E+00  0.0000E+00  0.0000E+00  0.0000E+00  0.0000E+00  0.0000E+00  0.0000E+00
    -23.576  0.0000E+00  0.0000E+00  0.0000E+00  0.0000E+00  0.0000E+00  0.0000E+00  0.0000E+00  0.0000E+00  0.0000E+00
    -23.540  0.0000E+00  0.0000E+00  0.0000E+00  0.0000E+00  0.0000E+00  0.0000E+00  0.0000E+00  0.0000E+00  0.0000E+00
    -23.505  0.0000E+00  0.0000E+00  0.0000E+00  0.0000E+00  0.0000E+00  0.0000E+00  0.0000E+00  0.0000E+00  0.0000E+00
    -23.469  0.0000E+00  0.0000E+00  0.0000E+00  0.0000E+00  0.0000E+00  0.0000E+00  0.0000E+00  0.0000E+00  0.0000E+00
    -23.433  0.0000E+00  0.0000E+00  0.0000E+00  0.0000E+00  0.0000E+00  0.0000E+00  0.0000E+00  0.0000E+00  0.0000E+00
    -23.398  0.0000E+00  0.0000E+00  0.0000E+00  0.0000E+00  0.0000E+00  0.0000E+00  0.0000E+00  0.0000E+00  0.0000E+00
    -23.362  0.0000E+00  0.0000E+00  0.0000E+00  0.0000E+00  0.0000E+00  0.0000E+00  0.0000E+00  0.0000E+00  0.0000E+00
    -23.326  0.0000E+00  0.0000E+00  0.0000E+00  0.0000E+00  0.0000E+00  0.0000E+00  0.0000E+00  0.0000E+00  0.0000E+00
    -23.291  0.0000E+00  0.0000E+00  0.0000E+00  0.0000E+00  0.0000E+00  0.0000E+00  0.0000E+00  0.0000E+00  0.0000E+00
    -23.255  0.0000E+00  0.0000E+00  0.0000E+00  0.0000E+00  0.0000E+00  0.0000E+00  0.0000E+00  0.0000E+00  0.0000E+00
    -23.219  0.0000E+00  0.0000E+00  0.0000E+00  0.0000E+00  0.0000E+00  0.0000E+00  0.0000E+00  0.0000E+00  0.0000E+00
    -23.184  0.0000E+00  0.0000E+00  0.0000E+00  0.0000E+00  0.0000E+00  0.0000E+00  0.0000E+00  0.0000E+00  0.0000E+00
    -23.148  0.0000E+00  0.0000E+00  0.0000E+00  0.0000E+00  0.0000E+00  0.0000E+00  0.0000E+00  0.0000E+00  0.0000E+00
    -23.112  0.0000E+00  0.0000E+00  0.0000E+00  0.0000E+00  0.0000E+00  0.0000E+00  0.0000E+00  0.0000E+00  0.0000E+00
    -23.077  0.0000E+00  0.0000E+00  0.0000E+00  0.0000E+00  0.0000E+00  0.0000E+00  0.0000E+00  0.0000E+00  0.0000E+00
    -23.041  0.0000E+00  0.0000E+00  0.0000E+00  0.0000E+00  0.0000E+00  0.0000E+00  0.0000E+00  0.0000E+00  0.0000E+00
    -23.005  0.0000E+00  0.0000E+00  0.0000E+00  0.0000E+00  0.0000E+00  0.0000E+00  0.0000E+00  0.0000E+00  0.0000E+00
    -22.970  0.0000E+00  0.0000E+00  0.0000E+00  0.0000E+00  0.0000E+00  0.0000E+00  0.0000E+00  0.0000E+00  0.0000E+00
    -22.934  0.0000E+00  0.0000E+00  0.0000E+00  0.0000E+00  0.0000E+00  0.0000E+00  0.0000E+00  0.0000E+00  0.0000E+00
    -22.899  0.0000E+00  0.0000E+00  0.0000E+00  0.0000E+00  0.0000E+00  0.0000E+00  0.0000E+00  0.0000E+00  0.0000E+00
    -22.863  0.0000E+00  0.0000E+00  0.0000E+00  0.0000E+00  0.0000E+00  0.0000E+00  0.0000E+00  0.0000E+00  0.0000E+00
    -22.827  0.0000E+00  0.0000E+00  0.0000E+00  0.0000E+00  0.0000E+00  0.0000E+00  0.0000E+00  0.0000E+00  0.0000E+00
    -22.792  0.0000E+00  0.0000E+00  0.0000E+00  0.0000E+00  0.0000E+00  0.0000E+00  0.0000E+00  0.0000E+00  0.0000E+00
    -22.756  0.0000E+00  0.0000E+00  0.0000E+00  0.0000E+00  0.0000E+00  0.0000E+00  0.0000E+00  0.0000E+00  0.0000E+00
    -22.720  0.0000E+00  0.0000E+00  0.0000E+00  0.0000E+00  0.0000E+00  0.0000E+00  0.0000E+00  0.0000E+00  0.0000E+00
    -22.685  0.0000E+00  0.0000E+00  0.0000E+00  0.0000E+00  0.0000E+00  0.0000E+00  0.0000E+00  0.0000E+00  0.0000E+00
    -22.649  0.0000E+00  0.0000E+00  0.0000E+00  0.0000E+00  0.0000E+00  0.0000E+00  0.0000E+00  0.0000E+00  0.0000E+00
    -22.613  0.0000E+00  0.0000E+00  0.0000E+00  0.0000E+00  0.0000E+00  0.0000E+00  0.0000E+00  0.0000E+00  0.0000E+00
    -22.578  0.0000E+00  0.0000E+00  0.0000E+00  0.0000E+00  0.0000E+00  0.0000E+00  0.0000E+00  0.0000E+00  0.0000E+00
    -22.542  0.0000E+00  0.0000E+00  0.0000E+00  0.0000E+00  0.0000E+00  0.0000E+00  0.0000E+00  0.0000E+00  0.0000E+00
    -22.506  0.0000E+00  0.0000E+00  0.0000E+00  0.0000E+00  0.0000E+00  0.0000E+00  0.0000E+00  0.0000E+00  0.0000E+00
    -22.471  0.0000E+00  0.0000E+00  0.0000E+00  0.0000E+00  0.0000E+00  0.0000E+00  0.0000E+00  0.0000E+00  0.0000E+00
    -22.435  0.0000E+00  0.0000E+00  0.0000E+00  0.0000E+00  0.0000E+00  0.0000E+00  0.0000E+00  0.0000E+00  0.0000E+00
    -22.399  0.0000E+00  0.0000E+00  0.0000E+00  0.0000E+00  0.0000E+00  0.0000E+00  0.0000E+00  0.0000E+00  0.0000E+00
    -22.364  0.0000E+00  0.0000E+00  0.0000E+00  0.0000E+00  0.0000E+00  0.0000E+00  0.0000E+00  0.0000E+00  0.0000E+00
    -22.328  0.0000E+00  0.0000E+00  0.0000E+00  0.0000E+00  0.0000E+00  0.0000E+00  0.0000E+00  0.0000E+00  0.0000E+00
    -22.292  0.0000E+00  0.0000E+00  0.0000E+00  0.0000E+00  0.0000E+00  0.0000E+00  0.0000E+00  0.0000E+00  0.0000E+00
    -22.257  0.0000E+00  0.0000E+00  0.0000E+00  0.0000E+00  0.0000E+00  0.0000E+00  0.0000E+00  0.0000E+00  0.0000E+00
    -22.221  0.0000E+00  0.0000E+00  0.0000E+00  0.0000E+00  0.0000E+00  0.0000E+00  0.0000E+00  0.0000E+00  0.0000E+00
    -22.185  0.0000E+00  0.0000E+00  0.0000E+00  0.0000E+00  0.0000E+00  0.0000E+00  0.0000E+00  0.0000E+00  0.0000E+00
    -22.150  0.0000E+00  0.0000E+00  0.0000E+00  0.0000E+00  0.0000E+00  0.0000E+00  0.0000E+00  0.0000E+00  0.0000E+00
    -22.114  0.0000E+00  0.0000E+00  0.0000E+00  0.0000E+00  0.0000E+00  0.0000E+00  0.0000E+00  0.0000E+00  0.0000E+00
    -22.078  0.0000E+00  0.0000E+00  0.0000E+00  0.0000E+00  0.0000E+00  0.0000E+00  0.0000E+00  0.0000E+00  0.0000E+00
    -22.043  0.0000E+00  0.0000E+00  0.0000E+00  0.0000E+00  0.0000E+00  0.0000E+00  0.0000E+00  0.0000E+00  0.0000E+00
    -22.007  0.0000E+00  0.0000E+00  0.0000E+00  0.0000E+00  0.0000E+00  0.0000E+00  0.0000E+00  0.0000E+00  0.0000E+00
    -21.971  0.0000E+00  0.0000E+00  0.0000E+00  0.0000E+00  0.0000E+00  0.0000E+00  0.0000E+00  0.0000E+00  0.0000E+00
    -21.936  0.0000E+00  0.0000E+00  0.0000E+00  0.0000E+00  0.0000E+00  0.0000E+00  0.0000E+00  0.0000E+00  0.0000E+00
    -21.900  0.0000E+00  0.0000E+00  0.0000E+00  0.0000E+00  0.0000E+00  0.0000E+00  0.0000E+00  0.0000E+00  0.0000E+00
    -21.864  0.0000E+00  0.0000E+00  0.0000E+00  0.0000E+00  0.0000E+00  0.0000E+00  0.0000E+00  0.0000E+00  0.0000E+00
    -21.829  0.0000E+00  0.0000E+00  0.0000E+00  0.0000E+00  0.0000E+00  0.0000E+00  0.0000E+00  0.0000E+00  0.0000E+00
    -21.793  0.0000E+00  0.0000E+00  0.0000E+00  0.0000E+00  0.0000E+00  0.0000E+00  0.0000E+00  0.0000E+00  0.0000E+00
    -21.757  0.0000E+00  0.0000E+00  0.0000E+00  0.0000E+00  0.0000E+00  0.0000E+00  0.0000E+00  0.0000E+00  0.0000E+00
    -21.722  0.0000E+00  0.0000E+00  0.0000E+00  0.0000E+00  0.0000E+00  0.0000E+00  0.0000E+00  0.0000E+00  0.0000E+00
    -21.686  0.0000E+00  0.0000E+00  0.0000E+00  0.0000E+00  0.0000E+00  0.0000E+00  0.0000E+00  0.0000E+00  0.0000E+00
    -21.650  0.0000E+00  0.0000E+00  0.0000E+00  0.0000E+00  0.0000E+00  0.0000E+00  0.0000E+00  0.0000E+00  0.0000E+00
    -21.615  0.0000E+00  0.0000E+00  0.0000E+00  0.0000E+00  0.0000E+00  0.0000E+00  0.0000E+00  0.0000E+00  0.0000E+00
    -21.579  0.0000E+00  0.0000E+00  0.0000E+00  0.0000E+00  0.0000E+00  0.0000E+00  0.0000E+00  0.0000E+00  0.0000E+00
    -21.543  0.0000E+00  0.0000E+00  0.0000E+00  0.0000E+00  0.0000E+00  0.0000E+00  0.0000E+00  0.0000E+00  0.0000E+00
    -21.508  0.0000E+00  0.0000E+00  0.0000E+00  0.0000E+00  0.0000E+00  0.0000E+00  0.0000E+00  0.0000E+00  0.0000E+00
    -21.472  0.0000E+00  0.0000E+00  0.0000E+00  0.0000E+00  0.0000E+00  0.0000E+00  0.0000E+00  0.0000E+00  0.0000E+00
    -21.436  0.0000E+00  0.0000E+00  0.0000E+00  0.0000E+00  0.0000E+00  0.0000E+00  0.0000E+00  0.0000E+00  0.0000E+00
    -21.401  0.0000E+00  0.0000E+00  0.0000E+00  0.0000E+00  0.0000E+00  0.0000E+00  0.0000E+00  0.0000E+00  0.0000E+00
    -21.365  0.0000E+00  0.0000E+00  0.0000E+00  0.0000E+00  0.0000E+00  0.0000E+00  0.0000E+00  0.0000E+00  0.0000E+00
    -21.329  0.0000E+00  0.0000E+00  0.0000E+00  0.0000E+00  0.0000E+00  0.0000E+00  0.0000E+00  0.0000E+00  0.0000E+00
    -21.294  0.0000E+00  0.0000E+00  0.0000E+00  0.0000E+00  0.0000E+00  0.0000E+00  0.0000E+00  0.0000E+00  0.0000E+00
    -21.258  0.0000E+00  0.0000E+00  0.0000E+00  0.0000E+00  0.0000E+00  0.0000E+00  0.0000E+00  0.0000E+00  0.0000E+00
    -21.222  0.0000E+00  0.0000E+00  0.0000E+00  0.0000E+00  0.0000E+00  0.0000E+00  0.0000E+00  0.0000E+00  0.0000E+00
    -21.187  0.0000E+00  0.0000E+00  0.0000E+00  0.0000E+00  0.0000E+00  0.0000E+00  0.0000E+00  0.0000E+00  0.0000E+00
    -21.151  0.0000E+00  0.0000E+00  0.0000E+00  0.0000E+00  0.0000E+00  0.0000E+00  0.0000E+00  0.0000E+00  0.0000E+00
    -21.115  0.0000E+00  0.0000E+00  0.0000E+00  0.0000E+00  0.0000E+00  0.0000E+00  0.0000E+00  0.0000E+00  0.0000E+00
    -21.080  0.0000E+00  0.0000E+00  0.0000E+00  0.0000E+00  0.0000E+00  0.0000E+00  0.0000E+00  0.0000E+00  0.0000E+00
    -21.044  0.0000E+00  0.0000E+00  0.0000E+00  0.0000E+00  0.0000E+00  0.0000E+00  0.0000E+00  0.0000E+00  0.0000E+00
    -21.008  0.0000E+00  0.0000E+00  0.0000E+00  0.0000E+00  0.0000E+00  0.0000E+00  0.0000E+00  0.0000E+00  0.0000E+00
    -20.973  0.0000E+00  0.0000E+00  0.0000E+00  0.0000E+00  0.0000E+00  0.0000E+00  0.0000E+00  0.0000E+00  0.0000E+00
    -20.937  0.0000E+00  0.0000E+00  0.0000E+00  0.0000E+00  0.0000E+00  0.0000E+00  0.0000E+00  0.0000E+00  0.0000E+00
    -20.901  0.0000E+00  0.0000E+00  0.0000E+00  0.0000E+00  0.0000E+00  0.0000E+00  0.0000E+00  0.0000E+00  0.0000E+00
    -20.866  0.0000E+00  0.0000E+00  0.0000E+00  0.0000E+00  0.0000E+00  0.0000E+00  0.0000E+00  0.0000E+00  0.0000E+00
    -20.830  0.0000E+00  0.0000E+00  0.0000E+00  0.0000E+00  0.0000E+00  0.0000E+00  0.0000E+00  0.0000E+00  0.0000E+00
    -20.794  0.0000E+00  0.0000E+00  0.0000E+00  0.0000E+00  0.0000E+00  0.0000E+00  0.0000E+00  0.0000E+00  0.0000E+00
    -20.759  0.0000E+00  0.0000E+00  0.0000E+00  0.0000E+00  0.0000E+00  0.0000E+00  0.0000E+00  0.0000E+00  0.0000E+00
    -20.723  0.0000E+00  0.0000E+00  0.0000E+00  0.0000E+00  0.0000E+00  0.0000E+00  0.0000E+00  0.0000E+00  0.0000E+00
    -20.687  0.0000E+00  0.0000E+00  0.0000E+00  0.0000E+00  0.0000E+00  0.0000E+00  0.0000E+00  0.0000E+00  0.0000E+00
    -20.652  0.0000E+00  0.0000E+00  0.0000E+00  0.0000E+00  0.0000E+00  0.0000E+00  0.0000E+00  0.0000E+00  0.0000E+00
    -20.616  0.0000E+00  0.0000E+00  0.0000E+00  0.0000E+00  0.0000E+00  0.0000E+00  0.0000E+00  0.0000E+00  0.0000E+00
    -20.580  0.0000E+00  0.0000E+00  0.0000E+00  0.0000E+00  0.0000E+00  0.0000E+00  0.0000E+00  0.0000E+00  0.0000E+00
    -20.545  0.0000E+00  0.0000E+00  0.0000E+00  0.0000E+00  0.0000E+00  0.0000E+00  0.0000E+00  0.0000E+00  0.0000E+00
    -20.509  0.0000E+00  0.0000E+00  0.0000E+00  0.0000E+00  0.0000E+00  0.0000E+00  0.0000E+00  0.0000E+00  0.0000E+00
    -20.474  0.0000E+00  0.0000E+00  0.0000E+00  0.0000E+00  0.0000E+00  0.0000E+00  0.0000E+00  0.0000E+00  0.0000E+00
    -20.438  0.0000E+00  0.0000E+00  0.0000E+00  0.0000E+00  0.0000E+00  0.0000E+00  0.0000E+00  0.0000E+00  0.0000E+00
    -20.402  0.0000E+00  0.0000E+00  0.0000E+00  0.0000E+00  0.0000E+00  0.0000E+00  0.0000E+00  0.0000E+00  0.0000E+00
    -20.367  0.0000E+00  0.0000E+00  0.0000E+00  0.0000E+00  0.0000E+00  0.0000E+00  0.0000E+00  0.0000E+00  0.0000E+00
    -20.331  0.0000E+00  0.0000E+00  0.0000E+00  0.0000E+00  0.0000E+00  0.0000E+00  0.0000E+00  0.0000E+00  0.0000E+00
    -20.295  0.0000E+00  0.0000E+00  0.0000E+00  0.0000E+00  0.0000E+00  0.0000E+00  0.0000E+00  0.0000E+00  0.0000E+00
    -20.260  0.0000E+00  0.0000E+00  0.0000E+00  0.0000E+00  0.0000E+00  0.0000E+00  0.0000E+00  0.0000E+00  0.0000E+00
    -20.224  0.4557E-25  0.2187E-26  0.2570E-26  0.5937E-27  0.9807E-26  0.1608E-27  0.6503E-27  0.3945E-27  0.2626E-26
    -20.188  0.1823E-24  0.8749E-26  0.1028E-25  0.2375E-26  0.3923E-25  0.6434E-27  0.2601E-26  0.1578E-26  0.1051E-25
    -20.153  0.1413E-23  0.6780E-25  0.7968E-25  0.1841E-25  0.3040E-24  0.4986E-26  0.2016E-25  0.1223E-25  0.8142E-25
    -20.117  0.1030E-22  0.4943E-24  0.5809E-24  0.1342E-24  0.2216E-23  0.3635E-25  0.1470E-24  0.8916E-25  0.5936E-24
    -20.081  0.6927E-22  0.3325E-23  0.3907E-23  0.9025E-24  0.1491E-22  0.2445E-24  0.9884E-24  0.5997E-24  0.3992E-23
    -20.046  0.4381E-21  0.2102E-22  0.2471E-22  0.5707E-23  0.9427E-22  0.1546E-23  0.6250E-23  0.3792E-23  0.2525E-22
    -20.010  0.2600E-20  0.1248E-21  0.1466E-21  0.3387E-22  0.5595E-21  0.9176E-23  0.3710E-22  0.2251E-22  0.1498E-21
    -19.974  0.1448E-19  0.6951E-21  0.8169E-21  0.1887E-21  0.3117E-20  0.5112E-22  0.2067E-21  0.1254E-21  0.8347E-21
    -19.939  0.7575E-19  0.3635E-20  0.4272E-20  0.9868E-21  0.1630E-19  0.2673E-21  0.1081E-20  0.6557E-21  0.4365E-20
    -19.903  0.3718E-18  0.1784E-19  0.2097E-19  0.4844E-20  0.8001E-19  0.1312E-20  0.5305E-20  0.3219E-20  0.2143E-19
    -19.867  0.1713E-17  0.8222E-19  0.9662E-19  0.2232E-19  0.3687E-18  0.6046E-20  0.2444E-19  0.1483E-19  0.9873E-19
    -19.832  0.7410E-17  0.3556E-18  0.4179E-18  0.9654E-19  0.1595E-17  0.2615E-19  0.1057E-18  0.6414E-19  0.4270E-18
    -19.796  0.3008E-16  0.1444E-17  0.1697E-17  0.3919E-18  0.6474E-17  0.1062E-18  0.4292E-18  0.2604E-18  0.1734E-17
    -19.760  0.1146E-15  0.5502E-17  0.6466E-17  0.1494E-17  0.2467E-16  0.4046E-18  0.1636E-17  0.9924E-18  0.6607E-17
    -19.725  0.4101E-15  0.1968E-16  0.2313E-16  0.5343E-17  0.8825E-16  0.1447E-17  0.5852E-17  0.3550E-17  0.2363E-16
    -19.689  0.1377E-14  0.6609E-16  0.7767E-16  0.1794E-16  0.2964E-15  0.4860E-17  0.1965E-16  0.1192E-16  0.7936E-16
    -19.653  0.4341E-14  0.2083E-15  0.2448E-15  0.5655E-16  0.9341E-15  0.1532E-16  0.6193E-16  0.3757E-16  0.2502E-15
    -19.618  0.1284E-13  0.6164E-15  0.7243E-15  0.1673E-15  0.2764E-14  0.4533E-16  0.1833E-15  0.1112E-15  0.7402E-15
    -19.582  0.3567E-13  0.1712E-14  0.2012E-14  0.4647E-15  0.7676E-14  0.1259E-15  0.5090E-15  0.3088E-15  0.2056E-14
    -19.546  0.9300E-13  0.4463E-14  0.5245E-14  0.1212E-14  0.2001E-13  0.3282E-15  0.1327E-14  0.8050E-15  0.5359E-14
    -19.511  0.2276E-12  0.1092E-13  0.1284E-13  0.2965E-14  0.4898E-13  0.8032E-15  0.3247E-14  0.1970E-14  0.1312E-13
    -19.475  0.5228E-12  0.2509E-13  0.2949E-13  0.6811E-14  0.1125E-12  0.1845E-14  0.7460E-14  0.4526E-14  0.3013E-13
    -19.439  0.1127E-11  0.5411E-13  0.6359E-13  0.1469E-13  0.2426E-12  0.3979E-14  0.1609E-13  0.9759E-14  0.6497E-13
    -19.404  0.2282E-11  0.1095E-12  0.1287E-12  0.2973E-13  0.4911E-12  0.8054E-14  0.3256E-13  0.1976E-13  0.1315E-12
    -19.368  0.4336E-11  0.2081E-12  0.2446E-12  0.5650E-13  0.9332E-12  0.1530E-13  0.6187E-13  0.3754E-13  0.2499E-12
    -19.332  0.7735E-11  0.3712E-12  0.4362E-12  0.1008E-12  0.1665E-11  0.2730E-13  0.1104E-12  0.6696E-13  0.4458E-12
    -19.297  0.1295E-10  0.6215E-12  0.7304E-12  0.1687E-12  0.2787E-11  0.4571E-13  0.1848E-12  0.1121E-12  0.7464E-12
    -19.261  0.2035E-10  0.9768E-12  0.1148E-11  0.2652E-12  0.4380E-11  0.7184E-13  0.2904E-12  0.1762E-12  0.1173E-11
    -19.225  0.3003E-10  0.1441E-11  0.1694E-11  0.3912E-12  0.6462E-11  0.1060E-12  0.4285E-12  0.2600E-12  0.1731E-11
    -19.190  0.4159E-10  0.1996E-11  0.2346E-11  0.5418E-12  0.8950E-11  0.1468E-12  0.5934E-12  0.3600E-12  0.2397E-11
    -19.154  0.5407E-10  0.2595E-11  0.3049E-11  0.7044E-12  0.1164E-10  0.1908E-12  0.7715E-12  0.4680E-12  0.3116E-11
    -19.118  0.6598E-10  0.3167E-11  0.3721E-11  0.8597E-12  0.1420E-10  0.2329E-12  0.9415E-12  0.5712E-12  0.3803E-11
    -19.083  0.7559E-10  0.3628E-11  0.4263E-11  0.9848E-12  0.1627E-10  0.2668E-12  0.1079E-11  0.6543E-12  0.4356E-11
    -19.047  0.8128E-10  0.3901E-11  0.4584E-11  0.1059E-11  0.1749E-10  0.2869E-12  0.1160E-11  0.7036E-12  0.4684E-11
    -19.011  0.8205E-10  0.3938E-11  0.4628E-11  0.1069E-11  0.1766E-10  0.2896E-12  0.1171E-11  0.7103E-12  0.4729E-11
    -18.976  0.7775E-10  0.3731E-11  0.4385E-11  0.1013E-11  0.1673E-10  0.2744E-12  0.1109E-11  0.6730E-12  0.4481E-11
    -18.940  0.6916E-10  0.3319E-11  0.3900E-11  0.9010E-12  0.1488E-10  0.2441E-12  0.9868E-12  0.5987E-12  0.3986E-11
    -18.904  0.5774E-10  0.2771E-11  0.3257E-11  0.7523E-12  0.1243E-10  0.2038E-12  0.8239E-12  0.4999E-12  0.3328E-11
    -18.869  0.4526E-10  0.2172E-11  0.2553E-11  0.5897E-12  0.9740E-11  0.1597E-12  0.6458E-12  0.3918E-12  0.2608E-11
    -18.833  0.3330E-10  0.1598E-11  0.1878E-11  0.4338E-12  0.7166E-11  0.1175E-12  0.4751E-12  0.2883E-12  0.1919E-11
    -18.797  0.2300E-10  0.1104E-11  0.1297E-11  0.2996E-12  0.4949E-11  0.8117E-13  0.3282E-12  0.1991E-12  0.1325E-11
    -18.762  0.1491E-10  0.7156E-12  0.8409E-12  0.1943E-12  0.3209E-11  0.5262E-13  0.2127E-12  0.1291E-12  0.8593E-12
    -18.726  0.9074E-11  0.4355E-12  0.5118E-12  0.1182E-12  0.1953E-11  0.3202E-13  0.1295E-12  0.7855E-13  0.5230E-12
    -18.690  0.5184E-11  0.2488E-12  0.2924E-12  0.6754E-13  0.1116E-11  0.1829E-13  0.7397E-13  0.4487E-13  0.2988E-12
    -18.655  0.2780E-11  0.1334E-12  0.1568E-12  0.3622E-13  0.5982E-12  0.9811E-14  0.3966E-13  0.2406E-13  0.1602E-12
    -18.619  0.1399E-11  0.6716E-13  0.7892E-13  0.1823E-13  0.3011E-12  0.4939E-14  0.1997E-13  0.1211E-13  0.8065E-13
    -18.583  0.6612E-12  0.3173E-13  0.3729E-13  0.8615E-14  0.1423E-12  0.2334E-14  0.9435E-14  0.5724E-14  0.3811E-13
    -18.548  0.2933E-12  0.1408E-13  0.1654E-13  0.3821E-14  0.6312E-13  0.1035E-14  0.4185E-14  0.2539E-14  0.1690E-13
    -18.512  0.1221E-12  0.5861E-14  0.6888E-14  0.1591E-14  0.2628E-13  0.4310E-15  0.1742E-14  0.1057E-14  0.7038E-14
    -18.476  0.4773E-13  0.2291E-14  0.2692E-14  0.6218E-15  0.1027E-13  0.1685E-15  0.6810E-15  0.4132E-15  0.2751E-14
    -18.441  0.1751E-13  0.8404E-15  0.9876E-15  0.2281E-15  0.3768E-14  0.6180E-16  0.2499E-15  0.1516E-15  0.1009E-14
    -18.405  0.6031E-14  0.2894E-15  0.3401E-15  0.7857E-16  0.1298E-14  0.2128E-16  0.8605E-16  0.5220E-16  0.3476E-15
    -18.369  0.1950E-14  0.9356E-16  0.1100E-15  0.2540E-16  0.4195E-15  0.6881E-17  0.2782E-16  0.1688E-16  0.1124E-15
    -18.334  0.5916E-15  0.2839E-16  0.3337E-16  0.7708E-17  0.1273E-15  0.2088E-17  0.8441E-17  0.5121E-17  0.3410E-16
    -18.298  0.1686E-15  0.8088E-17  0.9506E-17  0.2196E-17  0.3627E-16  0.5948E-18  0.2405E-17  0.1459E-17  0.9713E-17
    -18.262  0.4522E-16  0.2163E-17  0.2550E-17  0.5871E-18  0.9728E-17  0.1593E-18  0.6458E-18  0.3904E-18  0.2603E-17
    -18.227  0.1215E-16  0.5434E-18  0.6808E-18  0.1475E-18  0.2598E-17  0.4153E-19  0.1764E-18  0.9946E-19  0.6854E-18
    -18.191  0.6752E-17  0.1310E-18  0.3587E-18  0.3525E-19  0.1373E-17  0.1726E-19  0.1111E-18  0.3067E-19  0.3167E-18
    -18.156  0.1922E-16  0.4263E-19  0.9827E-18  0.1014E-19  0.3770E-17  0.3787E-19  0.3413E-18  0.3976E-19  0.7772E-18
    -18.120  0.7979E-16  0.6727E-19  0.4068E-17  0.1213E-19  0.1561E-16  0.1535E-18  0.1426E-17  0.1493E-18  0.3186E-17
    -18.084  0.3198E-15  0.2476E-18  0.1630E-16  0.4262E-19  0.6256E-16  0.6146E-18  0.5717E-17  0.5954E-18  0.1276E-16
    -18.049  0.1205E-14  0.9292E-18  0.6144E-16  0.1595E-18  0.2357E-15  0.2316E-17  0.2154E-16  0.2243E-17  0.4810E-16
    -18.013  0.4264E-14  0.3286E-17  0.2173E-15  0.5640E-18  0.8339E-15  0.8192E-17  0.7620E-16  0.7934E-17  0.1701E-15
    -17.977  0.1416E-13  0.1091E-16  0.7217E-15  0.1873E-17  0.2769E-14  0.2720E-16  0.2530E-15  0.2635E-16  0.5649E-15
    -17.942  0.4413E-13  0.3401E-16  0.2249E-14  0.5837E-17  0.8631E-14  0.8478E-16  0.7887E-15  0.8212E-16  0.1761E-14
    -17.906  0.1291E-12  0.9951E-16  0.6581E-14  0.1708E-16  0.2525E-13  0.2481E-15  0.2308E-14  0.2403E-15  0.5152E-14
    -17.870  0.3546E-12  0.2733E-15  0.1808E-13  0.4691E-16  0.6935E-13  0.6813E-15  0.6338E-14  0.6599E-15  0.1415E-13
    -17.835  0.9142E-12  0.7046E-15  0.4660E-13  0.1209E-15  0.1788E-12  0.1756E-14  0.1634E-13  0.1701E-14  0.3648E-13
    -17.799  0.2212E-11  0.1705E-14  0.1128E-12  0.2926E-15  0.4327E-12  0.4251E-14  0.3954E-13  0.4117E-14  0.8828E-13
    -17.763  0.5026E-11  0.3874E-14  0.2562E-12  0.6648E-15  0.9830E-12  0.9656E-14  0.8983E-13  0.9353E-14  0.2006E-12
    -17.728  0.1072E-10  0.8260E-14  0.5463E-12  0.1418E-14  0.2096E-11  0.2059E-13  0.1915E-12  0.1994E-13  0.4277E-12
    -17.692  0.2145E-10  0.1653E-13  0.1094E-11  0.2838E-14  0.4196E-11  0.4122E-13  0.3834E-12  0.3992E-13  0.8560E-12
    -17.656  0.4031E-10  0.3107E-13  0.2055E-11  0.5332E-14  0.7884E-11  0.7745E-13  0.7205E-12  0.7501E-13  0.1609E-11
    -17.621  0.7110E-10  0.5480E-13  0.3624E-11  0.9405E-14  0.1391E-10  0.1366E-12  0.1271E-11  0.1323E-12  0.2837E-11
    -17.585  0.1177E-09  0.9073E-13  0.6001E-11  0.1557E-13  0.2302E-10  0.2262E-12  0.2104E-11  0.2191E-12  0.4697E-11
    -17.549  0.1830E-09  0.1410E-12  0.9326E-11  0.2420E-13  0.3578E-10  0.3515E-12  0.3270E-11  0.3405E-12  0.7301E-11
    -17.514  0.2669E-09  0.2057E-12  0.1361E-10  0.3531E-13  0.5221E-10  0.5129E-12  0.4771E-11  0.4967E-12  0.1065E-10
    -17.478  0.3656E-09  0.2818E-12  0.1863E-10  0.4836E-13  0.7150E-10  0.7024E-12  0.6534E-11  0.6803E-12  0.1459E-10
    -17.442  0.4700E-09  0.3622E-12  0.2396E-10  0.6217E-13  0.9192E-10  0.9030E-12  0.8400E-11  0.8746E-12  0.1875E-10
    -17.407  0.5671E-09  0.4371E-12  0.2891E-10  0.7502E-13  0.1109E-09  0.1090E-11  0.1014E-10  0.1055E-11  0.2263E-10
    -17.371  0.6425E-09  0.4952E-12  0.3275E-10  0.8499E-13  0.1257E-09  0.1234E-11  0.1148E-10  0.1196E-11  0.2564E-10
    -17.335  0.6832E-09  0.5266E-12  0.3483E-10  0.9037E-13  0.1336E-09  0.1313E-11  0.1221E-10  0.1271E-11  0.2726E-10
    -17.300  0.6820E-09  0.5256E-12  0.3476E-10  0.9021E-13  0.1334E-09  0.1310E-11  0.1219E-10  0.1269E-11  0.2721E-10
    -17.264  0.6390E-09  0.4925E-12  0.3257E-10  0.8453E-13  0.1250E-09  0.1228E-11  0.1142E-10  0.1189E-11  0.2550E-10
    -17.228  0.5621E-09  0.4332E-12  0.2865E-10  0.7435E-13  0.1099E-09  0.1080E-11  0.1005E-10  0.1046E-11  0.2243E-10
    -17.193  0.4641E-09  0.3577E-12  0.2366E-10  0.6139E-13  0.9077E-10  0.8917E-12  0.8295E-11  0.8637E-12  0.1852E-10
    -17.157  0.3597E-09  0.2772E-12  0.1834E-10  0.4758E-13  0.7035E-10  0.6911E-12  0.6429E-11  0.6694E-12  0.1435E-10
    -17.121  0.2617E-09  0.2017E-12  0.1334E-10  0.3462E-13  0.5119E-10  0.5028E-12  0.4678E-11  0.4870E-12  0.1044E-10
    -17.086  0.1787E-09  0.1378E-12  0.9111E-11  0.2364E-13  0.3496E-10  0.3434E-12  0.3195E-11  0.3326E-12  0.7133E-11
    -17.050  0.1146E-09  0.8832E-13  0.5841E-11  0.1516E-13  0.2241E-10  0.2202E-12  0.2048E-11  0.2132E-12  0.4573E-11
    -17.014  0.6896E-10  0.5315E-13  0.3515E-11  0.9122E-14  0.1349E-10  0.1325E-12  0.1233E-11  0.1283E-12  0.2752E-11
    -16.979  0.3896E-10  0.3003E-13  0.1986E-11  0.5153E-14  0.7620E-11  0.7485E-13  0.6963E-12  0.7250E-13  0.1555E-11
    -16.943  0.2066E-10  0.1592E-13  0.1053E-11  0.2733E-14  0.4041E-11  0.3969E-13  0.3692E-12  0.3845E-13  0.8244E-12
    -16.907  0.1028E-10  0.7926E-14  0.5242E-12  0.1360E-14  0.2011E-11  0.1976E-13  0.1838E-12  0.1914E-13  0.4104E-12
    -16.872  0.4805E-11  0.3704E-14  0.2449E-12  0.6356E-15  0.9399E-12  0.9233E-14  0.8589E-13  0.8942E-14  0.1918E-12
    -16.836  0.2108E-11  0.1625E-14  0.1074E-12  0.2788E-15  0.4122E-12  0.4050E-14  0.3767E-13  0.3922E-14  0.8411E-13
    -16.800  0.8678E-12  0.6689E-15  0.4424E-13  0.1148E-15  0.1697E-12  0.1667E-14  0.1551E-13  0.1615E-14  0.3463E-13
    -16.765  0.3354E-12  0.2585E-15  0.1710E-13  0.4437E-16  0.6560E-13  0.6444E-15  0.5995E-14  0.6242E-15  0.1338E-13
    -16.729  0.1217E-12  0.9379E-16  0.6203E-14  0.1610E-16  0.2380E-13  0.2338E-15  0.2175E-14  0.2265E-15  0.4856E-14
    -16.693  0.4144E-13  0.3194E-16  0.2112E-14  0.5482E-17  0.8105E-14  0.7962E-16  0.7407E-15  0.7712E-16  0.1654E-14
    -16.658  0.1325E-13  0.1021E-16  0.6753E-15  0.1752E-17  0.2591E-14  0.2545E-16  0.2368E-15  0.2465E-16  0.5286E-15
    -16.622  0.3975E-14  0.3064E-17  0.2026E-15  0.5259E-18  0.7775E-15  0.7638E-17  0.7105E-16  0.7398E-17  0.1586E-15
    -16.586  0.1120E-14  0.8630E-18  0.5708E-16  0.1481E-18  0.2190E-15  0.2151E-17  0.2001E-16  0.2084E-17  0.4468E-16
    -16.551  0.2961E-15  0.2282E-18  0.1509E-16  0.3916E-19  0.5791E-16  0.5689E-18  0.5292E-17  0.5510E-18  0.1181E-16
    -16.515  0.7348E-16  0.5664E-19  0.3746E-17  0.9720E-20  0.1437E-16  0.1412E-18  0.1313E-17  0.1367E-18  0.2932E-17
    -16.479  0.1712E-16  0.1319E-19  0.8727E-18  0.2265E-20  0.3348E-17  0.3289E-19  0.3060E-18  0.3186E-19  0.6831E-18
    -16.444  0.3744E-17  0.2885E-20  0.1908E-18  0.4952E-21  0.7322E-18  0.7193E-20  0.6691E-19  0.6967E-20  0.1494E-18
    -16.408  0.7685E-18  0.5923E-21  0.3917E-19  0.1017E-21  0.1503E-18  0.1477E-20  0.1374E-19  0.1430E-20  0.3067E-19
    -16.372  0.1481E-18  0.1141E-21  0.7548E-20  0.1959E-22  0.2896E-19  0.2845E-21  0.2647E-20  0.2756E-21  0.5909E-20
    -16.337  0.2678E-19  0.2064E-22  0.1365E-20  0.3543E-23  0.5238E-20  0.5146E-22  0.4787E-21  0.4984E-22  0.1069E-20
    -16.301  0.4547E-20  0.3505E-23  0.2318E-21  0.6015E-24  0.8894E-21  0.8737E-23  0.8128E-22  0.8462E-23  0.1815E-21
    -16.265  0.7240E-21  0.5580E-24  0.3691E-22  0.9577E-25  0.1416E-21  0.1391E-23  0.1294E-22  0.1347E-23  0.2889E-22
    -16.230  0.1089E-21  0.8391E-25  0.5549E-23  0.1440E-25  0.2129E-22  0.2092E-24  0.1946E-23  0.2026E-24  0.4344E-23
    -16.194  0.1523E-22  0.1174E-25  0.7761E-24  0.2014E-26  0.2978E-23  0.2925E-25  0.2721E-24  0.2834E-25  0.6076E-24
    -16.158  0.2284E-23  0.1760E-26  0.1164E-24  0.3021E-27  0.4467E-24  0.4388E-26  0.4082E-25  0.4250E-26  0.9114E-25
    -16.123  0.8663E-25  0.6673E-23  0.2545E-25  0.2602E-23  0.1396E-24  0.5234E-24  0.5773E-25  0.1899E-24  0.1473E-25
    -16.087  0.5486E-24  0.4226E-22  0.1612E-24  0.1648E-22  0.8844E-24  0.3315E-23  0.3656E-24  0.1203E-23  0.9329E-25
    -16.051  0.4014E-23  0.3092E-21  0.1179E-23  0.1206E-21  0.6470E-23  0.2425E-22  0.2675E-23  0.8798E-23  0.6825E-24
    -16.016  0.2758E-22  0.2124E-20  0.8102E-23  0.8285E-21  0.4445E-22  0.1666E-21  0.1838E-22  0.6044E-22  0.4689E-23
    -15.980  0.1770E-21  0.1363E-19  0.5199E-22  0.5317E-20  0.2853E-21  0.1069E-20  0.1179E-21  0.3879E-21  0.3009E-22
    -15.944  0.1067E-20  0.8219E-19  0.3135E-21  0.3206E-19  0.1720E-20  0.6447E-20  0.7111E-21  0.2339E-20  0.1814E-21
    -15.909  0.6038E-20  0.4651E-18  0.1774E-20  0.1814E-18  0.9734E-20  0.3648E-19  0.4024E-20  0.1323E-19  0.1027E-20
    -15.873  0.3207E-19  0.2471E-17  0.9423E-20  0.9636E-18  0.5171E-19  0.1938E-18  0.2138E-19  0.7030E-19  0.5454E-20
    -15.838  0.1599E-18  0.1232E-16  0.4698E-19  0.4805E-17  0.2578E-18  0.9662E-18  0.1066E-18  0.3505E-18  0.2719E-19
    -15.802  0.7485E-18  0.5765E-16  0.2199E-18  0.2249E-16  0.1207E-17  0.4522E-17  0.4988E-18  0.1641E-17  0.1273E-18
    -15.766  0.3288E-17  0.2533E-15  0.9661E-18  0.9879E-16  0.5301E-17  0.1987E-16  0.2192E-17  0.7208E-17  0.5591E-18
    -15.731  0.1356E-16  0.1045E-14  0.3984E-17  0.4074E-15  0.2186E-16  0.8193E-16  0.9038E-17  0.2972E-16  0.2306E-17
    -15.695  0.5249E-16  0.4043E-14  0.1542E-16  0.1577E-14  0.8462E-16  0.3172E-15  0.3498E-16  0.1151E-15  0.8926E-17
    -15.659  0.1907E-15  0.1469E-13  0.5604E-16  0.5730E-14  0.3075E-15  0.1152E-14  0.1271E-15  0.4181E-15  0.3243E-16
    -15.624  0.6506E-15  0.5011E-13  0.1911E-15  0.1955E-13  0.1049E-14  0.3931E-14  0.4336E-15  0.1426E-14  0.1106E-15
    -15.588  0.2083E-14  0.1604E-12  0.6120E-15  0.6258E-13  0.3358E-14  0.1259E-13  0.1388E-14  0.4566E-14  0.3542E-15
    -15.552  0.6260E-14  0.4822E-12  0.1839E-14  0.1881E-12  0.1009E-13  0.3782E-13  0.4172E-14  0.1372E-13  0.1064E-14
    -15.517  0.1766E-13  0.1360E-11  0.5189E-14  0.5306E-12  0.2847E-13  0.1067E-12  0.1177E-13  0.3871E-13  0.3003E-14
    -15.481  0.4677E-13  0.3603E-11  0.1374E-13  0.1405E-11  0.7540E-13  0.2826E-12  0.3117E-13  0.1025E-12  0.7953E-14
    -15.445  0.1163E-12  0.8955E-11  0.3416E-13  0.3493E-11  0.1874E-12  0.7025E-12  0.7748E-13  0.2548E-12  0.1977E-13
    -15.410  0.2713E-12  0.2090E-10  0.7970E-13  0.8150E-11  0.4374E-12  0.1639E-11  0.1808E-12  0.5947E-12  0.4613E-13
    -15.374  0.5943E-12  0.4577E-10  0.1746E-12  0.1785E-10  0.9580E-12  0.3590E-11  0.3960E-12  0.1303E-11  0.1010E-12
    -15.338  0.1222E-11  0.9411E-10  0.3590E-12  0.3671E-10  0.1970E-11  0.7382E-11  0.8143E-12  0.2678E-11  0.2078E-12
    -15.303  0.2358E-11  0.1816E-09  0.6928E-12  0.7085E-10  0.3802E-11  0.1425E-10  0.1572E-11  0.5169E-11  0.4010E-12
    -15.267  0.4273E-11  0.3291E-09  0.1255E-11  0.1284E-09  0.6888E-11  0.2581E-10  0.2848E-11  0.9365E-11  0.7265E-12
    -15.231  0.7267E-11  0.5597E-09  0.2135E-11  0.2183E-09  0.1171E-10  0.4390E-10  0.4843E-11  0.1593E-10  0.1236E-11
    -15.196  0.1160E-10  0.8936E-09  0.3408E-11  0.3485E-09  0.1870E-10  0.7009E-10  0.7731E-11  0.2543E-10  0.1973E-11
    -15.160  0.1739E-10  0.1339E-08  0.5108E-11  0.5223E-09  0.2803E-10  0.1050E-09  0.1159E-10  0.3811E-10  0.2956E-11
    -15.124  0.2446E-10  0.1884E-08  0.7185E-11  0.7347E-09  0.3943E-10  0.1478E-09  0.1630E-10  0.5361E-10  0.4159E-11
    -15.089  0.3230E-10  0.2488E-08  0.9488E-11  0.9703E-09  0.5206E-10  0.1951E-09  0.2152E-10  0.7079E-10  0.5492E-11
    -15.053  0.4003E-10  0.3084E-08  0.1176E-10  0.1203E-08  0.6454E-10  0.2419E-09  0.2668E-10  0.8775E-10  0.6807E-11
    -15.017  0.4658E-10  0.3588E-08  0.1369E-10  0.1399E-08  0.7510E-10  0.2815E-09  0.3105E-10  0.1021E-09  0.7921E-11
    -14.982  0.5088E-10  0.3919E-08  0.1495E-10  0.1529E-08  0.8203E-10  0.3074E-09  0.3391E-10  0.1115E-09  0.8652E-11
    -14.946  0.5217E-10  0.4019E-08  0.1533E-10  0.1567E-08  0.8411E-10  0.3152E-09  0.3477E-10  0.1144E-09  0.8871E-11
    -14.910  0.5022E-10  0.3868E-08  0.1475E-10  0.1509E-08  0.8095E-10  0.3034E-09  0.3347E-10  0.1101E-09  0.8539E-11
    -14.875  0.4537E-10  0.3495E-08  0.1333E-10  0.1363E-08  0.7314E-10  0.2741E-09  0.3024E-10  0.9945E-10  0.7715E-11
    -14.839  0.3848E-10  0.2964E-08  0.1131E-10  0.1156E-08  0.6203E-10  0.2325E-09  0.2564E-10  0.8434E-10  0.6543E-11
    -14.803  0.3064E-10  0.2360E-08  0.9000E-11  0.9204E-09  0.4939E-10  0.1851E-09  0.2042E-10  0.6715E-10  0.5209E-11
    -14.768  0.2290E-10  0.1764E-08  0.6726E-11  0.6878E-09  0.3691E-10  0.1383E-09  0.1526E-10  0.5018E-10  0.3893E-11
    -14.732  0.1606E-10  0.1237E-08  0.4719E-11  0.4825E-09  0.2589E-10  0.9704E-10  0.1070E-10  0.3521E-10  0.2731E-11
    -14.696  0.1058E-10  0.8147E-09  0.3108E-11  0.3178E-09  0.1705E-10  0.6391E-10  0.7049E-11  0.2318E-10  0.1799E-11
    -14.661  0.6539E-11  0.5036E-09  0.1921E-11  0.1964E-09  0.1054E-10  0.3950E-10  0.4358E-11  0.1433E-10  0.1112E-11
    -14.625  0.3794E-11  0.2923E-09  0.1115E-11  0.1140E-09  0.6116E-11  0.2292E-10  0.2529E-11  0.8316E-11  0.6452E-12
    -14.589  0.2067E-11  0.1592E-09  0.6072E-12  0.6209E-10  0.3332E-11  0.1249E-10  0.1377E-11  0.4530E-11  0.3514E-12
    -14.554  0.1057E-11  0.8140E-10  0.3105E-12  0.3175E-10  0.1704E-11  0.6385E-11  0.7043E-12  0.2316E-11  0.1797E-12
    -14.518  0.5073E-12  0.3907E-10  0.1490E-12  0.1524E-10  0.8177E-12  0.3065E-11  0.3380E-12  0.1112E-11  0.8625E-13
    -14.482  0.2290E-12  0.1760E-10  0.6717E-13  0.6866E-11  0.3684E-12  0.1381E-11  0.1523E-12  0.5009E-12  0.3890E-13
    -14.447  0.9866E-13  0.7445E-11  0.2852E-13  0.2904E-11  0.1560E-12  0.5840E-12  0.6441E-13  0.2119E-12  0.1662E-13
    -14.411  0.4666E-13  0.2959E-11  0.1180E-13  0.1153E-11  0.6248E-13  0.2322E-12  0.2557E-13  0.8414E-13  0.7293E-14
    -14.375  0.4645E-13  0.1115E-11  0.6249E-14  0.4312E-12  0.2546E-13  0.8769E-13  0.9541E-14  0.3149E-13  0.5411E-14
    -14.340  0.1220E-12  0.4329E-12  0.8923E-14  0.1562E-12  0.1684E-13  0.3493E-13  0.3373E-14  0.1151E-13  0.1170E-13
    -14.304  0.4013E-12  0.2891E-12  0.2595E-13  0.6960E-13  0.3263E-13  0.2600E-13  0.1228E-14  0.5461E-14  0.3733E-13
    -14.268  0.1282E-11  0.5603E-12  0.8180E-13  0.8017E-13  0.9696E-13  0.5461E-13  0.7653E-15  0.7075E-14  0.1189E-12
    -14.233  0.3858E-11  0.1581E-11  0.2458E-12  0.1999E-12  0.2897E-12  0.1561E-12  0.1386E-14  0.1828E-13  0.3577E-12
    -14.197  0.1090E-10  0.4437E-11  0.6945E-12  0.5537E-12  0.8178E-12  0.4387E-12  0.3666E-14  0.5083E-13  0.1011E-11
    -14.161  0.2892E-10  0.1176E-10  0.1842E-11  0.1466E-11  0.2169E-11  0.1163E-11  0.9660E-14  0.1346E-12  0.2680E-11
    -14.126  0.7200E-10  0.2928E-10  0.4587E-11  0.3649E-11  0.5401E-11  0.2896E-11  0.2404E-13  0.3351E-12  0.6673E-11
    -14.090  0.1683E-09  0.6844E-10  0.1072E-10  0.8528E-11  0.1262E-10  0.6768E-11  0.5617E-13  0.7831E-12  0.1560E-10
    -14.054  0.3691E-09  0.1501E-09  0.2352E-10  0.1871E-10  0.2769E-10  0.1485E-10  0.1232E-12  0.1718E-11  0.3422E-10
    -14.019  0.7602E-09  0.3092E-09  0.4843E-10  0.3853E-10  0.5703E-10  0.3058E-10  0.2538E-12  0.3538E-11  0.7047E-10
    -13.983  0.1470E-08  0.5977E-09  0.9362E-10  0.7448E-10  0.1102E-09  0.5911E-10  0.4906E-12  0.6840E-11  0.1362E-09
    -13.947  0.2667E-08  0.1085E-08  0.1699E-09  0.1352E-09  0.2000E-09  0.1073E-09  0.8903E-12  0.1241E-10  0.2472E-09
    -13.912  0.4543E-08  0.1848E-08  0.2894E-09  0.2302E-09  0.3408E-09  0.1827E-09  0.1516E-11  0.2114E-10  0.4211E-09
    -13.876  0.7264E-08  0.2954E-08  0.4628E-09  0.3682E-09  0.5449E-09  0.2922E-09  0.2425E-11  0.3381E-10  0.6733E-09
    -13.840  0.1090E-07  0.4435E-08  0.6946E-09  0.5526E-09  0.8178E-09  0.4385E-09  0.3640E-11  0.5074E-10  0.1011E-08
    -13.805  0.1536E-07  0.6248E-08  0.9787E-09  0.7786E-09  0.1152E-08  0.6179E-09  0.5128E-11  0.7150E-10  0.1424E-08
    -13.769  0.2032E-07  0.8264E-08  0.1294E-08  0.1030E-08  0.1524E-08  0.8172E-09  0.6783E-11  0.9457E-10  0.1883E-08
    -13.733  0.2523E-07  0.1026E-07  0.1607E-08  0.1279E-08  0.1892E-08  0.1015E-08  0.8421E-11  0.1174E-09  0.2338E-08
    -13.698  0.2940E-07  0.1196E-07  0.1873E-08  0.1490E-08  0.2205E-08  0.1183E-08  0.9814E-11  0.1368E-09  0.2725E-08
    -13.662  0.3216E-07  0.1308E-07  0.2049E-08  0.1630E-08  0.2413E-08  0.1294E-08  0.1074E-10  0.1497E-09  0.2981E-08
    -13.626  0.3303E-07  0.1344E-07  0.2104E-08  0.1674E-08  0.2478E-08  0.1329E-08  0.1103E-10  0.1537E-09  0.3062E-08
    -13.591  0.3184E-07  0.1295E-07  0.2029E-08  0.1614E-08  0.2389E-08  0.1281E-08  0.1063E-10  0.1482E-09  0.2952E-08
    -13.555  0.2882E-07  0.1172E-07  0.1836E-08  0.1460E-08  0.2162E-08  0.1159E-08  0.9620E-11  0.1341E-09  0.2671E-08
    -13.520  0.2448E-07  0.9956E-08  0.1559E-08  0.1241E-08  0.1836E-08  0.9846E-09  0.8172E-11  0.1139E-09  0.2269E-08
    -13.484  0.1952E-07  0.7939E-08  0.1243E-08  0.9893E-09  0.1464E-08  0.7851E-09  0.6516E-11  0.9085E-10  0.1809E-08
    -13.448  0.1461E-07  0.5943E-08  0.9308E-09  0.7405E-09  0.1096E-08  0.5877E-09  0.4877E-11  0.6800E-10  0.1354E-08
    -13.413  0.1027E-07  0.4176E-08  0.6540E-09  0.5203E-09  0.7701E-09  0.4129E-09  0.3427E-11  0.4778E-10  0.9516E-09
    -13.377  0.6771E-08  0.2754E-08  0.4314E-09  0.3432E-09  0.5079E-09  0.2724E-09  0.2260E-11  0.3152E-10  0.6276E-09
    -13.341  0.4192E-08  0.1705E-08  0.2671E-09  0.2125E-09  0.3145E-09  0.1686E-09  0.1400E-11  0.1951E-10  0.3886E-09
    -13.306  0.2437E-08  0.9911E-09  0.1552E-09  0.1235E-09  0.1828E-09  0.9801E-10  0.8134E-12  0.1134E-10  0.2259E-09
    -13.270  0.1329E-08  0.5407E-09  0.8469E-10  0.6738E-10  0.9972E-10  0.5347E-10  0.4438E-12  0.6187E-11  0.1232E-09
    -13.234  0.6808E-09  0.2769E-09  0.4337E-10  0.3451E-10  0.5107E-10  0.2738E-10  0.2273E-12  0.3169E-11  0.6310E-10
    -13.199  0.3273E-09  0.1331E-09  0.2085E-10  0.1659E-10  0.2455E-10  0.1316E-10  0.1093E-12  0.1523E-11  0.3034E-10
    -13.163  0.1477E-09  0.6007E-10  0.9409E-11  0.7486E-11  0.1108E-10  0.5941E-11  0.4930E-13  0.6874E-12  0.1369E-10
    -13.127  0.6256E-10  0.2545E-10  0.3986E-11  0.3171E-11  0.4693E-11  0.2516E-11  0.2089E-13  0.2912E-12  0.5799E-11
    -13.092  0.2488E-10  0.1012E-10  0.1585E-11  0.1261E-11  0.1866E-11  0.1001E-11  0.8305E-14  0.1158E-12  0.2306E-11
    -13.056  0.9286E-11  0.3777E-11  0.5916E-12  0.4706E-12  0.6966E-12  0.3735E-12  0.3103E-14  0.4322E-13  0.8608E-12
    -13.020  0.3255E-11  0.1324E-11  0.2073E-12  0.1650E-12  0.2443E-12  0.1310E-12  0.1104E-14  0.1518E-13  0.3020E-12
    -12.985  0.1079E-11  0.4391E-12  0.6825E-13  0.5488E-13  0.8135E-13  0.4359E-13  0.4407E-15  0.5151E-14  0.1014E-12
    -12.949  0.3706E-12  0.1514E-12  0.2141E-13  0.1962E-13  0.2957E-13  0.1570E-13  0.4779E-15  0.2289E-14  0.4049E-13
    -12.913  0.2628E-12  0.1094E-12  0.7617E-14  0.1677E-13  0.2699E-13  0.1383E-13  0.1553E-14  0.3553E-14  0.4967E-13
    -12.878  0.6778E-12  0.2840E-12  0.7551E-14  0.4775E-13  0.7882E-13  0.3978E-13  0.5917E-14  0.1218E-13  0.1607E-12
    -12.842  0.2402E-11  0.9987E-12  0.2188E-13  0.1707E-12  0.2805E-12  0.1413E-12  0.2157E-13  0.4395E-13  0.5772E-12
    -12.806  0.8316E-11  0.3408E-11  0.7347E-13  0.5899E-12  0.9578E-12  0.4823E-12  0.7401E-13  0.1502E-12  0.1971E-11
    -12.771  0.2737E-10  0.1095E-10  0.2355E-12  0.1933E-11  0.3076E-11  0.1548E-11  0.2391E-12  0.4823E-12  0.6326E-11
    -12.735  0.8603E-10  0.3304E-10  0.7093E-12  0.6033E-11  0.9276E-11  0.4662E-11  0.7282E-12  0.1454E-11  0.1906E-10
    -12.699  0.2605E-09  0.9374E-10  0.2006E-11  0.1807E-10  0.2629E-10  0.1318E-10  0.2098E-11  0.4120E-11  0.5391E-10
    -12.664  0.7697E-09  0.2502E-09  0.5326E-11  0.5254E-10  0.7003E-10  0.3500E-10  0.5746E-11  0.1097E-10  0.1432E-09
    -12.628  0.2251E-08  0.6296E-09  0.1328E-10  0.1504E-09  0.1756E-09  0.8721E-10  0.1507E-10  0.2747E-10  0.3570E-09
    -12.592  0.6598E-08  0.1497E-08  0.3107E-10  0.4298E-09  0.4150E-09  0.2040E-09  0.3825E-10  0.6481E-10  0.8363E-09
    -12.557  0.1948E-07  0.3378E-08  0.6831E-10  0.1236E-08  0.9276E-09  0.4481E-09  0.9528E-10  0.1444E-09  0.1841E-08
    -12.521  0.5777E-07  0.7286E-08  0.1411E-09  0.3579E-08  0.1969E-08  0.9242E-09  0.2362E-09  0.3051E-09  0.3811E-08
    -12.485  0.1700E-06  0.1516E-07  0.2741E-09  0.1033E-07  0.4002E-08  0.1790E-08  0.5884E-09  0.6149E-09  0.7429E-08
    -12.450  0.4894E-06  0.3086E-07  0.5013E-09  0.2935E-07  0.7861E-08  0.3259E-08  0.1477E-08  0.1193E-08  0.1367E-07
    -12.414  0.1361E-05  0.6228E-07  0.8646E-09  0.8085E-07  0.1513E-07  0.5577E-08  0.3707E-08  0.2258E-08  0.2381E-07
    -12.378  0.3617E-05  0.1261E-06  0.1411E-08  0.2137E-06  0.2895E-07  0.8985E-08  0.9186E-08  0.4225E-08  0.3950E-07
    -12.343  0.9130E-05  0.2573E-06  0.2191E-08  0.5374E-06  0.5565E-07  0.1365E-07  0.2215E-07  0.7916E-08  0.6294E-07
    -12.307  0.2178E-04  0.5265E-06  0.3260E-08  0.1279E-05  0.1078E-06  0.1963E-07  0.5136E-07  0.1495E-07  0.9743E-07
    -12.271  0.4897E-04  0.1067E-05  0.4702E-08  0.2873E-05  0.2089E-06  0.2684E-07  0.1135E-06  0.2834E-07  0.1486E-06
    -12.236  0.1036E-03  0.2112E-05  0.6665E-08  0.6074E-05  0.4004E-06  0.3516E-07  0.2377E-06  0.5339E-07  0.2264E-06
    -12.200  0.2061E-03  0.4030E-05  0.9414E-08  0.1208E-04  0.7475E-06  0.4463E-07  0.4698E-06  0.9849E-07  0.3472E-06
    -12.164  0.3852E-03  0.7343E-05  0.1338E-07  0.2256E-04  0.1343E-05  0.5565E-07  0.8748E-06  0.1756E-06  0.5358E-06
    -12.129  0.6760E-03  0.1269E-04  0.1914E-07  0.3959E-04  0.2302E-05  0.6910E-07  0.1532E-05  0.2995E-06  0.8240E-06
    -12.093  0.1114E-02  0.2073E-04  0.2735E-07  0.6523E-04  0.3741E-05  0.8629E-07  0.2522E-05  0.4852E-06  0.1246E-05
    -12.057  0.1724E-02  0.3191E-04  0.3853E-07  0.1009E-03  0.5740E-05  0.1085E-06  0.3899E-05  0.7431E-06  0.1825E-05
    -12.022  0.2504E-02  0.4621E-04  0.5277E-07  0.1466E-03  0.8297E-05  0.1364E-06  0.5661E-05  0.1073E-05  0.2565E-05
    -11.986  0.3414E-02  0.6289E-04  0.6950E-07  0.1999E-03  0.1128E-04  0.1691E-06  0.7717E-05  0.1458E-05  0.3429E-05
    -11.950  0.4370E-02  0.8042E-04  0.8742E-07  0.2559E-03  0.1442E-04  0.2038E-06  0.9877E-05  0.1863E-05  0.4337E-05
    -11.915  0.5251E-02  0.9658E-04  0.1050E-06  0.3074E-03  0.1731E-04  0.2363E-06  0.1187E-04  0.2236E-05  0.5177E-05
    -11.879  0.5923E-02  0.1089E-03  0.1220E-06  0.3468E-03  0.1952E-04  0.2617E-06  0.1339E-04  0.2524E-05  0.5819E-05
    -11.843  0.6272E-02  0.1153E-03  0.1427E-06  0.3672E-03  0.2068E-04  0.2769E-06  0.1419E-04  0.2682E-05  0.6160E-05
    -11.808  0.6235E-02  0.1147E-03  0.1844E-06  0.3651E-03  0.2058E-04  0.2836E-06  0.1413E-04  0.2699E-05  0.6152E-05
    -11.772  0.5821E-02  0.1072E-03  0.2953E-06  0.3409E-03  0.1928E-04  0.2938E-06  0.1325E-04  0.2615E-05  0.5842E-05
    -11.736  0.5108E-02  0.9438E-04  0.5939E-06  0.2994E-03  0.1707E-04  0.3393E-06  0.1178E-04  0.2556E-05  0.5396E-05
    -11.701  0.4224E-02  0.7877E-04  0.1346E-05  0.2480E-03  0.1444E-04  0.4902E-06  0.1010E-04  0.2786E-05  0.5132E-05
    -11.665  0.3317E-02  0.6350E-04  0.3105E-05  0.1958E-03  0.1202E-04  0.8879E-06  0.8752E-05  0.3802E-05  0.5583E-05
    -11.629  0.2530E-02  0.5187E-04  0.6924E-05  0.1515E-03  0.1052E-04  0.1797E-05  0.8418E-05  0.6496E-05  0.7593E-05
    -11.594  0.1984E-02  0.4730E-04  0.1465E-04  0.1231E-03  0.1074E-04  0.3676E-05  0.9976E-05  0.1238E-04  0.1245E-04
    -11.558  0.1781E-02  0.5345E-04  0.2920E-04  0.1175E-03  0.1361E-04  0.7248E-05  0.1456E-04  0.2381E-04  0.2201E-04
    -11.522  0.2012E-02  0.7439E-04  0.5471E-04  0.1415E-03  0.2020E-04  0.1353E-04  0.2359E-04  0.4409E-04  0.3864E-04
    -11.487  0.2758E-02  0.1144E-03  0.9631E-04  0.2015E-03  0.3162E-04  0.2380E-04  0.3859E-04  0.7733E-04  0.6503E-04
    -11.451  0.4088E-02  0.1772E-03  0.1592E-03  0.3025E-03  0.4880E-04  0.3932E-04  0.6094E-04  0.1277E-03  0.1035E-03
    -11.415  0.6023E-02  0.2645E-03  0.2471E-03  0.4462E-03  0.7206E-04  0.6103E-04  0.9123E-04  0.1981E-03  0.1549E-03
    -11.380  0.8505E-02  0.3741E-03  0.3601E-03  0.6281E-03  0.1007E-03  0.8892E-04  0.1287E-03  0.2887E-03  0.2179E-03
    -11.344  0.1136E-01  0.4985E-03  0.4927E-03  0.8345E-03  0.1326E-03  0.1216E-03  0.1708E-03  0.3950E-03  0.2880E-03
    -11.308  0.1427E-01  0.6244E-03  0.6329E-03  0.1043E-02  0.1647E-03  0.1562E-03  0.2131E-03  0.5075E-03  0.3575E-03
    -11.273  0.1687E-01  0.7348E-03  0.7633E-03  0.1225E-02  0.1933E-03  0.1884E-03  0.2504E-03  0.6122E-03  0.4170E-03
    -11.237  0.1875E-01  0.8122E-03  0.8643E-03  0.1352E-02  0.2156E-03  0.2134E-03  0.2777E-03  0.6936E-03  0.4575E-03
    -11.202  0.1962E-01  0.8434E-03  0.9190E-03  0.1402E-02  0.2315E-03  0.2271E-03  0.2925E-03  0.7380E-03  0.4733E-03
    -11.166  0.1940E-01  0.8232E-03  0.9179E-03  0.1368E-02  0.2448E-03  0.2274E-03  0.2960E-03  0.7382E-03  0.4637E-03
    -11.130  0.1821E-01  0.7561E-03  0.8619E-03  0.1257E-02  0.2642E-03  0.2152E-03  0.2938E-03  0.6954E-03  0.4345E-03
    -11.095  0.1645E-01  0.6553E-03  0.7625E-03  0.1093E-02  0.3026E-03  0.1943E-03  0.2956E-03  0.6200E-03  0.3969E-03
    -11.059  0.1460E-01  0.5395E-03  0.6393E-03  0.9077E-03  0.3751E-03  0.1715E-03  0.3133E-03  0.5298E-03  0.3654E-03
    -11.023  0.1319E-01  0.4283E-03  0.5157E-03  0.7337E-03  0.4958E-03  0.1559E-03  0.3578E-03  0.4470E-03  0.3550E-03
    -10.988  0.1262E-01  0.3388E-03  0.4144E-03  0.5984E-03  0.6730E-03  0.1582E-03  0.4359E-03  0.3953E-03  0.3780E-03
    -10.952  0.1312E-01  0.2831E-03  0.3548E-03  0.5201E-03  0.9047E-03  0.1896E-03  0.5471E-03  0.3971E-03  0.4424E-03
    -10.916  0.1465E-01  0.2678E-03  0.3511E-03  0.5064E-03  0.1176E-02  0.2615E-03  0.6822E-03  0.4722E-03  0.5499E-03
    -10.881  0.1699E-01  0.2941E-03  0.4114E-03  0.5554E-03  0.1458E-02  0.3828E-03  0.8236E-03  0.6350E-03  0.6959E-03
    -10.845  0.1973E-01  0.3587E-03  0.5369E-03  0.6573E-03  0.1715E-02  0.5572E-03  0.9491E-03  0.8908E-03  0.8698E-03
    -10.809  0.2240E-01  0.4537E-03  0.7207E-03  0.7962E-03  0.1910E-02  0.7801E-03  0.1037E-02  0.1232E-02  0.1056E-02
    -10.774  0.2455E-01  0.5669E-03  0.9462E-03  0.9513E-03  0.2015E-02  0.1036E-02  0.1074E-02  0.1635E-02  0.1236E-02
    -10.738  0.2584E-01  0.6826E-03  0.1189E-02  0.1099E-02  0.2017E-02  0.1297E-02  0.1057E-02  0.2059E-02  0.1389E-02
    -10.702  0.2610E-01  0.7835E-03  0.1418E-02  0.1217E-02  0.1927E-02  0.1530E-02  0.1003E-02  0.2453E-02  0.1497E-02
    -10.667  0.2534E-01  0.8542E-03  0.1605E-02  0.1285E-02  0.1774E-02  0.1701E-02  0.9452E-03  0.2768E-02  0.1549E-02
    -10.631  0.2379E-01  0.8852E-03  0.1731E-02  0.1294E-02  0.1600E-02  0.1787E-02  0.9331E-03  0.2967E-02  0.1542E-02
    -10.595  0.2182E-01  0.8770E-03  0.1790E-02  0.1247E-02  0.1456E-02  0.1782E-02  0.1033E-02  0.3042E-02  0.1486E-02
    -10.560  0.1994E-01  0.8405E-03  0.1794E-02  0.1161E-02  0.1393E-02  0.1700E-02  0.1324E-02  0.3012E-02  0.1404E-02
    -10.524  0.1871E-01  0.7962E-03  0.1764E-02  0.1062E-02  0.1455E-02  0.1574E-02  0.1897E-02  0.2922E-02  0.1329E-02
    -10.488  0.1864E-01  0.7689E-03  0.1724E-02  0.9837E-03  0.1683E-02  0.1448E-02  0.2851E-02  0.2829E-02  0.1304E-02
    -10.453  0.2012E-01  0.7818E-03  0.1694E-02  0.9565E-03  0.2111E-02  0.1371E-02  0.4279E-02  0.2792E-02  0.1373E-02
    -10.417  0.2332E-01  0.8497E-03  0.1680E-02  0.1001E-02  0.2777E-02  0.1391E-02  0.6264E-02  0.2859E-02  0.1584E-02
    -10.381  0.2814E-01  0.9757E-03  0.1680E-02  0.1125E-02  0.3733E-02  0.1555E-02  0.8867E-02  0.3073E-02  0.1992E-02
    -10.346  0.3422E-01  0.1150E-02  0.1689E-02  0.1320E-02  0.5050E-02  0.1905E-02  0.1212E-01  0.3471E-02  0.2662E-02
    -10.310  0.4101E-01  0.1353E-02  0.1705E-02  0.1564E-02  0.6832E-02  0.2482E-02  0.1603E-01  0.4099E-02  0.3681E-02
    -10.274  0.4786E-01  0.1563E-02  0.1740E-02  0.1830E-02  0.9216E-02  0.3323E-02  0.2060E-01  0.5010E-02  0.5156E-02
    -10.239  0.5422E-01  0.1762E-02  0.1816E-02  0.2093E-02  0.1237E-01  0.4452E-02  0.2580E-01  0.6265E-02  0.7218E-02
    -10.203  0.5971E-01  0.1945E-02  0.1962E-02  0.2335E-02  0.1646E-01  0.5878E-02  0.3162E-01  0.7924E-02  0.1001E-01
    -10.167  0.6423E-01  0.2118E-02  0.2206E-02  0.2552E-02  0.2169E-01  0.7599E-02  0.3801E-01  0.1004E-01  0.1367E-01
    -10.132  0.6792E-01  0.2300E-02  0.2563E-02  0.2756E-02  0.2824E-01  0.9608E-02  0.4496E-01  0.1267E-01  0.1830E-01
    -10.096  0.7112E-01  0.2514E-02  0.3032E-02  0.2967E-02  0.3635E-01  0.1193E-01  0.5244E-01  0.1585E-01  0.2399E-01
    -10.060  0.7427E-01  0.2780E-02  0.3586E-02  0.3208E-02  0.4636E-01  0.1464E-01  0.6059E-01  0.1968E-01  0.3078E-01
    -10.025  0.7776E-01  0.3106E-02  0.4182E-02  0.3500E-02  0.5874E-01  0.1796E-01  0.6976E-01  0.2430E-01  0.3870E-01
     -9.989  0.8191E-01  0.3490E-02  0.4769E-02  0.3853E-02  0.7415E-01  0.2229E-01  0.8068E-01  0.2997E-01  0.4780E-01
     -9.953  0.8692E-01  0.3914E-02  0.5296E-02  0.4266E-02  0.9333E-01  0.2833E-01  0.9447E-01  0.3710E-01  0.5819E-01
     -9.918  0.9287E-01  0.4358E-02  0.5730E-02  0.4725E-02  0.1170E+00  0.3714E-01  0.1126E+00  0.4627E-01  0.7006E-01
     -9.882  0.9966E-01  0.4802E-02  0.6066E-02  0.5212E-02  0.1457E+00  0.5028E-01  0.1366E+00  0.5829E-01  0.8370E-01
     -9.846  0.1071E+00  0.5236E-02  0.6334E-02  0.5704E-02  0.1794E+00  0.6984E-01  0.1677E+00  0.7414E-01  0.9945E-01
     -9.811  0.1147E+00  0.5660E-02  0.6591E-02  0.6180E-02  0.2178E+00  0.9837E-01  0.2069E+00  0.9491E-01  0.1177E+00
     -9.775  0.1218E+00  0.6090E-02  0.6907E-02  0.6624E-02  0.2598E+00  0.1387E+00  0.2538E+00  0.1216E+00  0.1390E+00
     -9.739  0.1277E+00  0.6547E-02  0.7352E-02  0.7028E-02  0.3044E+00  0.1932E+00  0.3078E+00  0.1550E+00  0.1637E+00
     -9.704  0.1317E+00  0.7050E-02  0.7968E-02  0.7387E-02  0.3506E+00  0.2634E+00  0.3673E+00  0.1951E+00  0.1927E+00
     -9.668  0.1329E+00  0.7611E-02  0.8761E-02  0.7699E-02  0.3981E+00  0.3491E+00  0.4305E+00  0.2415E+00  0.2268E+00
     -9.632  0.1312E+00  0.8228E-02  0.9696E-02  0.7966E-02  0.4474E+00  0.4477E+00  0.4957E+00  0.2928E+00  0.2675E+00
     -9.597  0.1263E+00  0.8888E-02  0.1071E-01  0.8193E-02  0.4993E+00  0.5540E+00  0.5618E+00  0.3471E+00  0.3164E+00
     -9.561  0.1188E+00  0.9572E-02  0.1170E-01  0.8390E-02  0.5555E+00  0.6612E+00  0.6277E+00  0.4022E+00  0.3754E+00
     -9.525  0.1093E+00  0.1026E-01  0.1261E-01  0.8566E-02  0.6171E+00  0.7611E+00  0.6933E+00  0.4562E+00  0.4462E+00
     -9.490  0.9879E-01  0.1093E-01  0.1334E-01  0.8732E-02  0.6850E+00  0.8467E+00  0.7583E+00  0.5075E+00  0.5294E+00
     -9.454  0.8808E-01  0.1157E-01  0.1384E-01  0.8896E-02  0.7588E+00  0.9127E+00  0.8234E+00  0.5550E+00  0.6240E+00
     -9.418  0.7796E-01  0.1217E-01  0.1410E-01  0.9058E-02  0.8370E+00  0.9573E+00  0.8896E+00  0.5984E+00  0.7268E+00
     -9.383  0.6895E-01  0.1271E-01  0.1409E-01  0.9207E-02  0.9170E+00  0.9821E+00  0.9582E+00  0.6377E+00  0.8324E+00
     -9.347  0.6133E-01  0.1317E-01  0.1386E-01  0.9326E-02  0.9952E+00  0.9923E+00  0.1031E+01  0.6733E+00  0.9338E+00
     -9.311  0.5513E-01  0.1354E-01  0.1345E-01  0.9393E-02  0.1068E+01  0.9947E+00  0.1107E+01  0.7058E+00  0.1024E+01
     -9.276  0.5022E-01  0.1377E-01  0.1293E-01  0.9386E-02  0.1133E+01  0.9971E+00  0.1186E+01  0.7363E+00  0.1098E+01
     -9.240  0.4636E-01  0.1384E-01  0.1239E-01  0.9289E-02  0.1186E+01  0.1006E+01  0.1263E+01  0.7668E+00  0.1153E+01
     -9.204  0.4331E-01  0.1373E-01  0.1189E-01  0.9092E-02  0.1229E+01  0.1027E+01  0.1334E+01  0.8003E+00  0.1191E+01
     -9.169  0.4084E-01  0.1344E-01  0.1150E-01  0.8795E-02  0.1261E+01  0.1060E+01  0.1393E+01  0.8413E+00  0.1217E+01
     -9.133  0.3879E-01  0.1299E-01  0.1123E-01  0.8409E-02  0.1283E+01  0.1107E+01  0.1435E+01  0.8967E+00  0.1237E+01
     -9.097  0.3708E-01  0.1242E-01  0.1107E-01  0.7956E-02  0.1300E+01  0.1166E+01  0.1462E+01  0.9757E+00  0.1262E+01
     -9.062  0.3566E-01  0.1177E-01  0.1097E-01  0.7460E-02  0.1315E+01  0.1236E+01  0.1474E+01  0.1090E+01  0.1298E+01
     -9.026  0.3451E-01  0.1111E-01  0.1088E-01  0.6948E-02  0.1334E+01  0.1317E+01  0.1481E+01  0.1252E+01  0.1352E+01
     -8.990  0.3358E-01  0.1046E-01  0.1073E-01  0.6444E-02  0.1361E+01  0.1412E+01  0.1489E+01  0.1472E+01  0.1430E+01
     -8.955  0.3282E-01  0.9854E-02  0.1049E-01  0.5966E-02  0.1404E+01  0.1525E+01  0.1508E+01  0.1756E+01  0.1535E+01
     -8.919  0.3213E-01  0.9314E-02  0.1013E-01  0.5525E-02  0.1467E+01  0.1658E+01  0.1544E+01  0.2098E+01  0.1667E+01
     -8.883  0.3142E-01  0.8841E-02  0.9656E-02  0.5124E-02  0.1554E+01  0.1812E+01  0.1601E+01  0.2477E+01  0.1824E+01
     -8.848  0.3066E-01  0.8434E-02  0.9100E-02  0.4763E-02  0.1664E+01  0.1979E+01  0.1678E+01  0.2855E+01  0.1999E+01
     -8.812  0.2986E-01  0.8084E-02  0.8493E-02  0.4436E-02  0.1793E+01  0.2147E+01  0.1771E+01  0.3186E+01  0.2179E+01
     -8.777  0.2911E-01  0.7776E-02  0.7868E-02  0.4136E-02  0.1929E+01  0.2296E+01  0.1869E+01  0.3416E+01  0.2348E+01
     -8.741  0.2856E-01  0.7494E-02  0.7254E-02  0.3857E-02  0.2056E+01  0.2408E+01  0.1959E+01  0.3507E+01  0.2488E+01
     -8.705  0.2837E-01  0.7220E-02  0.6670E-02  0.3592E-02  0.2155E+01  0.2464E+01  0.2025E+01  0.3436E+01  0.2579E+01
     -8.670  0.2873E-01  0.6940E-02  0.6129E-02  0.3339E-02  0.2206E+01  0.2453E+01  0.2052E+01  0.3210E+01  0.2602E+01
     -8.634  0.2983E-01  0.6651E-02  0.5639E-02  0.3098E-02  0.2198E+01  0.2372E+01  0.2026E+01  0.2861E+01  0.2545E+01
     -8.598  0.3177E-01  0.6355E-02  0.5209E-02  0.2873E-02  0.2124E+01  0.2226E+01  0.1942E+01  0.2434E+01  0.2408E+01
     -8.563  0.3454E-01  0.6061E-02  0.4842E-02  0.2669E-02  0.1988E+01  0.2025E+01  0.1802E+01  0.1982E+01  0.2198E+01
     -8.527  0.3796E-01  0.5780E-02  0.4536E-02  0.2491E-02  0.1803E+01  0.1787E+01  0.1617E+01  0.1549E+01  0.1932E+01
     -8.491  0.4163E-01  0.5510E-02  0.4275E-02  0.2337E-02  0.1585E+01  0.1529E+01  0.1402E+01  0.1167E+01  0.1636E+01
     -8.456  0.4501E-01  0.5239E-02  0.4036E-02  0.2199E-02  0.1353E+01  0.1267E+01  0.1176E+01  0.8510E+00  0.1334E+01
     -8.420  0.4753E-01  0.4943E-02  0.3789E-02  0.2065E-02  0.1124E+01  0.1016E+01  0.9561E+00  0.6037E+00  0.1049E+01
     -8.384  0.4877E-01  0.4597E-02  0.3510E-02  0.1921E-02  0.9080E+00  0.7887E+00  0.7548E+00  0.4185E+00  0.7966E+00
     -8.349  0.4857E-01  0.4185E-02  0.3192E-02  0.1762E-02  0.7145E+00  0.5917E+00  0.5797E+00  0.2845E+00  0.5852E+00
     -8.313  0.4714E-01  0.3713E-02  0.2852E-02  0.1589E-02  0.5475E+00  0.4287E+00  0.4340E+00  0.1903E+00  0.4168E+00
     -8.277  0.4495E-01  0.3212E-02  0.2527E-02  0.1416E-02  0.4085E+00  0.2998E+00  0.3172E+00  0.1256E+00  0.2885E+00
     -8.242  0.4262E-01  0.2732E-02  0.2263E-02  0.1266E-02  0.2971E+00  0.2025E+00  0.2270E+00  0.8211E-01  0.1945E+00
     -8.206  0.4067E-01  0.2333E-02  0.2106E-02  0.1168E-02  0.2112E+00  0.1324E+00  0.1596E+00  0.5378E-01  0.1282E+00
     -8.170  0.3940E-01  0.2070E-02  0.2082E-02  0.1144E-02  0.1479E+00  0.8441E-01  0.1112E+00  0.3597E-01  0.8323E-01
     -8.135  0.3883E-01  0.1984E-02  0.2193E-02  0.1211E-02  0.1032E+00  0.5341E-01  0.7740E-01  0.2534E-01  0.5399E-01
     -8.099  0.3873E-01  0.2089E-02  0.2414E-02  0.1369E-02  0.7323E-01  0.3474E-01  0.5456E-01  0.1939E-01  0.3594E-01
     -8.063  0.3878E-01  0.2375E-02  0.2699E-02  0.1604E-02  0.5398E-01  0.2450E-01  0.3936E-01  0.1630E-01  0.2553E-01
     -8.028  0.3865E-01  0.2801E-02  0.2996E-02  0.1888E-02  0.4213E-01  0.1962E-01  0.2925E-01  0.1477E-01  0.2005E-01
     -7.992  0.3816E-01  0.3307E-02  0.3257E-02  0.2181E-02  0.3506E-01  0.1783E-01  0.2243E-01  0.1394E-01  0.1753E-01
     -7.956  0.3732E-01  0.3821E-02  0.3453E-02  0.2440E-02  0.3090E-01  0.1752E-01  0.1780E-01  0.1324E-01  0.1658E-01
     -7.921  0.3633E-01  0.4279E-02  0.3585E-02  0.2632E-02  0.2843E-01  0.1760E-01  0.1480E-01  0.1240E-01  0.1627E-01
     -7.885  0.3561E-01  0.4643E-02  0.3681E-02  0.2741E-02  0.2700E-01  0.1739E-01  0.1326E-01  0.1130E-01  0.1609E-01
     -7.849  0.3572E-01  0.4919E-02  0.3793E-02  0.2780E-02  0.2629E-01  0.1657E-01  0.1321E-01  0.9963E-02  0.1582E-01
     -7.814  0.3727E-01  0.5161E-02  0.3983E-02  0.2784E-02  0.2625E-01  0.1509E-01  0.1474E-01  0.8473E-02  0.1546E-01
     -7.778  0.4079E-01  0.5457E-02  0.4301E-02  0.2806E-02  0.2689E-01  0.1308E-01  0.1787E-01  0.6972E-02  0.1516E-01
     -7.742  0.4656E-01  0.5899E-02  0.4772E-02  0.2896E-02  0.2815E-01  0.1083E-01  0.2244E-01  0.5613E-02  0.1506E-01
     -7.707  0.5445E-01  0.6545E-02  0.5378E-02  0.3087E-02  0.2981E-01  0.8659E-02  0.2804E-01  0.4537E-02  0.1524E-01
     -7.671  0.6386E-01  0.7383E-02  0.6065E-02  0.3378E-02  0.3148E-01  0.6847E-02  0.3403E-01  0.3848E-02  0.1563E-01
     -7.635  0.7375E-01  0.8322E-02  0.6751E-02  0.3733E-02  0.3265E-01  0.5585E-02  0.3961E-01  0.3603E-02  0.1608E-01
     -7.600  0.8285E-01  0.9206E-02  0.7347E-02  0.4089E-02  0.3285E-01  0.4947E-02  0.4393E-01  0.3795E-02  0.1633E-01
     -7.564  0.8989E-01  0.9855E-02  0.7775E-02  0.4371E-02  0.3177E-01  0.4886E-02  0.4632E-01  0.4354E-02  0.1618E-01
     -7.528  0.9387E-01  0.1012E-01  0.7984E-02  0.4514E-02  0.2937E-01  0.5260E-02  0.4642E-01  0.5152E-02  0.1548E-01
     -7.493  0.9425E-01  0.9908E-02  0.7952E-02  0.4478E-02  0.2589E-01  0.5868E-02  0.4424E-01  0.6019E-02  0.1423E-01
     -7.457  0.9104E-01  0.9238E-02  0.7692E-02  0.4258E-02  0.2177E-01  0.6492E-02  0.4016E-01  0.6775E-02  0.1253E-01
     -7.421  0.8478E-01  0.8202E-02  0.7250E-02  0.3880E-02  0.1751E-01  0.6950E-02  0.3483E-01  0.7265E-02  0.1058E-01
     -7.386  0.7648E-01  0.6953E-02  0.6705E-02  0.3400E-02  0.1359E-01  0.7136E-02  0.2898E-01  0.7398E-02  0.8601E-02
     -7.350  0.6747E-01  0.5668E-02  0.6171E-02  0.2887E-02  0.1040E-01  0.7053E-02  0.2335E-01  0.7170E-02  0.6802E-02
     -7.314  0.5925E-01  0.4516E-02  0.5794E-02  0.2415E-02  0.8153E-02  0.6819E-02  0.1852E-01  0.6670E-02  0.5358E-02
     -7.279  0.5334E-01  0.3642E-02  0.5746E-02  0.2056E-02  0.6963E-02  0.6653E-02  0.1491E-01  0.6061E-02  0.4386E-02
     -7.243  0.5103E-01  0.3160E-02  0.6195E-02  0.1872E-02  0.6833E-02  0.6825E-02  0.1274E-01  0.5537E-02  0.3951E-02
     -7.207  0.5317E-01  0.3153E-02  0.7279E-02  0.1909E-02  0.7682E-02  0.7598E-02  0.1208E-01  0.5277E-02  0.4068E-02
     -7.172  0.5993E-01  0.3672E-02  0.9060E-02  0.2193E-02  0.9341E-02  0.9160E-02  0.1280E-01  0.5404E-02  0.4694E-02
     -7.136  0.7070E-01  0.4726E-02  0.1149E-01  0.2722E-02  0.1155E-01  0.1156E-01  0.1462E-01  0.5951E-02  0.5732E-02
     -7.100  0.8406E-01  0.6264E-02  0.1439E-01  0.3456E-02  0.1394E-01  0.1467E-01  0.1711E-01  0.6857E-02  0.7026E-02
     -7.065  0.9795E-01  0.8158E-02  0.1743E-01  0.4319E-02  0.1613E-01  0.1816E-01  0.1975E-01  0.7970E-02  0.8374E-02
     -7.029  0.1100E+00  0.1019E-01  0.2022E-01  0.5197E-02  0.1773E-01  0.2156E-01  0.2200E-01  0.9082E-02  0.9556E-02
     -6.993  0.1181E+00  0.1210E-01  0.2232E-01  0.5960E-02  0.1843E-01  0.2434E-01  0.2336E-01  0.9969E-02  0.1037E-01
     -6.958  0.1207E+00  0.1356E-01  0.2340E-01  0.6481E-02  0.1812E-01  0.2599E-01  0.2356E-01  0.1044E-01  0.1067E-01
     -6.922  0.1172E+00  0.1434E-01  0.2326E-01  0.6667E-02  0.1685E-01  0.2621E-01  0.2252E-01  0.1037E-01  0.1042E-01
     -6.886  0.1080E+00  0.1429E-01  0.2191E-01  0.6482E-02  0.1485E-01  0.2493E-01  0.2039E-01  0.9763E-02  0.9638E-02
     -6.851  0.9454E-01  0.1341E-01  0.1958E-01  0.5955E-02  0.1245E-01  0.2236E-01  0.1750E-01  0.8690E-02  0.8467E-02
     -6.815  0.7879E-01  0.1186E-01  0.1661E-01  0.5172E-02  0.9970E-02  0.1892E-01  0.1428E-01  0.7320E-02  0.7075E-02
     -6.779  0.6294E-01  0.9897E-02  0.1342E-01  0.4256E-02  0.7700E-02  0.1512E-01  0.1111E-01  0.5848E-02  0.5641E-02
     -6.744  0.4903E-01  0.7835E-02  0.1040E-01  0.3335E-02  0.5816E-02  0.1146E-01  0.8314E-02  0.4464E-02  0.4315E-02
     -6.708  0.3869E-01  0.5957E-02  0.7859E-02  0.2518E-02  0.4401E-02  0.8342E-02  0.6076E-02  0.3315E-02  0.3203E-02
     -6.672  0.3309E-01  0.4469E-02  0.5985E-02  0.1881E-02  0.3462E-02  0.5994E-02  0.4481E-02  0.2492E-02  0.2358E-02
     -6.637  0.3289E-01  0.3491E-02  0.4860E-02  0.1463E-02  0.2962E-02  0.4497E-02  0.3525E-02  0.2026E-02  0.1793E-02
     -6.601  0.3825E-01  0.3045E-02  0.4470E-02  0.1265E-02  0.2848E-02  0.3805E-02  0.3148E-02  0.1906E-02  0.1488E-02
     -6.565  0.4872E-01  0.3082E-02  0.4724E-02  0.1266E-02  0.3054E-02  0.3786E-02  0.3253E-02  0.2079E-02  0.1403E-02
     -6.530  0.6318E-01  0.3495E-02  0.5467E-02  0.1421E-02  0.3501E-02  0.4256E-02  0.3715E-02  0.2468E-02  0.1486E-02
     -6.494  0.7975E-01  0.4137E-02  0.6494E-02  0.1671E-02  0.4089E-02  0.5001E-02  0.4388E-02  0.2971E-02  0.1674E-02
     -6.459  0.9593E-01  0.4838E-02  0.7564E-02  0.1948E-02  0.4698E-02  0.5799E-02  0.5106E-02  0.3476E-02  0.1898E-02
     -6.423  0.1090E+00  0.5433E-02  0.8436E-02  0.2186E-02  0.5197E-02  0.6445E-02  0.5707E-02  0.3876E-02  0.2093E-02
     -6.387  0.1167E+00  0.5782E-02  0.8912E-02  0.2329E-02  0.5473E-02  0.6782E-02  0.6054E-02  0.4081E-02  0.2204E-02
     -6.352  0.1174E+00  0.5805E-02  0.8875E-02  0.2343E-02  0.5454E-02  0.6721E-02  0.6071E-02  0.4046E-02  0.2197E-02
     -6.316  0.1110E+00  0.5493E-02  0.8314E-02  0.2223E-02  0.5129E-02  0.6263E-02  0.5753E-02  0.3769E-02  0.2067E-02
     -6.280  0.9884E-01  0.4912E-02  0.7321E-02  0.1996E-02  0.4551E-02  0.5482E-02  0.5175E-02  0.3299E-02  0.1835E-02
     -6.245  0.8305E-01  0.4186E-02  0.6059E-02  0.1714E-02  0.3818E-02  0.4507E-02  0.4472E-02  0.2713E-02  0.1542E-02
     -6.209  0.6630E-01  0.3468E-02  0.4718E-02  0.1443E-02  0.3055E-02  0.3481E-02  0.3807E-02  0.2096E-02  0.1239E-02
     -6.173  0.5102E-01  0.2914E-02  0.3467E-02  0.1255E-02  0.2375E-02  0.2527E-02  0.3337E-02  0.1524E-02  0.9736E-03
     -6.138  0.3902E-01  0.2661E-02  0.2427E-02  0.1216E-02  0.1869E-02  0.1730E-02  0.3185E-02  0.1048E-02  0.7832E-03
     -6.102  0.3122E-01  0.2809E-02  0.1658E-02  0.1384E-02  0.1590E-02  0.1125E-02  0.3412E-02  0.6923E-03  0.6907E-03
     -6.066  0.2775E-01  0.3415E-02  0.1177E-02  0.1800E-02  0.1552E-02  0.7148E-03  0.4018E-02  0.4589E-03  0.7037E-03
     -6.031  0.2813E-01  0.4486E-02  0.9701E-03  0.2483E-02  0.1741E-02  0.4773E-03  0.4931E-02  0.3388E-03  0.8172E-03
     -5.995  0.3157E-01  0.5973E-02  0.1019E-02  0.3422E-02  0.2114E-02  0.3857E-03  0.6029E-02  0.3192E-03  0.1015E-02
     -5.959  0.3715E-01  0.7775E-02  0.1309E-02  0.4568E-02  0.2612E-02  0.4169E-03  0.7156E-02  0.3899E-03  0.1275E-02
     -5.924  0.4406E-01  0.9737E-02  0.1837E-02  0.5831E-02  0.3162E-02  0.5544E-03  0.8162E-02  0.5441E-03  0.1565E-02
     -5.888  0.5165E-01  0.1168E-01  0.2600E-02  0.7092E-02  0.3688E-02  0.7862E-03  0.8930E-02  0.7761E-03  0.1856E-02
     -5.852  0.5939E-01  0.1342E-01  0.3589E-02  0.8219E-02  0.4121E-02  0.1098E-02  0.9401E-02  0.1077E-02  0.2116E-02
     -5.817  0.6682E-01  0.1479E-01  0.4773E-02  0.9093E-02  0.4410E-02  0.1465E-02  0.9581E-02  0.1429E-02  0.2321E-02
     -5.781  0.7342E-01  0.1569E-01  0.6094E-02  0.9630E-02  0.4537E-02  0.1854E-02  0.9521E-02  0.1809E-02  0.2456E-02
     -5.745  0.7854E-01  0.1607E-01  0.7465E-02  0.9800E-02  0.4515E-02  0.2219E-02  0.9297E-02  0.2184E-02  0.2519E-02
     -5.710  0.8148E-01  0.1593E-01  0.8775E-02  0.9627E-02  0.4390E-02  0.2513E-02  0.8976E-02  0.2518E-02  0.2524E-02
     -5.674  0.8167E-01  0.1534E-01  0.9910E-02  0.9184E-02  0.4226E-02  0.2697E-02  0.8607E-02  0.2782E-02  0.2498E-02
     -5.638  0.7883E-01  0.1441E-01  0.1076E-01  0.8570E-02  0.4100E-02  0.2755E-02  0.8217E-02  0.2950E-02  0.2481E-02
     -5.603  0.7321E-01  0.1329E-01  0.1127E-01  0.7901E-02  0.4077E-02  0.2696E-02  0.7821E-02  0.3013E-02  0.2516E-02
     -5.567  0.6555E-01  0.1212E-01  0.1141E-01  0.7287E-02  0.4204E-02  0.2562E-02  0.7447E-02  0.2974E-02  0.2649E-02
     -5.531  0.5694E-01  0.1108E-01  0.1125E-01  0.6828E-02  0.4498E-02  0.2424E-02  0.7137E-02  0.2855E-02  0.2912E-02
     -5.496  0.4864E-01  0.1027E-01  0.1093E-01  0.6601E-02  0.4951E-02  0.2367E-02  0.6956E-02  0.2691E-02  0.3321E-02
     -5.460  0.4173E-01  0.9771E-02  0.1068E-01  0.6658E-02  0.5530E-02  0.2488E-02  0.6978E-02  0.2529E-02  0.3870E-02
     -5.424  0.3695E-01  0.9587E-02  0.1078E-01  0.7014E-02  0.6185E-02  0.2871E-02  0.7265E-02  0.2420E-02  0.4524E-02
     -5.389  0.3457E-01  0.9662E-02  0.1148E-01  0.7640E-02  0.6863E-02  0.3579E-02  0.7845E-02  0.2413E-02  0.5226E-02
     -5.353  0.3443E-01  0.9900E-02  0.1297E-01  0.8466E-02  0.7510E-02  0.4630E-02  0.8683E-02  0.2538E-02  0.5901E-02
     -5.317  0.3608E-01  0.1018E-01  0.1528E-01  0.9384E-02  0.8075E-02  0.5987E-02  0.9682E-02  0.2805E-02  0.6466E-02
     -5.282  0.3892E-01  0.1039E-01  0.1827E-01  0.1027E-01  0.8521E-02  0.7549E-02  0.1069E-01  0.3191E-02  0.6848E-02
     -5.246  0.4247E-01  0.1044E-01  0.2159E-01  0.1103E-01  0.8830E-02  0.9158E-02  0.1153E-01  0.3651E-02  0.7002E-02
     -5.210  0.4639E-01  0.1032E-01  0.2479E-01  0.1161E-01  0.9016E-02  0.1062E-01  0.1206E-01  0.4122E-02  0.6923E-02
     -5.175  0.5064E-01  0.1004E-01  0.2739E-01  0.1202E-01  0.9122E-02  0.1175E-01  0.1219E-01  0.4539E-02  0.6655E-02
     -5.139  0.5528E-01  0.9685E-02  0.2903E-01  0.1233E-01  0.9214E-02  0.1240E-01  0.1190E-01  0.4852E-02  0.6274E-02
     -5.103  0.6039E-01  0.9362E-02  0.2952E-01  0.1265E-01  0.9357E-02  0.1252E-01  0.1127E-01  0.5032E-02  0.5874E-02
     -5.068  0.6585E-01  0.9170E-02  0.2896E-01  0.1302E-01  0.9592E-02  0.1212E-01  0.1040E-01  0.5078E-02  0.5535E-02
     -5.032  0.7126E-01  0.9193E-02  0.2762E-01  0.1345E-01  0.9912E-02  0.1132E-01  0.9406E-02  0.5011E-02  0.5303E-02
     -4.996  0.7602E-01  0.9480E-02  0.2588E-01  0.1388E-01  0.1027E-01  0.1028E-01  0.8374E-02  0.4865E-02  0.5182E-02
     -4.961  0.7955E-01  0.1006E-01  0.2413E-01  0.1418E-01  0.1057E-01  0.9193E-02  0.7356E-02  0.4681E-02  0.5141E-02
     -4.925  0.8151E-01  0.1097E-01  0.2264E-01  0.1425E-01  0.1075E-01  0.8192E-02  0.6374E-02  0.4496E-02  0.5129E-02
     -4.889  0.8212E-01  0.1225E-01  0.2157E-01  0.1405E-01  0.1072E-01  0.7385E-02  0.5438E-02  0.4342E-02  0.5093E-02
     -4.854  0.8213E-01  0.1401E-01  0.2089E-01  0.1363E-01  0.1046E-01  0.6820E-02  0.4560E-02  0.4242E-02  0.4994E-02
     -4.818  0.8275E-01  0.1638E-01  0.2052E-01  0.1314E-01  0.9969E-02  0.6504E-02  0.3760E-02  0.4211E-02  0.4814E-02
     -4.782  0.8530E-01  0.1948E-01  0.2031E-01  0.1278E-01  0.9280E-02  0.6410E-02  0.3058E-02  0.4250E-02  0.4560E-02
     -4.747  0.9080E-01  0.2339E-01  0.2013E-01  0.1274E-01  0.8452E-02  0.6490E-02  0.2473E-02  0.4347E-02  0.4259E-02
     -4.711  0.9959E-01  0.2806E-01  0.1987E-01  0.1317E-01  0.7571E-02  0.6678E-02  0.2015E-02  0.4475E-02  0.3961E-02
     -4.675  0.1111E+00  0.3322E-01  0.1941E-01  0.1409E-01  0.6748E-02  0.6899E-02  0.1686E-02  0.4592E-02  0.3727E-02
     -4.640  0.1240E+00  0.3843E-01  0.1867E-01  0.1545E-01  0.6114E-02  0.7070E-02  0.1482E-02  0.4653E-02  0.3624E-02
     -4.604  0.1364E+00  0.4305E-01  0.1757E-01  0.1709E-01  0.5804E-02  0.7110E-02  0.1403E-02  0.4614E-02  0.3712E-02
     -4.568  0.1465E+00  0.4641E-01  0.1611E-01  0.1882E-01  0.5931E-02  0.6959E-02  0.1462E-02  0.4449E-02  0.4029E-02
     -4.533  0.1532E+00  0.4797E-01  0.1430E-01  0.2044E-01  0.6554E-02  0.6587E-02  0.1679E-02  0.4155E-02  0.4579E-02
     -4.497  0.1560E+00  0.4745E-01  0.1227E-01  0.2181E-01  0.7652E-02  0.6009E-02  0.2087E-02  0.3755E-02  0.5319E-02
     -4.461  0.1553E+00  0.4491E-01  0.1015E-01  0.2278E-01  0.9105E-02  0.5276E-02  0.2710E-02  0.3290E-02  0.6160E-02
     -4.426  0.1521E+00  0.4072E-01  0.8113E-02  0.2326E-01  0.1070E-01  0.4464E-02  0.3555E-02  0.2807E-02  0.6973E-02
     -4.390  0.1469E+00  0.3545E-01  0.6290E-02  0.2315E-01  0.1216E-01  0.3650E-02  0.4589E-02  0.2346E-02  0.7612E-02
     -4.354  0.1401E+00  0.2972E-01  0.4759E-02  0.2240E-01  0.1321E-01  0.2901E-02  0.5729E-02  0.1933E-02  0.7948E-02
     -4.319  0.1316E+00  0.2408E-01  0.3539E-02  0.2097E-01  0.1363E-01  0.2256E-02  0.6849E-02  0.1577E-02  0.7895E-02
     -4.283  0.1212E+00  0.1894E-01  0.2606E-02  0.1893E-01  0.1331E-01  0.1732E-02  0.7796E-02  0.1277E-02  0.7439E-02
     -4.247  0.1086E+00  0.1457E-01  0.1916E-02  0.1643E-01  0.1228E-01  0.1330E-02  0.8427E-02  0.1027E-02  0.6639E-02
     -4.212  0.9416E-01  0.1114E-01  0.1426E-02  0.1370E-01  0.1071E-01  0.1044E-02  0.8643E-02  0.8233E-03  0.5612E-02
     -4.176  0.7879E-01  0.8726E-02  0.1113E-02  0.1105E-01  0.8839E-02  0.8718E-03  0.8419E-02  0.6665E-03  0.4504E-02
     -4.141  0.6365E-01  0.7370E-02  0.9831E-03  0.8743E-02  0.6932E-02  0.8146E-03  0.7818E-02  0.5619E-03  0.3457E-02
     -4.105  0.5005E-01  0.7073E-02  0.1075E-02  0.7004E-02  0.5225E-02  0.8777E-03  0.6980E-02  0.5169E-03  0.2582E-02
     -4.069  0.3917E-01  0.7773E-02  0.1462E-02  0.5951E-02  0.3883E-02  0.1065E-02  0.6093E-02  0.5371E-03  0.1943E-02
     -4.034  0.3182E-01  0.9324E-02  0.2240E-02  0.5596E-02  0.2995E-02  0.1370E-02  0.5359E-02  0.6242E-03  0.1563E-02
     -3.998  0.2840E-01  0.1147E-01  0.3514E-02  0.5863E-02  0.2577E-02  0.1776E-02  0.4951E-02  0.7739E-03  0.1425E-02
     -3.962  0.2884E-01  0.1387E-01  0.5366E-02  0.6611E-02  0.2589E-02  0.2247E-02  0.4980E-02  0.9752E-03  0.1490E-02
     -3.927  0.3261E-01  0.1611E-01  0.7814E-02  0.7673E-02  0.2953E-02  0.2736E-02  0.5471E-02  0.1212E-02  0.1704E-02
     -3.891  0.3873E-01  0.1782E-01  0.1077E-01  0.8893E-02  0.3558E-02  0.3187E-02  0.6359E-02  0.1462E-02  0.2010E-02
     -3.855  0.4593E-01  0.1874E-01  0.1403E-01  0.1016E-01  0.4276E-02  0.3547E-02  0.7497E-02  0.1702E-02  0.2351E-02
     -3.820  0.5277E-01  0.1878E-01  0.1725E-01  0.1140E-01  0.4970E-02  0.3774E-02  0.8684E-02  0.1908E-02  0.2680E-02
     -3.784  0.5792E-01  0.1804E-01  0.2005E-01  0.1262E-01  0.5519E-02  0.3843E-02  0.9710E-02  0.2057E-02  0.2968E-02
     -3.748  0.6044E-01  0.1676E-01  0.2206E-01  0.1383E-01  0.5833E-02  0.3750E-02  0.1040E-01  0.2131E-02  0.3199E-02
     -3.713  0.5994E-01  0.1527E-01  0.2305E-01  0.1500E-01  0.5870E-02  0.3510E-02  0.1066E-01  0.2121E-02  0.3375E-02
     -3.677  0.5669E-01  0.1381E-01  0.2297E-01  0.1608E-01  0.5640E-02  0.3154E-02  0.1047E-01  0.2025E-02  0.3506E-02
     -3.641  0.5142E-01  0.1257E-01  0.2201E-01  0.1694E-01  0.5198E-02  0.2724E-02  0.9913E-02  0.1856E-02  0.3599E-02
     -3.606  0.4515E-01  0.1157E-01  0.2053E-01  0.1742E-01  0.4620E-02  0.2267E-02  0.9124E-02  0.1637E-02  0.3653E-02
     -3.570  0.3893E-01  0.1075E-01  0.1898E-01  0.1736E-01  0.3984E-02  0.1829E-02  0.8261E-02  0.1401E-02  0.3654E-02
     -3.534  0.3362E-01  0.9998E-02  0.1784E-01  0.1669E-01  0.3356E-02  0.1455E-02  0.7481E-02  0.1183E-02  0.3586E-02
     -3.499  0.2984E-01  0.9243E-02  0.1747E-01  0.1543E-01  0.2779E-02  0.1187E-02  0.6916E-02  0.1017E-02  0.3437E-02
     -3.463  0.2794E-01  0.8472E-02  0.1808E-01  0.1373E-01  0.2283E-02  0.1062E-02  0.6663E-02  0.9289E-03  0.3214E-02
     -3.427  0.2807E-01  0.7752E-02  0.1973E-01  0.1186E-01  0.1887E-02  0.1114E-02  0.6773E-02  0.9370E-03  0.2942E-02
     -3.392  0.3016E-01  0.7199E-02  0.2228E-01  0.1011E-01  0.1605E-02  0.1370E-02  0.7244E-02  0.1051E-02  0.2664E-02
     -3.356  0.3392E-01  0.6934E-02  0.2549E-01  0.8757E-02  0.1450E-02  0.1847E-02  0.8015E-02  0.1274E-02  0.2429E-02
     -3.320  0.3892E-01  0.7033E-02  0.2904E-01  0.8006E-02  0.1431E-02  0.2541E-02  0.8971E-02  0.1604E-02  0.2276E-02
     -3.285  0.4456E-01  0.7494E-02  0.3258E-01  0.7964E-02  0.1551E-02  0.3414E-02  0.9969E-02  0.2031E-02  0.2230E-02
     -3.249  0.5023E-01  0.8238E-02  0.3575E-01  0.8643E-02  0.1798E-02  0.4390E-02  0.1088E-01  0.2534E-02  0.2291E-02
     -3.213  0.5538E-01  0.9134E-02  0.3823E-01  0.9975E-02  0.2149E-02  0.5355E-02  0.1161E-01  0.3075E-02  0.2444E-02
     -3.178  0.5968E-01  0.1004E-01  0.3973E-01  0.1185E-01  0.2567E-02  0.6174E-02  0.1216E-01  0.3601E-02  0.2660E-02
     -3.142  0.6298E-01  0.1085E-01  0.4004E-01  0.1415E-01  0.3003E-02  0.6721E-02  0.1260E-01  0.4050E-02  0.2904E-02
     -3.106  0.6537E-01  0.1152E-01  0.3906E-01  0.1674E-01  0.3408E-02  0.6907E-02  0.1303E-01  0.4362E-02  0.3147E-02
     -3.071  0.6703E-01  0.1210E-01  0.3686E-01  0.1953E-01  0.3737E-02  0.6707E-02  0.1354E-01  0.4499E-02  0.3359E-02
     -3.035  0.6822E-01  0.1267E-01  0.3367E-01  0.2241E-01  0.3961E-02  0.6169E-02  0.1418E-01  0.4460E-02  0.3521E-02
     -2.999  0.6925E-01  0.1339E-01  0.2989E-01  0.2531E-01  0.4076E-02  0.5400E-02  0.1491E-01  0.4289E-02  0.3622E-02
     -2.964  0.7046E-01  0.1447E-01  0.2600E-01  0.2815E-01  0.4101E-02  0.4542E-02  0.1563E-01  0.4067E-02  0.3664E-02
     -2.928  0.7229E-01  0.1619E-01  0.2254E-01  0.3090E-01  0.4083E-02  0.3737E-02  0.1622E-01  0.3898E-02  0.3667E-02
     -2.892  0.7522E-01  0.1887E-01  0.1996E-01  0.3357E-01  0.4080E-02  0.3101E-02  0.1655E-01  0.3879E-02  0.3666E-02
     -2.857  0.7968E-01  0.2294E-01  0.1866E-01  0.3623E-01  0.4156E-02  0.2710E-02  0.1657E-01  0.4079E-02  0.3713E-02
     -2.821  0.8587E-01  0.2880E-01  0.1887E-01  0.3897E-01  0.4362E-02  0.2594E-02  0.1628E-01  0.4517E-02  0.3863E-02
     -2.785  0.9364E-01  0.3674E-01  0.2070E-01  0.4189E-01  0.4722E-02  0.2751E-02  0.1571E-01  0.5159E-02  0.4158E-02
     -2.750  0.1023E+00  0.4681E-01  0.2407E-01  0.4504E-01  0.5225E-02  0.3153E-02  0.1490E-01  0.5925E-02  0.4608E-02
     -2.714  0.1108E+00  0.5863E-01  0.2876E-01  0.4833E-01  0.5823E-02  0.3757E-02  0.1389E-01  0.6709E-02  0.5182E-02
     -2.678  0.1177E+00  0.7139E-01  0.3432E-01  0.5154E-01  0.6436E-02  0.4506E-02  0.1271E-01  0.7405E-02  0.5808E-02
     -2.643  0.1219E+00  0.8381E-01  0.4021E-01  0.5435E-01  0.6977E-02  0.5330E-02  0.1140E-01  0.7924E-02  0.6385E-02
     -2.607  0.1225E+00  0.9446E-01  0.4576E-01  0.5635E-01  0.7364E-02  0.6142E-02  0.9997E-02  0.8208E-02  0.6811E-02
     -2.571  0.1193E+00  0.1020E+00  0.5033E-01  0.5722E-01  0.7543E-02  0.6843E-02  0.8576E-02  0.8238E-02  0.7005E-02
     -2.536  0.1127E+00  0.1056E+00  0.5339E-01  0.5675E-01  0.7495E-02  0.7336E-02  0.7222E-02  0.8022E-02  0.6926E-02
     -2.500  0.1035E+00  0.1049E+00  0.5460E-01  0.5495E-01  0.7232E-02  0.7541E-02  0.6017E-02  0.7593E-02  0.6584E-02
     -2.464  0.9281E-01  0.1007E+00  0.5384E-01  0.5199E-01  0.6789E-02  0.7417E-02  0.5017E-02  0.6992E-02  0.6024E-02
     -2.429  0.8153E-01  0.9414E-01  0.5123E-01  0.4823E-01  0.6209E-02  0.6966E-02  0.4240E-02  0.6268E-02  0.5319E-02
     -2.393  0.7038E-01  0.8660E-01  0.4706E-01  0.4410E-01  0.5538E-02  0.6240E-02  0.3661E-02  0.5467E-02  0.4547E-02
     -2.357  0.5974E-01  0.7945E-01  0.4174E-01  0.3999E-01  0.4817E-02  0.5328E-02  0.3226E-02  0.4639E-02  0.3783E-02
     -2.322  0.4979E-01  0.7355E-01  0.3573E-01  0.3627E-01  0.4087E-02  0.4336E-02  0.2871E-02  0.3828E-02  0.3092E-02
     -2.286  0.4062E-01  0.6912E-01  0.2948E-01  0.3321E-01  0.3390E-02  0.3366E-02  0.2541E-02  0.3080E-02  0.2523E-02
     -2.250  0.3233E-01  0.6581E-01  0.2341E-01  0.3099E-01  0.2766E-02  0.2499E-02  0.2208E-02  0.2434E-02  0.2116E-02
     -2.215  0.2504E-01  0.6288E-01  0.1786E-01  0.2969E-01  0.2252E-02  0.1788E-02  0.1868E-02  0.1927E-02  0.1895E-02
     -2.179  0.1890E-01  0.5955E-01  0.1308E-01  0.2935E-01  0.1874E-02  0.1254E-02  0.1543E-02  0.1581E-02  0.1868E-02
     -2.143  0.1405E-01  0.5528E-01  0.9208E-02  0.2989E-01  0.1638E-02  0.8910E-03  0.1262E-02  0.1411E-02  0.2018E-02
     -2.108  0.1054E-01  0.4992E-01  0.6277E-02  0.3111E-01  0.1533E-02  0.6783E-03  0.1054E-02  0.1416E-02  0.2302E-02
     -2.072  0.8366E-02  0.4370E-01  0.4245E-02  0.3271E-01  0.1526E-02  0.5848E-03  0.9452E-03  0.1580E-02  0.2655E-02
     -2.036  0.7451E-02  0.3707E-01  0.3026E-02  0.3428E-01  0.1577E-02  0.5769E-03  0.9508E-03  0.1868E-02  0.2994E-02
     -2.001  0.7725E-02  0.3057E-01  0.2530E-02  0.3533E-01  0.1642E-02  0.6226E-03  0.1083E-02  0.2234E-02  0.3241E-02
     -1.965  0.9127E-02  0.2463E-01  0.2702E-02  0.3546E-01  0.1686E-02  0.6935E-03  0.1352E-02  0.2616E-02  0.3334E-02
     -1.929  0.1161E-01  0.1948E-01  0.3531E-02  0.3436E-01  0.1689E-02  0.7666E-03  0.1761E-02  0.2953E-02  0.3247E-02
     -1.894  0.1507E-01  0.1521E-01  0.5045E-02  0.3199E-01  0.1649E-02  0.8261E-03  0.2302E-02  0.3191E-02  0.2992E-02
     -1.858  0.1933E-01  0.1176E-01  0.7275E-02  0.2852E-01  0.1577E-02  0.8650E-03  0.2948E-02  0.3297E-02  0.2614E-02
     -1.823  0.2401E-01  0.9050E-02  0.1020E-01  0.2431E-01  0.1487E-02  0.8868E-03  0.3643E-02  0.3264E-02  0.2175E-02
     -1.787  0.2861E-01  0.6961E-02  0.1370E-01  0.1980E-01  0.1392E-02  0.9053E-03  0.4308E-02  0.3116E-02  0.1737E-02
     -1.751  0.3257E-01  0.5401E-02  0.1751E-01  0.1547E-01  0.1298E-02  0.9425E-03  0.4855E-02  0.2896E-02  0.1349E-02
     -1.716  0.3540E-01  0.4292E-02  0.2125E-01  0.1166E-01  0.1206E-02  0.1024E-02  0.5207E-02  0.2655E-02  0.1037E-02
     -1.680  0.3683E-01  0.3568E-02  0.2445E-01  0.8596E-02  0.1112E-02  0.1175E-02  0.5325E-02  0.2438E-02  0.8093E-03
     -1.644  0.3692E-01  0.3172E-02  0.2670E-01  0.6370E-02  0.1016E-02  0.1406E-02  0.5223E-02  0.2274E-02  0.6616E-03
     -1.609  0.3607E-01  0.3065E-02  0.2771E-01  0.4951E-02  0.9203E-03  0.1714E-02  0.4968E-02  0.2165E-02  0.5823E-03
     -1.573  0.3491E-01  0.3223E-02  0.2741E-01  0.4236E-02  0.8360E-03  0.2073E-02  0.4664E-02  0.2100E-02  0.5593E-03
     -1.537  0.3413E-01  0.3633E-02  0.2594E-01  0.4087E-02  0.7759E-03  0.2439E-02  0.4426E-02  0.2054E-02  0.5823E-03
     -1.502  0.3436E-01  0.4287E-02  0.2362E-01  0.4357E-02  0.7531E-03  0.2755E-02  0.4353E-02  0.2000E-02  0.6427E-03
     -1.466  0.3601E-01  0.5164E-02  0.2085E-01  0.4901E-02  0.7782E-03  0.2968E-02  0.4503E-02  0.1922E-02  0.7319E-03
     -1.430  0.3925E-01  0.6226E-02  0.1801E-01  0.5586E-02  0.8578E-03  0.3040E-02  0.4889E-02  0.1813E-02  0.8409E-03
     -1.395  0.4401E-01  0.7416E-02  0.1541E-01  0.6295E-02  0.9951E-03  0.2960E-02  0.5479E-02  0.1680E-02  0.9599E-03
     -1.359  0.4998E-01  0.8670E-02  0.1323E-01  0.6941E-02  0.1191E-02  0.2748E-02  0.6206E-02  0.1539E-02  0.1080E-02
     -1.323  0.5672E-01  0.9945E-02  0.1156E-01  0.7485E-02  0.1447E-02  0.2452E-02  0.6988E-02  0.1414E-02  0.1197E-02
     -1.288  0.6357E-01  0.1123E-01  0.1045E-01  0.7944E-02  0.1763E-02  0.2133E-02  0.7736E-02  0.1329E-02  0.1312E-02
     -1.252  0.6979E-01  0.1258E-01  0.9925E-02  0.8401E-02  0.2140E-02  0.1859E-02  0.8367E-02  0.1312E-02  0.1437E-02
     -1.216  0.7452E-01  0.1404E-01  0.1003E-01  0.8984E-02  0.2575E-02  0.1689E-02  0.8809E-02  0.1391E-02  0.1587E-02
     -1.181  0.7699E-01  0.1571E-01  0.1084E-01  0.9828E-02  0.3061E-02  0.1673E-02  0.9014E-02  0.1590E-02  0.1784E-02
     -1.145  0.7666E-01  0.1759E-01  0.1247E-01  0.1103E-01  0.3580E-02  0.1845E-02  0.8965E-02  0.1933E-02  0.2046E-02
     -1.109  0.7333E-01  0.1965E-01  0.1501E-01  0.1261E-01  0.4102E-02  0.2224E-02  0.8683E-02  0.2436E-02  0.2381E-02
     -1.074  0.6732E-01  0.2175E-01  0.1852E-01  0.1450E-01  0.4590E-02  0.2820E-02  0.8227E-02  0.3104E-02  0.2782E-02
     -1.038  0.5936E-01  0.2369E-01  0.2299E-01  0.1653E-01  0.5002E-02  0.3630E-02  0.7687E-02  0.3930E-02  0.3227E-02
     -1.002  0.5048E-01  0.2527E-01  0.2829E-01  0.1851E-01  0.5299E-02  0.4638E-02  0.7158E-02  0.4887E-02  0.3681E-02
     -0.967  0.4175E-01  0.2639E-01  0.3415E-01  0.2027E-01  0.5460E-02  0.5815E-02  0.6726E-02  0.5924E-02  0.4103E-02
     -0.931  0.3417E-01  0.2703E-01  0.4010E-01  0.2167E-01  0.5486E-02  0.7111E-02  0.6446E-02  0.6969E-02  0.4457E-02
     -0.895  0.2846E-01  0.2731E-01  0.4551E-01  0.2271E-01  0.5407E-02  0.8449E-02  0.6335E-02  0.7930E-02  0.4719E-02
     -0.860  0.2513E-01  0.2743E-01  0.4965E-01  0.2346E-01  0.5276E-02  0.9727E-02  0.6375E-02  0.8707E-02  0.4882E-02
     -0.824  0.2454E-01  0.2761E-01  0.5187E-01  0.2402E-01  0.5157E-02  0.1082E-01  0.6523E-02  0.9203E-02  0.4955E-02
     -0.788  0.2694E-01  0.2796E-01  0.5172E-01  0.2449E-01  0.5111E-02  0.1159E-01  0.6722E-02  0.9351E-02  0.4956E-02
     -0.753  0.3249E-01  0.2849E-01  0.4916E-01  0.2490E-01  0.5182E-02  0.1194E-01  0.6912E-02  0.9126E-02  0.4905E-02
     -0.717  0.4122E-01  0.2905E-01  0.4459E-01  0.2521E-01  0.5381E-02  0.1180E-01  0.7039E-02  0.8559E-02  0.4818E-02
     -0.681  0.5280E-01  0.2942E-01  0.3878E-01  0.2527E-01  0.5681E-02  0.1119E-01  0.7061E-02  0.7728E-02  0.4704E-02
     -0.646  0.6638E-01  0.2936E-01  0.3275E-01  0.2491E-01  0.6026E-02  0.1021E-01  0.6948E-02  0.6747E-02  0.4567E-02
     -0.610  0.8054E-01  0.2870E-01  0.2752E-01  0.2401E-01  0.6338E-02  0.9030E-02  0.6689E-02  0.5746E-02  0.4404E-02
     -0.574  0.9336E-01  0.2739E-01  0.2392E-01  0.2249E-01  0.6533E-02  0.7861E-02  0.6286E-02  0.4845E-02  0.4207E-02
     -0.539  0.1028E+00  0.2548E-01  0.2246E-01  0.2042E-01  0.6541E-02  0.6908E-02  0.5758E-02  0.4137E-02  0.3970E-02
     -0.503  0.1071E+00  0.2313E-01  0.2325E-01  0.1798E-01  0.6326E-02  0.6329E-02  0.5142E-02  0.3680E-02  0.3689E-02
     -0.467  0.1054E+00  0.2058E-01  0.2599E-01  0.1542E-01  0.5894E-02  0.6204E-02  0.4486E-02  0.3498E-02  0.3370E-02
     -0.432  0.9788E-01  0.1811E-01  0.3003E-01  0.1303E-01  0.5301E-02  0.6520E-02  0.3855E-02  0.3577E-02  0.3028E-02
     -0.396  0.8576E-01  0.1602E-01  0.3448E-01  0.1109E-01  0.4637E-02  0.7169E-02  0.3321E-02  0.3883E-02  0.2695E-02
     -0.360  0.7101E-01  0.1467E-01  0.3834E-01  0.9858E-02  0.4012E-02  0.7979E-02  0.2955E-02  0.4367E-02  0.2414E-02
     -0.325  0.5577E-01  0.1436E-01  0.4071E-01  0.9511E-02  0.3532E-02  0.8746E-02  0.2816E-02  0.4974E-02  0.2231E-02
     -0.289  0.4184E-01  0.1538E-01  0.4101E-01  0.1016E-01  0.3274E-02  0.9289E-02  0.2936E-02  0.5654E-02  0.2188E-02
     -0.253  0.3041E-01  0.1783E-01  0.3904E-01  0.1184E-01  0.3271E-02  0.9485E-02  0.3313E-02  0.6362E-02  0.2306E-02
     -0.218  0.2190E-01  0.2159E-01  0.3507E-01  0.1450E-01  0.3507E-02  0.9294E-02  0.3898E-02  0.7062E-02  0.2588E-02
     -0.182  0.1617E-01  0.2629E-01  0.2973E-01  0.1799E-01  0.3923E-02  0.8764E-02  0.4605E-02  0.7716E-02  0.3008E-02
     -0.146  0.1269E-01  0.3129E-01  0.2378E-01  0.2209E-01  0.4428E-02  0.8002E-02  0.5315E-02  0.8283E-02  0.3518E-02
     -0.111  0.1082E-01  0.3580E-01  0.1800E-01  0.2647E-01  0.4920E-02  0.7139E-02  0.5905E-02  0.8711E-02  0.4056E-02
     -0.075  0.9969E-02  0.3905E-01  0.1293E-01  0.3071E-01  0.5307E-02  0.6298E-02  0.6265E-02  0.8944E-02  0.4556E-02
     -0.039  0.9707E-02  0.4047E-01  0.8881E-02  0.3433E-01  0.5523E-02  0.5563E-02  0.6328E-02  0.8932E-02  0.4956E-02
     -0.004  0.9775E-02  0.3979E-01  0.5912E-02  0.3688E-01  0.5540E-02  0.4975E-02  0.6080E-02  0.8648E-02  0.5212E-02
      0.032  0.1007E-01  0.3712E-01  0.3919E-02  0.3797E-01  0.5369E-02  0.4536E-02  0.5561E-02  0.8094E-02  0.5307E-02
      0.068  0.1061E-01  0.3294E-01  0.2728E-02  0.3744E-01  0.5055E-02  0.4230E-02  0.4855E-02  0.7319E-02  0.5256E-02
      0.103  0.1149E-01  0.2789E-01  0.2164E-02  0.3538E-01  0.4666E-02  0.4034E-02  0.4063E-02  0.6405E-02  0.5107E-02
      0.139  0.1289E-01  0.2270E-01  0.2100E-02  0.3214E-01  0.4278E-02  0.3947E-02  0.3286E-02  0.5466E-02  0.4941E-02
      0.175  0.1497E-01  0.1799E-01  0.2466E-02  0.2831E-01  0.3961E-02  0.3991E-02  0.2602E-02  0.4625E-02  0.4860E-02
      0.210  0.1786E-01  0.1423E-01  0.3227E-02  0.2457E-01  0.3771E-02  0.4217E-02  0.2060E-02  0.3995E-02  0.4964E-02
      0.246  0.2154E-01  0.1164E-01  0.4358E-02  0.2152E-01  0.3738E-02  0.4693E-02  0.1676E-02  0.3661E-02  0.5324E-02
      0.282  0.2585E-01  0.1023E-01  0.5806E-02  0.1955E-01  0.3862E-02  0.5477E-02  0.1445E-02  0.3662E-02  0.5961E-02
      0.317  0.3043E-01  0.9837E-02  0.7464E-02  0.1876E-01  0.4113E-02  0.6586E-02  0.1341E-02  0.3985E-02  0.6819E-02
      0.353  0.3479E-01  0.1018E-01  0.9176E-02  0.1898E-01  0.4434E-02  0.7963E-02  0.1332E-02  0.4559E-02  0.7774E-02
      0.389  0.3851E-01  0.1094E-01  0.1075E-01  0.1984E-01  0.4761E-02  0.9469E-02  0.1387E-02  0.5266E-02  0.8652E-02
      0.424  0.4139E-01  0.1189E-01  0.1200E-01  0.2096E-01  0.5037E-02  0.1090E-01  0.1484E-02  0.5957E-02  0.9280E-02
      0.460  0.4366E-01  0.1292E-01  0.1281E-01  0.2209E-01  0.5237E-02  0.1200E-01  0.1615E-02  0.6486E-02  0.9536E-02
      0.495  0.4605E-01  0.1409E-01  0.1317E-01  0.2319E-01  0.5372E-02  0.1258E-01  0.1791E-02  0.6734E-02  0.9392E-02
      0.531  0.4974E-01  0.1561E-01  0.1316E-01  0.2448E-01  0.5487E-02  0.1252E-01  0.2037E-02  0.6643E-02  0.8920E-02
      0.567  0.5604E-01  0.1775E-01  0.1299E-01  0.2630E-01  0.5636E-02  0.1180E-01  0.2381E-02  0.6221E-02  0.8275E-02
      0.602  0.6604E-01  0.2072E-01  0.1289E-01  0.2897E-01  0.5862E-02  0.1056E-01  0.2844E-02  0.5539E-02  0.7642E-02
      0.638  0.8017E-01  0.2451E-01  0.1303E-01  0.3258E-01  0.6171E-02  0.8987E-02  0.3425E-02  0.4711E-02  0.7175E-02
      0.674  0.9800E-01  0.2884E-01  0.1350E-01  0.3693E-01  0.6522E-02  0.7331E-02  0.4093E-02  0.3859E-02  0.6953E-02
      0.709  0.1182E+00  0.3315E-01  0.1423E-01  0.4146E-01  0.6845E-02  0.5791E-02  0.4790E-02  0.3087E-02  0.6960E-02
      0.745  0.1387E+00  0.3676E-01  0.1501E-01  0.4543E-01  0.7062E-02  0.4511E-02  0.5440E-02  0.2466E-02  0.7103E-02
      0.781  0.1574E+00  0.3902E-01  0.1559E-01  0.4808E-01  0.7119E-02  0.3556E-02  0.5971E-02  0.2025E-02  0.7252E-02
      0.816  0.1727E+00  0.3954E-01  0.1576E-01  0.4887E-01  0.7009E-02  0.2937E-02  0.6325E-02  0.1764E-02  0.7285E-02
      0.852  0.1835E+00  0.3832E-01  0.1544E-01  0.4762E-01  0.6777E-02  0.2631E-02  0.6480E-02  0.1667E-02  0.7131E-02
      0.888  0.1896E+00  0.3578E-01  0.1475E-01  0.4456E-01  0.6509E-02  0.2612E-02  0.6453E-02  0.1714E-02  0.6787E-02
      0.923  0.1916E+00  0.3259E-01  0.1402E-01  0.4025E-01  0.6307E-02  0.2869E-02  0.6290E-02  0.1897E-02  0.6315E-02
      0.959  0.1902E+00  0.2954E-01  0.1373E-01  0.3549E-01  0.6260E-02  0.3406E-02  0.6058E-02  0.2219E-02  0.5818E-02
      0.995  0.1859E+00  0.2730E-01  0.1443E-01  0.3111E-01  0.6417E-02  0.4237E-02  0.5818E-02  0.2696E-02  0.5401E-02
      1.030  0.1790E+00  0.2626E-01  0.1663E-01  0.2789E-01  0.6778E-02  0.5366E-02  0.5615E-02  0.3342E-02  0.5143E-02
      1.066  0.1700E+00  0.2648E-01  0.2067E-01  0.2645E-01  0.7292E-02  0.6769E-02  0.5463E-02  0.4156E-02  0.5079E-02
      1.102  0.1588E+00  0.2772E-01  0.2663E-01  0.2723E-01  0.7878E-02  0.8377E-02  0.5351E-02  0.5109E-02  0.5194E-02
      1.137  0.1461E+00  0.2959E-01  0.3423E-01  0.3042E-01  0.8444E-02  0.1007E-01  0.5253E-02  0.6132E-02  0.5435E-02
      1.173  0.1324E+00  0.3163E-01  0.4281E-01  0.3591E-01  0.8911E-02  0.1167E-01  0.5147E-02  0.7119E-02  0.5732E-02
      1.209  0.1183E+00  0.3343E-01  0.5140E-01  0.4326E-01  0.9228E-02  0.1300E-01  0.5028E-02  0.7945E-02  0.6012E-02
      1.244  0.1046E+00  0.3472E-01  0.5885E-01  0.5167E-01  0.9369E-02  0.1385E-01  0.4912E-02  0.8485E-02  0.6216E-02
      1.280  0.9161E-01  0.3536E-01  0.6410E-01  0.6007E-01  0.9327E-02  0.1410E-01  0.4831E-02  0.8655E-02  0.6308E-02
      1.316  0.7960E-01  0.3533E-01  0.6635E-01  0.6724E-01  0.9105E-02  0.1368E-01  0.4816E-02  0.8426E-02  0.6273E-02
      1.351  0.6850E-01  0.3474E-01  0.6529E-01  0.7209E-01  0.8714E-02  0.1264E-01  0.4886E-02  0.7838E-02  0.6120E-02
      1.387  0.5817E-01  0.3372E-01  0.6114E-01  0.7385E-01  0.8169E-02  0.1111E-01  0.5032E-02  0.6988E-02  0.5872E-02
      1.423  0.4849E-01  0.3250E-01  0.5457E-01  0.7233E-01  0.7499E-02  0.9311E-02  0.5223E-02  0.6007E-02  0.5570E-02
      1.458  0.3950E-01  0.3128E-01  0.4657E-01  0.6785E-01  0.6746E-02  0.7462E-02  0.5414E-02  0.5024E-02  0.5256E-02
      1.494  0.3138E-01  0.3021E-01  0.3820E-01  0.6120E-01  0.5965E-02  0.5769E-02  0.5569E-02  0.4146E-02  0.4966E-02
      1.530  0.2443E-01  0.2936E-01  0.3043E-01  0.5338E-01  0.5219E-02  0.4383E-02  0.5680E-02  0.3444E-02  0.4724E-02
      1.565  0.1897E-01  0.2872E-01  0.2400E-01  0.4541E-01  0.4566E-02  0.3384E-02  0.5774E-02  0.2954E-02  0.4536E-02
      1.601  0.1524E-01  0.2820E-01  0.1933E-01  0.3809E-01  0.4056E-02  0.2787E-02  0.5913E-02  0.2682E-02  0.4394E-02
      1.637  0.1334E-01  0.2771E-01  0.1657E-01  0.3200E-01  0.3728E-02  0.2557E-02  0.6167E-02  0.2622E-02  0.4287E-02
      1.672  0.1321E-01  0.2723E-01  0.1554E-01  0.2742E-01  0.3606E-02  0.2623E-02  0.6588E-02  0.2755E-02  0.4208E-02
      1.708  0.1466E-01  0.2682E-01  0.1587E-01  0.2443E-01  0.3698E-02  0.2892E-02  0.7177E-02  0.3052E-02  0.4164E-02
      1.744  0.1737E-01  0.2656E-01  0.1703E-01  0.2292E-01  0.3995E-02  0.3266E-02  0.7870E-02  0.3466E-02  0.4165E-02
      1.779  0.2096E-01  0.2655E-01  0.1843E-01  0.2267E-01  0.4466E-02  0.3644E-02  0.8553E-02  0.3934E-02  0.4224E-02
      1.815  0.2508E-01  0.2680E-01  0.1951E-01  0.2334E-01  0.5060E-02  0.3941E-02  0.9091E-02  0.4375E-02  0.4344E-02
      1.851  0.2943E-01  0.2725E-01  0.1990E-01  0.2456E-01  0.5711E-02  0.4096E-02  0.9375E-02  0.4705E-02  0.4518E-02
      1.886  0.3383E-01  0.2773E-01  0.1939E-01  0.2595E-01  0.6344E-02  0.4077E-02  0.9358E-02  0.4855E-02  0.4729E-02
      1.922  0.3819E-01  0.2808E-01  0.1803E-01  0.2718E-01  0.6896E-02  0.3884E-02  0.9069E-02  0.4783E-02  0.4964E-02
      1.958  0.4249E-01  0.2819E-01  0.1606E-01  0.2801E-01  0.7319E-02  0.3547E-02  0.8607E-02  0.4490E-02  0.5216E-02
      1.993  0.4669E-01  0.2804E-01  0.1381E-01  0.2831E-01  0.7591E-02  0.3116E-02  0.8099E-02  0.4020E-02  0.5489E-02
      2.029  0.5071E-01  0.2770E-01  0.1170E-01  0.2806E-01  0.7714E-02  0.2652E-02  0.7667E-02  0.3443E-02  0.5790E-02
      2.065  0.5439E-01  0.2724E-01  0.1006E-01  0.2733E-01  0.7710E-02  0.2216E-02  0.7397E-02  0.2848E-02  0.6117E-02
      2.100  0.5756E-01  0.2674E-01  0.9209E-02  0.2629E-01  0.7609E-02  0.1865E-02  0.7332E-02  0.2316E-02  0.6452E-02
      2.136  0.6015E-01  0.2622E-01  0.9408E-02  0.2512E-01  0.7446E-02  0.1642E-02  0.7484E-02  0.1908E-02  0.6755E-02
      2.172  0.6228E-01  0.2562E-01  0.1091E-01  0.2401E-01  0.7256E-02  0.1584E-02  0.7851E-02  0.1662E-02  0.6983E-02
      2.207  0.6430E-01  0.2490E-01  0.1399E-01  0.2315E-01  0.7071E-02  0.1711E-02  0.8441E-02  0.1594E-02  0.7099E-02
      2.243  0.6674E-01  0.2405E-01  0.1888E-01  0.2270E-01  0.6920E-02  0.2031E-02  0.9268E-02  0.1698E-02  0.7096E-02
      2.279  0.7011E-01  0.2311E-01  0.2575E-01  0.2278E-01  0.6821E-02  0.2534E-02  0.1034E-01  0.1958E-02  0.6999E-02
      2.314  0.7471E-01  0.2219E-01  0.3454E-01  0.2345E-01  0.6779E-02  0.3189E-02  0.1161E-01  0.2346E-02  0.6857E-02
      2.350  0.8043E-01  0.2141E-01  0.4484E-01  0.2470E-01  0.6774E-02  0.3945E-02  0.1299E-01  0.2828E-02  0.6721E-02
      2.386  0.8671E-01  0.2087E-01  0.5588E-01  0.2646E-01  0.6766E-02  0.4737E-02  0.1433E-01  0.3364E-02  0.6625E-02
      2.421  0.9265E-01  0.2065E-01  0.6653E-01  0.2858E-01  0.6707E-02  0.5500E-02  0.1542E-01  0.3913E-02  0.6565E-02
      2.457  0.9734E-01  0.2077E-01  0.7552E-01  0.3089E-01  0.6556E-02  0.6184E-02  0.1608E-01  0.4433E-02  0.6507E-02
      2.493  0.1001E+00  0.2124E-01  0.8171E-01  0.3318E-01  0.6296E-02  0.6762E-02  0.1622E-01  0.4893E-02  0.6397E-02
      2.528  0.1006E+00  0.2203E-01  0.8439E-01  0.3526E-01  0.5940E-02  0.7240E-02  0.1582E-01  0.5271E-02  0.6187E-02
      2.564  0.9898E-01  0.2313E-01  0.8344E-01  0.3698E-01  0.5528E-02  0.7648E-02  0.1499E-01  0.5559E-02  0.5857E-02
      2.600  0.9570E-01  0.2446E-01  0.7935E-01  0.3823E-01  0.5111E-02  0.8015E-02  0.1389E-01  0.5760E-02  0.5425E-02
      2.635  0.9124E-01  0.2591E-01  0.7307E-01  0.3899E-01  0.4731E-02  0.8357E-02  0.1268E-01  0.5878E-02  0.4940E-02
      2.671  0.8598E-01  0.2732E-01  0.6575E-01  0.3933E-01  0.4417E-02  0.8655E-02  0.1148E-01  0.5916E-02  0.4468E-02
      2.707  0.8019E-01  0.2852E-01  0.5850E-01  0.3946E-01  0.4182E-02  0.8860E-02  0.1034E-01  0.5874E-02  0.4075E-02
      2.742  0.7415E-01  0.2935E-01  0.5216E-01  0.3972E-01  0.4040E-02  0.8906E-02  0.9273E-02  0.5748E-02  0.3814E-02
      2.778  0.6825E-01  0.2980E-01  0.4723E-01  0.4052E-01  0.4016E-02  0.8738E-02  0.8258E-02  0.5540E-02  0.3717E-02
      2.814  0.6309E-01  0.3002E-01  0.4389E-01  0.4228E-01  0.4161E-02  0.8339E-02  0.7290E-02  0.5259E-02  0.3804E-02
      2.849  0.5946E-01  0.3034E-01  0.4205E-01  0.4535E-01  0.4540E-02  0.7741E-02  0.6391E-02  0.4926E-02  0.4087E-02
      2.885  0.5812E-01  0.3121E-01  0.4146E-01  0.4988E-01  0.5220E-02  0.7022E-02  0.5605E-02  0.4568E-02  0.4575E-02
      2.920  0.5950E-01  0.3311E-01  0.4177E-01  0.5578E-01  0.6238E-02  0.6287E-02  0.4988E-02  0.4220E-02  0.5279E-02
      2.956  0.6346E-01  0.3638E-01  0.4266E-01  0.6268E-01  0.7580E-02  0.5636E-02  0.4587E-02  0.3910E-02  0.6196E-02
      2.992  0.6917E-01  0.4113E-01  0.4385E-01  0.7002E-01  0.9159E-02  0.5140E-02  0.4431E-02  0.3668E-02  0.7301E-02
      3.027  0.7524E-01  0.4719E-01  0.4519E-01  0.7709E-01  0.1083E-01  0.4831E-02  0.4529E-02  0.3518E-02  0.8530E-02
      3.063  0.8007E-01  0.5411E-01  0.4666E-01  0.8319E-01  0.1240E-01  0.4704E-02  0.4878E-02  0.3486E-02  0.9780E-02
      3.099  0.8228E-01  0.6127E-01  0.4829E-01  0.8775E-01  0.1369E-01  0.4739E-02  0.5472E-02  0.3600E-02  0.1092E-01
      3.134  0.8109E-01  0.6802E-01  0.5013E-01  0.9051E-01  0.1455E-01  0.4915E-02  0.6306E-02  0.3884E-02  0.1181E-01
      3.170  0.7660E-01  0.7382E-01  0.5216E-01  0.9156E-01  0.1492E-01  0.5232E-02  0.7383E-02  0.4358E-02  0.1234E-01
      3.206  0.6963E-01  0.7836E-01  0.5425E-01  0.9136E-01  0.1481E-01  0.5709E-02  0.8705E-02  0.5022E-02  0.1246E-01
      3.241  0.6151E-01  0.8152E-01  0.5623E-01  0.9067E-01  0.1429E-01  0.6384E-02  0.1027E-01  0.5851E-02  0.1221E-01
      3.277  0.5365E-01  0.8333E-01  0.5792E-01  0.9033E-01  0.1350E-01  0.7296E-02  0.1205E-01  0.6795E-02  0.1168E-01
      3.313  0.4720E-01  0.8390E-01  0.5919E-01  0.9102E-01  0.1259E-01  0.8475E-02  0.1398E-01  0.7781E-02  0.1104E-01
      3.348  0.4287E-01  0.8328E-01  0.6001E-01  0.9308E-01  0.1169E-01  0.9918E-02  0.1595E-01  0.8727E-02  0.1048E-01
      3.384  0.4091E-01  0.8146E-01  0.6044E-01  0.9634E-01  0.1090E-01  0.1157E-01  0.1780E-01  0.9550E-02  0.1020E-01
      3.420  0.4121E-01  0.7840E-01  0.6057E-01  0.1002E+00  0.1029E-01  0.1333E-01  0.1934E-01  0.1018E-01  0.1032E-01
      3.455  0.4341E-01  0.7410E-01  0.6046E-01  0.1036E+00  0.9898E-02  0.1499E-01  0.2039E-01  0.1055E-01  0.1093E-01
      3.491  0.4697E-01  0.6867E-01  0.6008E-01  0.1056E+00  0.9703E-02  0.1635E-01  0.2077E-01  0.1061E-01  0.1198E-01
      3.527  0.5120E-01  0.6234E-01  0.5927E-01  0.1053E+00  0.9657E-02  0.1717E-01  0.2042E-01  0.1034E-01  0.1334E-01
      3.562  0.5527E-01  0.5546E-01  0.5780E-01  0.1023E+00  0.9679E-02  0.1726E-01  0.1934E-01  0.9733E-02  0.1476E-01
      3.598  0.5827E-01  0.4845E-01  0.5538E-01  0.9648E-01  0.9673E-02  0.1657E-01  0.1765E-01  0.8825E-02  0.1595E-01
      3.634  0.5937E-01  0.4172E-01  0.5183E-01  0.8825E-01  0.9553E-02  0.1513E-01  0.1553E-01  0.7688E-02  0.1664E-01
      3.669  0.5803E-01  0.3562E-01  0.4712E-01  0.7832E-01  0.9259E-02  0.1314E-01  0.1321E-01  0.6423E-02  0.1660E-01
      3.705  0.5416E-01  0.3045E-01  0.4143E-01  0.6759E-01  0.8775E-02  0.1085E-01  0.1095E-01  0.5143E-02  0.1579E-01
      3.741  0.4816E-01  0.2644E-01  0.3515E-01  0.5699E-01  0.8130E-02  0.8533E-02  0.8932E-02  0.3954E-02  0.1428E-01
      3.776  0.4084E-01  0.2375E-01  0.2882E-01  0.4735E-01  0.7393E-02  0.6406E-02  0.7305E-02  0.2932E-02  0.1228E-01
      3.812  0.3320E-01  0.2246E-01  0.2305E-01  0.3929E-01  0.6651E-02  0.4624E-02  0.6142E-02  0.2119E-02  0.1008E-01
      3.848  0.2621E-01  0.2252E-01  0.1839E-01  0.3315E-01  0.5988E-02  0.3254E-02  0.5462E-02  0.1521E-02  0.7968E-02
      3.883  0.2058E-01  0.2374E-01  0.1531E-01  0.2896E-01  0.5464E-02  0.2300E-02  0.5236E-02  0.1121E-02  0.6154E-02
      3.919  0.1672E-01  0.2576E-01  0.1407E-01  0.2649E-01  0.5109E-02  0.1732E-02  0.5414E-02  0.8891E-03  0.4765E-02
      3.955  0.1474E-01  0.2811E-01  0.1480E-01  0.2533E-01  0.4916E-02  0.1516E-02  0.5937E-02  0.7991E-03  0.3823E-02
      3.990  0.1454E-01  0.3027E-01  0.1744E-01  0.2498E-01  0.4849E-02  0.1637E-02  0.6749E-02  0.8343E-03  0.3275E-02
      4.026  0.1592E-01  0.3177E-01  0.2181E-01  0.2497E-01  0.4852E-02  0.2111E-02  0.7805E-02  0.9933E-03  0.3018E-02
      4.062  0.1863E-01  0.3227E-01  0.2762E-01  0.2492E-01  0.4865E-02  0.2975E-02  0.9062E-02  0.1288E-02  0.2940E-02
      4.097  0.2248E-01  0.3165E-01  0.3449E-01  0.2457E-01  0.4836E-02  0.4275E-02  0.1047E-01  0.1736E-02  0.2943E-02
      4.133  0.2734E-01  0.2995E-01  0.4195E-01  0.2382E-01  0.4734E-02  0.6034E-02  0.1194E-01  0.2349E-02  0.2960E-02
      4.169  0.3309E-01  0.2741E-01  0.4952E-01  0.2268E-01  0.4557E-02  0.8217E-02  0.1337E-01  0.3118E-02  0.2965E-02
      4.204  0.3966E-01  0.2431E-01  0.5665E-01  0.2125E-01  0.4330E-02  0.1070E-01  0.1462E-01  0.4002E-02  0.2967E-02
      4.240  0.4693E-01  0.2100E-01  0.6283E-01  0.1969E-01  0.4098E-02  0.1328E-01  0.1554E-01  0.4922E-02  0.2995E-02
      4.276  0.5467E-01  0.1774E-01  0.6753E-01  0.1818E-01  0.3904E-02  0.1566E-01  0.1598E-01  0.5771E-02  0.3084E-02
      4.311  0.6247E-01  0.1478E-01  0.7034E-01  0.1688E-01  0.3781E-02  0.1755E-01  0.1586E-01  0.6436E-02  0.3258E-02
      4.347  0.6970E-01  0.1227E-01  0.7097E-01  0.1591E-01  0.3736E-02  0.1870E-01  0.1520E-01  0.6822E-02  0.3518E-02
      4.383  0.7555E-01  0.1030E-01  0.6932E-01  0.1533E-01  0.3755E-02  0.1896E-01  0.1405E-01  0.6881E-02  0.3839E-02
      4.418  0.7920E-01  0.8917E-02  0.6552E-01  0.1516E-01  0.3811E-02  0.1838E-01  0.1256E-01  0.6625E-02  0.4184E-02
      4.454  0.8004E-01  0.8128E-02  0.5992E-01  0.1535E-01  0.3881E-02  0.1714E-01  0.1089E-01  0.6129E-02  0.4517E-02
      4.490  0.7790E-01  0.7916E-02  0.5306E-01  0.1587E-01  0.3963E-02  0.1556E-01  0.9230E-02  0.5511E-02  0.4823E-02
      4.525  0.7320E-01  0.8263E-02  0.4562E-01  0.1667E-01  0.4085E-02  0.1398E-01  0.7707E-02  0.4909E-02  0.5118E-02
      4.561  0.6689E-01  0.9143E-02  0.3830E-01  0.1774E-01  0.4300E-02  0.1273E-01  0.6427E-02  0.4447E-02  0.5448E-02
      4.597  0.6023E-01  0.1052E-01  0.3169E-01  0.1910E-01  0.4666E-02  0.1207E-01  0.5448E-02  0.4216E-02  0.5876E-02
      4.632  0.5445E-01  0.1230E-01  0.2626E-01  0.2078E-01  0.5228E-02  0.1206E-01  0.4782E-02  0.4249E-02  0.6460E-02
      4.668  0.5042E-01  0.1436E-01  0.2227E-01  0.2273E-01  0.5992E-02  0.1266E-01  0.4401E-02  0.4521E-02  0.7226E-02
      4.704  0.4849E-01  0.1650E-01  0.1979E-01  0.2488E-01  0.6914E-02  0.1364E-01  0.4247E-02  0.4957E-02  0.8150E-02
      4.739  0.4845E-01  0.1848E-01  0.1877E-01  0.2704E-01  0.7908E-02  0.1472E-01  0.4247E-02  0.5446E-02  0.9159E-02
      4.775  0.4968E-01  0.2009E-01  0.1906E-01  0.2898E-01  0.8860E-02  0.1557E-01  0.4324E-02  0.5873E-02  0.1014E-01
      4.811  0.5137E-01  0.2119E-01  0.2047E-01  0.3047E-01  0.9656E-02  0.1591E-01  0.4416E-02  0.6149E-02  0.1096E-01
      4.846  0.5274E-01  0.2173E-01  0.2277E-01  0.3134E-01  0.1021E-01  0.1560E-01  0.4481E-02  0.6228E-02  0.1150E-01
      4.882  0.5317E-01  0.2185E-01  0.2574E-01  0.3158E-01  0.1047E-01  0.1465E-01  0.4496E-02  0.6125E-02  0.1170E-01
      4.918  0.5236E-01  0.2179E-01  0.2910E-01  0.3133E-01  0.1046E-01  0.1321E-01  0.4460E-02  0.5899E-02  0.1154E-01
      4.953  0.5030E-01  0.2188E-01  0.3258E-01  0.3091E-01  0.1022E-01  0.1152E-01  0.4381E-02  0.5638E-02  0.1108E-01
      4.989  0.4727E-01  0.2245E-01  0.3590E-01  0.3075E-01  0.9879E-02  0.9859E-02  0.4275E-02  0.5426E-02  0.1042E-01
      5.025  0.4376E-01  0.2375E-01  0.3878E-01  0.3129E-01  0.9541E-02  0.8434E-02  0.4156E-02  0.5319E-02  0.9681E-02
      5.060  0.4033E-01  0.2587E-01  0.4098E-01  0.3282E-01  0.9332E-02  0.7373E-02  0.4035E-02  0.5330E-02  0.8989E-02
      5.096  0.3751E-01  0.2869E-01  0.4224E-01  0.3538E-01  0.9336E-02  0.6694E-02  0.3920E-02  0.5425E-02  0.8421E-02
      5.132  0.3565E-01  0.3190E-01  0.4238E-01  0.3871E-01  0.9581E-02  0.6323E-02  0.3811E-02  0.5541E-02  0.8001E-02
      5.167  0.3486E-01  0.3502E-01  0.4128E-01  0.4226E-01  0.1002E-01  0.6135E-02  0.3701E-02  0.5601E-02  0.7699E-02
      5.203  0.3500E-01  0.3751E-01  0.3895E-01  0.4532E-01  0.1054E-01  0.5992E-02  0.3577E-02  0.5542E-02  0.7441E-02
      5.238  0.3567E-01  0.3888E-01  0.3555E-01  0.4719E-01  0.1098E-01  0.5787E-02  0.3426E-02  0.5333E-02  0.7145E-02
      5.274  0.3641E-01  0.3884E-01  0.3136E-01  0.4739E-01  0.1117E-01  0.5457E-02  0.3236E-02  0.4975E-02  0.6739E-02
      5.310  0.3673E-01  0.3730E-01  0.2678E-01  0.4580E-01  0.1100E-01  0.4990E-02  0.3000E-02  0.4501E-02  0.6190E-02
      5.345  0.3626E-01  0.3444E-01  0.2220E-01  0.4261E-01  0.1041E-01  0.4415E-02  0.2722E-02  0.3961E-02  0.5507E-02
      5.381  0.3481E-01  0.3062E-01  0.1796E-01  0.3828E-01  0.9435E-02  0.3782E-02  0.2417E-02  0.3403E-02  0.4735E-02
      5.417  0.3236E-01  0.2631E-01  0.1430E-01  0.3340E-01  0.8176E-02  0.3146E-02  0.2102E-02  0.2869E-02  0.3936E-02
      5.452  0.2908E-01  0.2199E-01  0.1129E-01  0.2851E-01  0.6776E-02  0.2553E-02  0.1799E-02  0.2383E-02  0.3174E-02
      5.488  0.2525E-01  0.1804E-01  0.8900E-02  0.2398E-01  0.5379E-02  0.2033E-02  0.1524E-02  0.1955E-02  0.2498E-02
      5.524  0.2121E-01  0.1469E-01  0.7034E-02  0.2004E-01  0.4106E-02  0.1599E-02  0.1288E-02  0.1586E-02  0.1936E-02
      5.559  0.1728E-01  0.1200E-01  0.5561E-02  0.1672E-01  0.3030E-02  0.1250E-02  0.1095E-02  0.1274E-02  0.1495E-02
      5.595  0.1370E-01  0.9935E-02  0.4371E-02  0.1396E-01  0.2181E-02  0.9772E-03  0.9407E-03  0.1012E-02  0.1165E-02
      5.631  0.1064E-01  0.8342E-02  0.3387E-02  0.1164E-01  0.1550E-02  0.7676E-03  0.8174E-03  0.7951E-03  0.9245E-03
      5.666  0.8125E-02  0.7067E-02  0.2565E-02  0.9667E-02  0.1102E-02  0.6067E-03  0.7149E-03  0.6178E-03  0.7506E-03
      5.702  0.6139E-02  0.5974E-02  0.1885E-02  0.7941E-02  0.7942E-03  0.4816E-03  0.6236E-03  0.4747E-03  0.6200E-03
      5.738  0.4600E-02  0.4976E-02  0.1339E-02  0.6412E-02  0.5832E-03  0.3817E-03  0.5365E-03  0.3601E-03  0.5149E-03
      5.773  0.3415E-02  0.4037E-02  0.9161E-03  0.5056E-02  0.4348E-03  0.2995E-03  0.4503E-03  0.2690E-03  0.4233E-03
      5.809  0.2502E-02  0.3160E-02  0.6031E-03  0.3868E-02  0.3252E-03  0.2304E-03  0.3652E-03  0.1969E-03  0.3396E-03
      5.845  0.1795E-02  0.2371E-02  0.3819E-03  0.2855E-02  0.2403E-03  0.1722E-03  0.2840E-03  0.1406E-03  0.2628E-03
      5.880  0.1251E-02  0.1698E-02  0.2326E-03  0.2023E-02  0.1728E-03  0.1240E-03  0.2106E-03  0.9716E-04  0.1945E-03
      5.916  0.8406E-03  0.1156E-02  0.1364E-03  0.1370E-02  0.1195E-03  0.8537E-04  0.1482E-03  0.6466E-04  0.1369E-03
      5.952  0.5409E-03  0.7460E-03  0.7695E-04  0.8835E-03  0.7881E-04  0.5597E-04  0.9868E-04  0.4121E-04  0.9119E-04
      5.987  0.3315E-03  0.4559E-03  0.4176E-04  0.5409E-03  0.4931E-04  0.3479E-04  0.6204E-04  0.2503E-04  0.5737E-04
      6.023  0.1928E-03  0.2634E-03  0.2177E-04  0.3137E-03  0.2916E-04  0.2045E-04  0.3677E-04  0.1444E-04  0.3402E-04
      6.059  0.1060E-03  0.1437E-03  0.1089E-04  0.1719E-03  0.1626E-04  0.1134E-04  0.2052E-04  0.7891E-05  0.1900E-04
      6.094  0.5505E-04  0.7393E-04  0.5211E-05  0.8894E-04  0.8533E-05  0.5928E-05  0.1077E-04  0.4074E-05  0.9976E-05
      6.130  0.2694E-04  0.3586E-04  0.2381E-05  0.4338E-04  0.4213E-05  0.2916E-05  0.5317E-05  0.1985E-05  0.4925E-05
      6.166  0.1242E-04  0.1639E-04  0.1036E-05  0.1993E-04  0.1955E-05  0.1349E-05  0.2466E-05  0.9114E-06  0.2285E-05
      6.201  0.5383E-05  0.7051E-05  0.4286E-06  0.8616E-05  0.8523E-06  0.5870E-06  0.1075E-05  0.3940E-06  0.9959E-06
      6.237  0.2195E-05  0.2855E-05  0.1681E-06  0.3504E-05  0.3490E-06  0.2400E-06  0.4401E-06  0.1602E-06  0.4077E-06
      6.273  0.8410E-06  0.1087E-05  0.6243E-07  0.1340E-05  0.1342E-06  0.9217E-07  0.1692E-06  0.6128E-07  0.1568E-06
      6.308  0.3028E-06  0.3894E-06  0.2191E-07  0.4818E-06  0.4848E-07  0.3325E-07  0.6110E-07  0.2203E-07  0.5659E-07
      6.344  0.1024E-06  0.1311E-06  0.7259E-08  0.1627E-06  0.1644E-07  0.1126E-07  0.2072E-07  0.7444E-08  0.1918E-07
      6.380  0.3255E-07  0.4150E-07  0.2268E-08  0.5164E-07  0.5234E-08  0.3583E-08  0.6594E-08  0.2363E-08  0.6106E-08
      6.415  0.9712E-08  0.1234E-07  0.6673E-09  0.1539E-07  0.1564E-08  0.1070E-08  0.1971E-08  0.7044E-09  0.1825E-08
      6.451  0.2721E-08  0.3449E-08  0.1849E-09  0.4310E-08  0.4389E-09  0.3002E-09  0.5529E-09  0.1973E-09  0.5118E-09
      6.487  0.7160E-09  0.9052E-09  0.4821E-10  0.1133E-08  0.1156E-09  0.7905E-10  0.1456E-09  0.5187E-10  0.1348E-09
      6.522  0.1769E-09  0.2232E-09  0.1182E-10  0.2798E-09  0.2859E-10  0.1954E-10  0.3601E-10  0.1281E-10  0.3333E-10
      6.558  0.4103E-10  0.5167E-10  0.2725E-11  0.6487E-10  0.6636E-11  0.4535E-11  0.8357E-11  0.2970E-11  0.7735E-11
      6.594  0.8934E-11  0.1124E-10  0.5903E-12  0.1412E-10  0.1446E-11  0.9878E-12  0.1821E-11  0.6466E-12  0.1685E-11
      6.629  0.1826E-11  0.2294E-11  0.1202E-12  0.2885E-11  0.2958E-12  0.2020E-12  0.3724E-12  0.1321E-12  0.3447E-12
      6.665  0.3505E-12  0.4398E-12  0.2299E-13  0.5536E-12  0.5679E-13  0.3878E-13  0.7151E-13  0.2536E-13  0.6617E-13
      6.701  0.6315E-13  0.7917E-13  0.4130E-14  0.9972E-13  0.1023E-13  0.6989E-14  0.1289E-13  0.4568E-14  0.1192E-13
      6.736  0.1068E-13  0.1338E-13  0.6961E-15  0.1686E-13  0.1731E-14  0.1182E-14  0.2180E-14  0.7723E-15  0.2017E-14
      6.772  0.1695E-14  0.2123E-14  0.1105E-15  0.2676E-14  0.2747E-15  0.1876E-15  0.3459E-15  0.1226E-15  0.3201E-15
      6.808  0.2540E-15  0.3170E-15  0.1638E-16  0.4006E-15  0.4124E-16  0.2815E-16  0.5193E-16  0.1836E-16  0.4804E-16
      6.843  0.3544E-16  0.4424E-16  0.2286E-17  0.5590E-16  0.5754E-17  0.3927E-17  0.7246E-17  0.2562E-17  0.6703E-17
      6.879  0.3938E-17  0.4915E-17  0.2540E-18  0.6211E-17  0.6394E-18  0.4364E-18  0.8051E-18  0.2846E-18  0.7447E-18
      6.915  0.0000E+00  0.0000E+00  0.0000E+00  0.0000E+00  0.0000E+00  0.0000E+00  0.0000E+00  0.0000E+00  0.0000E+00
      6.950  0.0000E+00  0.0000E+00  0.0000E+00  0.0000E+00  0.0000E+00  0.0000E+00  0.0000E+00  0.0000E+00  0.0000E+00
      6.986  0.0000E+00  0.0000E+00  0.0000E+00  0.0000E+00  0.0000E+00  0.0000E+00  0.0000E+00  0.0000E+00  0.0000E+00
      7.022  0.0000E+00  0.0000E+00  0.0000E+00  0.0000E+00  0.0000E+00  0.0000E+00  0.0000E+00  0.0000E+00  0.0000E+00
      7.057  0.0000E+00  0.0000E+00  0.0000E+00  0.0000E+00  0.0000E+00  0.0000E+00  0.0000E+00  0.0000E+00  0.0000E+00
      7.093  0.0000E+00  0.0000E+00  0.0000E+00  0.0000E+00  0.0000E+00  0.0000E+00  0.0000E+00  0.0000E+00  0.0000E+00
      7.129  0.0000E+00  0.0000E+00  0.0000E+00  0.0000E+00  0.0000E+00  0.0000E+00  0.0000E+00  0.0000E+00  0.0000E+00
      7.164  0.0000E+00  0.0000E+00  0.0000E+00  0.0000E+00  0.0000E+00  0.0000E+00  0.0000E+00  0.0000E+00  0.0000E+00
      7.200  0.0000E+00  0.0000E+00  0.0000E+00  0.0000E+00  0.0000E+00  0.0000E+00  0.0000E+00  0.0000E+00  0.0000E+00
      7.236  0.0000E+00  0.0000E+00  0.0000E+00  0.0000E+00  0.0000E+00  0.0000E+00  0.0000E+00  0.0000E+00  0.0000E+00
      7.271  0.0000E+00  0.0000E+00  0.0000E+00  0.0000E+00  0.0000E+00  0.0000E+00  0.0000E+00  0.0000E+00  0.0000E+00
      7.307  0.0000E+00  0.0000E+00  0.0000E+00  0.0000E+00  0.0000E+00  0.0000E+00  0.0000E+00  0.0000E+00  0.0000E+00
      7.343  0.0000E+00  0.0000E+00  0.0000E+00  0.0000E+00  0.0000E+00  0.0000E+00  0.0000E+00  0.0000E+00  0.0000E+00
      7.378  0.0000E+00  0.0000E+00  0.0000E+00  0.0000E+00  0.0000E+00  0.0000E+00  0.0000E+00  0.0000E+00  0.0000E+00
      7.414  0.0000E+00  0.0000E+00  0.0000E+00  0.0000E+00  0.0000E+00  0.0000E+00  0.0000E+00  0.0000E+00  0.0000E+00
      7.450  0.0000E+00  0.0000E+00  0.0000E+00  0.0000E+00  0.0000E+00  0.0000E+00  0.0000E+00  0.0000E+00  0.0000E+00
      7.485  0.0000E+00  0.0000E+00  0.0000E+00  0.0000E+00  0.0000E+00  0.0000E+00  0.0000E+00  0.0000E+00  0.0000E+00
      7.521  0.0000E+00  0.0000E+00  0.0000E+00  0.0000E+00  0.0000E+00  0.0000E+00  0.0000E+00  0.0000E+00  0.0000E+00
      7.556  0.0000E+00  0.0000E+00  0.0000E+00  0.0000E+00  0.0000E+00  0.0000E+00  0.0000E+00  0.0000E+00  0.0000E+00
      7.592  0.0000E+00  0.0000E+00  0.0000E+00  0.0000E+00  0.0000E+00  0.0000E+00  0.0000E+00  0.0000E+00  0.0000E+00
      7.628  0.0000E+00  0.0000E+00  0.0000E+00  0.0000E+00  0.0000E+00  0.0000E+00  0.0000E+00  0.0000E+00  0.0000E+00
      7.663  0.0000E+00  0.0000E+00  0.0000E+00  0.0000E+00  0.0000E+00  0.0000E+00  0.0000E+00  0.0000E+00  0.0000E+00
      7.699  0.0000E+00  0.0000E+00  0.0000E+00  0.0000E+00  0.0000E+00  0.0000E+00  0.0000E+00  0.0000E+00  0.0000E+00

