      1.99944680    -22.40412800 1000     -4.10755241      1.00000000
    -22.404  0.0000E+00  0.0000E+00  0.0000E+00  0.0000E+00  0.0000E+00  0.0000E+00  0.0000E+00  0.0000E+00  0.0000E+00
    -22.380  0.0000E+00  0.0000E+00  0.0000E+00  0.0000E+00  0.0000E+00  0.0000E+00  0.0000E+00  0.0000E+00  0.0000E+00
    -22.355  0.0000E+00  0.0000E+00  0.0000E+00  0.0000E+00  0.0000E+00  0.0000E+00  0.0000E+00  0.0000E+00  0.0000E+00
    -22.331  0.0000E+00  0.0000E+00  0.0000E+00  0.0000E+00  0.0000E+00  0.0000E+00  0.0000E+00  0.0000E+00  0.0000E+00
    -22.306  0.0000E+00  0.0000E+00  0.0000E+00  0.0000E+00  0.0000E+00  0.0000E+00  0.0000E+00  0.0000E+00  0.0000E+00
    -22.282  0.0000E+00  0.0000E+00  0.0000E+00  0.0000E+00  0.0000E+00  0.0000E+00  0.0000E+00  0.0000E+00  0.0000E+00
    -22.258  0.0000E+00  0.0000E+00  0.0000E+00  0.0000E+00  0.0000E+00  0.0000E+00  0.0000E+00  0.0000E+00  0.0000E+00
    -22.233  0.0000E+00  0.0000E+00  0.0000E+00  0.0000E+00  0.0000E+00  0.0000E+00  0.0000E+00  0.0000E+00  0.0000E+00
    -22.209  0.0000E+00  0.0000E+00  0.0000E+00  0.0000E+00  0.0000E+00  0.0000E+00  0.0000E+00  0.0000E+00  0.0000E+00
    -22.184  0.0000E+00  0.0000E+00  0.0000E+00  0.0000E+00  0.0000E+00  0.0000E+00  0.0000E+00  0.0000E+00  0.0000E+00
    -22.160  0.0000E+00  0.0000E+00  0.0000E+00  0.0000E+00  0.0000E+00  0.0000E+00  0.0000E+00  0.0000E+00  0.0000E+00
    -22.135  0.0000E+00  0.0000E+00  0.0000E+00  0.0000E+00  0.0000E+00  0.0000E+00  0.0000E+00  0.0000E+00  0.0000E+00
    -22.111  0.0000E+00  0.0000E+00  0.0000E+00  0.0000E+00  0.0000E+00  0.0000E+00  0.0000E+00  0.0000E+00  0.0000E+00
    -22.087  0.0000E+00  0.0000E+00  0.0000E+00  0.0000E+00  0.0000E+00  0.0000E+00  0.0000E+00  0.0000E+00  0.0000E+00
    -22.062  0.0000E+00  0.0000E+00  0.0000E+00  0.0000E+00  0.0000E+00  0.0000E+00  0.0000E+00  0.0000E+00  0.0000E+00
    -22.038  0.0000E+00  0.0000E+00  0.0000E+00  0.0000E+00  0.0000E+00  0.0000E+00  0.0000E+00  0.0000E+00  0.0000E+00
    -22.013  0.0000E+00  0.0000E+00  0.0000E+00  0.0000E+00  0.0000E+00  0.0000E+00  0.0000E+00  0.0000E+00  0.0000E+00
    -21.989  0.0000E+00  0.0000E+00  0.0000E+00  0.0000E+00  0.0000E+00  0.0000E+00  0.0000E+00  0.0000E+00  0.0000E+00
    -21.964  0.0000E+00  0.0000E+00  0.0000E+00  0.0000E+00  0.0000E+00  0.0000E+00  0.0000E+00  0.0000E+00  0.0000E+00
    -21.940  0.0000E+00  0.0000E+00  0.0000E+00  0.0000E+00  0.0000E+00  0.0000E+00  0.0000E+00  0.0000E+00  0.0000E+00
    -21.916  0.0000E+00  0.0000E+00  0.0000E+00  0.0000E+00  0.0000E+00  0.0000E+00  0.0000E+00  0.0000E+00  0.0000E+00
    -21.891  0.0000E+00  0.0000E+00  0.0000E+00  0.0000E+00  0.0000E+00  0.0000E+00  0.0000E+00  0.0000E+00  0.0000E+00
    -21.867  0.2010E-14  0.4088E-16  0.2736E-16  0.5543E-16  0.0000E+00  0.0000E+00  0.0000E+00  0.0000E+00  0.0000E+00
    -21.842  0.2748E-13  0.5587E-15  0.3739E-15  0.7575E-15  0.0000E+00  0.0000E+00  0.0000E+00  0.0000E+00  0.0000E+00
    -21.818  0.3937E-12  0.8005E-14  0.5358E-14  0.1085E-13  0.0000E+00  0.0000E+00  0.0000E+00  0.0000E+00  0.0000E+00
    -21.793  0.4953E-11  0.1007E-12  0.6740E-13  0.1366E-12  0.0000E+00  0.0000E+00  0.0000E+00  0.0000E+00  0.0000E+00
    -21.769  0.5535E-10  0.1125E-11  0.7532E-12  0.1526E-11  0.0000E+00  0.0000E+00  0.0000E+00  0.0000E+00  0.0000E+00
    -21.745  0.5494E-09  0.1117E-10  0.7477E-11  0.1515E-10  0.0000E+00  0.0000E+00  0.0000E+00  0.0000E+00  0.0000E+00
    -21.720  0.4845E-08  0.9852E-10  0.6594E-10  0.1336E-09  0.0000E+00  0.0000E+00  0.0000E+00  0.0000E+00  0.0000E+00
    -21.696  0.3796E-07  0.7718E-09  0.5165E-09  0.1046E-08  0.0000E+00  0.0000E+00  0.0000E+00  0.0000E+00  0.0000E+00
    -21.671  0.2641E-06  0.5371E-08  0.3595E-08  0.7283E-08  0.0000E+00  0.0000E+00  0.0000E+00  0.0000E+00  0.0000E+00
    -21.647  0.1633E-05  0.3321E-07  0.2222E-07  0.4503E-07  0.0000E+00  0.0000E+00  0.0000E+00  0.0000E+00  0.0000E+00
    -21.622  0.8970E-05  0.1824E-06  0.1221E-06  0.2473E-06  0.0000E+00  0.0000E+00  0.0000E+00  0.0000E+00  0.0000E+00
    -21.598  0.4377E-04  0.8900E-06  0.5957E-06  0.1207E-05  0.0000E+00  0.0000E+00  0.0000E+00  0.0000E+00  0.0000E+00
    -21.574  0.1898E-03  0.3859E-05  0.2582E-05  0.5232E-05  0.0000E+00  0.0000E+00  0.0000E+00  0.0000E+00  0.0000E+00
    -21.549  0.7309E-03  0.1486E-04  0.9947E-05  0.2015E-04  0.0000E+00  0.0000E+00  0.0000E+00  0.0000E+00  0.0000E+00
    -21.525  0.2501E-02  0.5086E-04  0.3404E-04  0.6897E-04  0.0000E+00  0.0000E+00  0.0000E+00  0.0000E+00  0.0000E+00
    -21.500  0.7606E-02  0.1547E-03  0.1035E-03  0.2097E-03  0.0000E+00  0.0000E+00  0.0000E+00  0.0000E+00  0.0000E+00
    -21.476  0.2055E-01  0.4178E-03  0.2796E-03  0.5665E-03  0.0000E+00  0.0000E+00  0.0000E+00  0.0000E+00  0.0000E+00
    -21.451  0.4932E-01  0.1003E-02  0.6712E-03  0.1360E-02  0.0000E+00  0.0000E+00  0.0000E+00  0.0000E+00  0.0000E+00
    -21.427  0.1052E+00  0.2139E-02  0.1431E-02  0.2900E-02  0.0000E+00  0.0000E+00  0.0000E+00  0.0000E+00  0.0000E+00
    -21.403  0.1993E+00  0.4053E-02  0.2712E-02  0.5495E-02  0.0000E+00  0.0000E+00  0.0000E+00  0.0000E+00  0.0000E+00
    -21.378  0.3356E+00  0.6824E-02  0.4567E-02  0.9253E-02  0.0000E+00  0.0000E+00  0.0000E+00  0.0000E+00  0.0000E+00
    -21.354  0.5021E+00  0.1021E-01  0.6832E-02  0.1384E-01  0.0000E+00  0.0000E+00  0.0000E+00  0.0000E+00  0.0000E+00
    -21.329  0.6674E+00  0.1357E-01  0.9083E-02  0.1840E-01  0.0000E+00  0.0000E+00  0.0000E+00  0.0000E+00  0.0000E+00
    -21.305  0.7883E+00  0.1603E-01  0.1073E-01  0.2173E-01  0.0000E+00  0.0000E+00  0.0000E+00  0.0000E+00  0.0000E+00
    -21.280  0.8274E+00  0.1682E-01  0.1126E-01  0.2281E-01  0.0000E+00  0.0000E+00  0.0000E+00  0.0000E+00  0.0000E+00
    -21.256  0.7716E+00  0.1569E-01  0.1050E-01  0.2127E-01  0.0000E+00  0.0000E+00  0.0000E+00  0.0000E+00  0.0000E+00
    -21.232  0.6393E+00  0.1300E-01  0.8701E-02  0.1763E-01  0.0000E+00  0.0000E+00  0.0000E+00  0.0000E+00  0.0000E+00
    -21.207  0.4707E+00  0.9572E-02  0.6406E-02  0.1298E-01  0.0000E+00  0.0000E+00  0.0000E+00  0.0000E+00  0.0000E+00
    -21.183  0.3080E+00  0.6262E-02  0.4191E-02  0.8491E-02  0.0000E+00  0.0000E+00  0.0000E+00  0.0000E+00  0.0000E+00
    -21.158  0.1790E+00  0.3640E-02  0.2436E-02  0.4935E-02  0.0000E+00  0.0000E+00  0.0000E+00  0.0000E+00  0.0000E+00
    -21.134  0.9246E-01  0.1880E-02  0.1258E-02  0.2549E-02  0.0000E+00  0.0000E+00  0.0000E+00  0.0000E+00  0.0000E+00
    -21.109  0.4243E-01  0.8628E-03  0.5774E-03  0.1170E-02  0.0000E+00  0.0000E+00  0.0000E+00  0.0000E+00  0.0000E+00
    -21.085  0.1730E-01  0.3518E-03  0.2355E-03  0.4770E-03  0.0000E+00  0.0000E+00  0.0000E+00  0.0000E+00  0.0000E+00
    -21.061  0.6268E-02  0.1275E-03  0.8530E-04  0.1728E-03  0.0000E+00  0.0000E+00  0.0000E+00  0.0000E+00  0.0000E+00
    -21.036  0.2018E-02  0.4103E-04  0.2746E-04  0.5563E-04  0.0000E+00  0.0000E+00  0.0000E+00  0.0000E+00  0.0000E+00
    -21.012  0.5771E-03  0.1173E-04  0.7853E-05  0.1591E-04  0.0000E+00  0.0000E+00  0.0000E+00  0.0000E+00  0.0000E+00
    -20.987  0.1466E-03  0.2982E-05  0.1995E-05  0.4043E-05  0.0000E+00  0.0000E+00  0.0000E+00  0.0000E+00  0.0000E+00
    -20.963  0.3310E-04  0.6731E-06  0.4505E-06  0.9126E-06  0.0000E+00  0.0000E+00  0.0000E+00  0.0000E+00  0.0000E+00
    -20.938  0.6639E-05  0.1350E-06  0.9035E-07  0.1830E-06  0.0000E+00  0.0000E+00  0.0000E+00  0.0000E+00  0.0000E+00
    -20.914  0.1183E-05  0.2406E-07  0.1610E-07  0.3262E-07  0.0000E+00  0.0000E+00  0.0000E+00  0.0000E+00  0.0000E+00
    -20.890  0.1873E-06  0.3808E-08  0.2549E-08  0.5163E-08  0.0000E+00  0.0000E+00  0.0000E+00  0.0000E+00  0.0000E+00
    -20.865  0.2634E-07  0.5355E-09  0.3584E-09  0.7261E-09  0.0000E+00  0.0000E+00  0.0000E+00  0.0000E+00  0.0000E+00
    -20.841  0.3290E-08  0.6691E-10  0.4478E-10  0.9072E-10  0.0000E+00  0.0000E+00  0.0000E+00  0.0000E+00  0.0000E+00
    -20.816  0.3652E-09  0.7425E-11  0.4970E-11  0.1007E-10  0.0000E+00  0.0000E+00  0.0000E+00  0.0000E+00  0.0000E+00
    -20.792  0.3600E-10  0.7321E-12  0.4900E-12  0.9926E-12  0.0000E+00  0.0000E+00  0.0000E+00  0.0000E+00  0.0000E+00
    -20.767  0.3153E-11  0.6411E-13  0.4291E-13  0.8693E-13  0.0000E+00  0.0000E+00  0.0000E+00  0.0000E+00  0.0000E+00
    -20.743  0.2453E-12  0.4987E-14  0.3338E-14  0.6762E-14  0.0000E+00  0.0000E+00  0.0000E+00  0.0000E+00  0.0000E+00
    -20.719  0.1675E-13  0.3407E-15  0.2280E-15  0.4619E-15  0.0000E+00  0.0000E+00  0.0000E+00  0.0000E+00  0.0000E+00
    -20.694  0.1340E-14  0.2725E-16  0.1824E-16  0.3695E-16  0.0000E+00  0.0000E+00  0.0000E+00  0.0000E+00  0.0000E+00
    -20.670  0.0000E+00  0.0000E+00  0.0000E+00  0.0000E+00  0.0000E+00  0.0000E+00  0.0000E+00  0.0000E+00  0.0000E+00
    -20.645  0.0000E+00  0.0000E+00  0.0000E+00  0.0000E+00  0.0000E+00  0.0000E+00  0.0000E+00  0.0000E+00  0.0000E+00
    -20.621  0.0000E+00  0.0000E+00  0.0000E+00  0.0000E+00  0.0000E+00  0.0000E+00  0.0000E+00  0.0000E+00  0.0000E+00
    -20.596  0.0000E+00  0.0000E+00  0.0000E+00  0.0000E+00  0.0000E+00  0.0000E+00  0.0000E+00  0.0000E+00  0.0000E+00
    -20.572  0.0000E+00  0.0000E+00  0.0000E+00  0.0000E+00  0.0000E+00  0.0000E+00  0.0000E+00  0.0000E+00  0.0000E+00
    -20.548  0.0000E+00  0.0000E+00  0.0000E+00  0.0000E+00  0.0000E+00  0.0000E+00  0.0000E+00  0.0000E+00  0.0000E+00
    -20.523  0.0000E+00  0.0000E+00  0.0000E+00  0.0000E+00  0.0000E+00  0.0000E+00  0.0000E+00  0.0000E+00  0.0000E+00
    -20.499  0.0000E+00  0.0000E+00  0.0000E+00  0.0000E+00  0.0000E+00  0.0000E+00  0.0000E+00  0.0000E+00  0.0000E+00
    -20.474  0.0000E+00  0.0000E+00  0.0000E+00  0.0000E+00  0.0000E+00  0.0000E+00  0.0000E+00  0.0000E+00  0.0000E+00
    -20.450  0.0000E+00  0.0000E+00  0.0000E+00  0.0000E+00  0.0000E+00  0.0000E+00  0.0000E+00  0.0000E+00  0.0000E+00
    -20.425  0.0000E+00  0.0000E+00  0.0000E+00  0.0000E+00  0.0000E+00  0.0000E+00  0.0000E+00  0.0000E+00  0.0000E+00
    -20.401  0.0000E+00  0.0000E+00  0.0000E+00  0.0000E+00  0.0000E+00  0.0000E+00  0.0000E+00  0.0000E+00  0.0000E+00
    -20.377  0.0000E+00  0.0000E+00  0.0000E+00  0.0000E+00  0.0000E+00  0.0000E+00  0.0000E+00  0.0000E+00  0.0000E+00
    -20.352  0.0000E+00  0.0000E+00  0.0000E+00  0.0000E+00  0.0000E+00  0.0000E+00  0.0000E+00  0.0000E+00  0.0000E+00
    -20.328  0.0000E+00  0.0000E+00  0.0000E+00  0.0000E+00  0.0000E+00  0.0000E+00  0.0000E+00  0.0000E+00  0.0000E+00
    -20.303  0.0000E+00  0.0000E+00  0.0000E+00  0.0000E+00  0.0000E+00  0.0000E+00  0.0000E+00  0.0000E+00  0.0000E+00
    -20.279  0.0000E+00  0.0000E+00  0.0000E+00  0.0000E+00  0.0000E+00  0.0000E+00  0.0000E+00  0.0000E+00  0.0000E+00
    -20.254  0.4574E-14  0.2232E-16  0.2376E-16  0.1054E-16  0.0000E+00  0.0000E+00  0.0000E+00  0.0000E+00  0.0000E+00
    -20.230  0.6404E-13  0.3124E-15  0.3327E-15  0.1475E-15  0.0000E+00  0.0000E+00  0.0000E+00  0.0000E+00  0.0000E+00
    -20.206  0.9141E-12  0.4459E-14  0.4749E-14  0.2105E-14  0.0000E+00  0.0000E+00  0.0000E+00  0.0000E+00  0.0000E+00
    -20.181  0.1149E-10  0.5605E-13  0.5969E-13  0.2646E-13  0.0000E+00  0.0000E+00  0.0000E+00  0.0000E+00  0.0000E+00
    -20.157  0.1283E-09  0.6258E-12  0.6664E-12  0.2954E-12  0.0000E+00  0.0000E+00  0.0000E+00  0.0000E+00  0.0000E+00
    -20.132  0.1272E-08  0.6206E-11  0.6609E-11  0.2930E-11  0.0000E+00  0.0000E+00  0.0000E+00  0.0000E+00  0.0000E+00
    -20.108  0.1121E-07  0.5468E-10  0.5823E-10  0.2582E-10  0.0000E+00  0.0000E+00  0.0000E+00  0.0000E+00  0.0000E+00
    -20.083  0.8772E-07  0.4280E-09  0.4557E-09  0.2020E-09  0.0000E+00  0.0000E+00  0.0000E+00  0.0000E+00  0.0000E+00
    -20.059  0.6099E-06  0.2976E-08  0.3168E-08  0.1405E-08  0.0000E+00  0.0000E+00  0.0000E+00  0.0000E+00  0.0000E+00
    -20.035  0.3767E-05  0.1838E-07  0.1957E-07  0.8677E-08  0.0000E+00  0.0000E+00  0.0000E+00  0.0000E+00  0.0000E+00
    -20.010  0.2067E-04  0.1009E-06  0.1074E-06  0.4762E-07  0.0000E+00  0.0000E+00  0.0000E+00  0.0000E+00  0.0000E+00
    -19.986  0.1008E-03  0.4917E-06  0.5236E-06  0.2321E-06  0.0000E+00  0.0000E+00  0.0000E+00  0.0000E+00  0.0000E+00
    -19.961  0.4366E-03  0.2130E-05  0.2268E-05  0.1005E-05  0.0000E+00  0.0000E+00  0.0000E+00  0.0000E+00  0.0000E+00
    -19.937  0.1680E-02  0.8196E-05  0.8727E-05  0.3869E-05  0.0000E+00  0.0000E+00  0.0000E+00  0.0000E+00  0.0000E+00
    -19.912  0.5744E-02  0.2802E-04  0.2984E-04  0.1323E-04  0.0000E+00  0.0000E+00  0.0000E+00  0.0000E+00  0.0000E+00
    -19.888  0.1745E-01  0.8512E-04  0.9064E-04  0.4019E-04  0.0000E+00  0.0000E+00  0.0000E+00  0.0000E+00  0.0000E+00
    -19.864  0.4709E-01  0.2297E-03  0.2446E-03  0.1085E-03  0.0000E+00  0.0000E+00  0.0000E+00  0.0000E+00  0.0000E+00
    -19.839  0.1129E+00  0.5509E-03  0.5867E-03  0.2601E-03  0.0000E+00  0.0000E+00  0.0000E+00  0.0000E+00  0.0000E+00
    -19.815  0.2406E+00  0.1174E-02  0.1250E-02  0.5542E-03  0.0000E+00  0.0000E+00  0.0000E+00  0.0000E+00  0.0000E+00
    -19.790  0.4556E+00  0.2222E-02  0.2367E-02  0.1049E-02  0.0000E+00  0.0000E+00  0.0000E+00  0.0000E+00  0.0000E+00
    -19.766  0.7663E+00  0.3739E-02  0.3981E-02  0.1765E-02  0.0000E+00  0.0000E+00  0.0000E+00  0.0000E+00  0.0000E+00
    -19.741  0.1145E+01  0.5588E-02  0.5950E-02  0.2638E-02  0.0000E+00  0.0000E+00  0.0000E+00  0.0000E+00  0.0000E+00
    -19.717  0.1521E+01  0.7421E-02  0.7903E-02  0.3504E-02  0.0000E+00  0.0000E+00  0.0000E+00  0.0000E+00  0.0000E+00
    -19.693  0.1795E+01  0.8758E-02  0.9326E-02  0.4135E-02  0.0000E+00  0.0000E+00  0.0000E+00  0.0000E+00  0.0000E+00
    -19.668  0.1882E+01  0.9183E-02  0.9778E-02  0.4335E-02  0.0000E+00  0.0000E+00  0.0000E+00  0.0000E+00  0.0000E+00
    -19.644  0.1754E+01  0.8556E-02  0.9111E-02  0.4039E-02  0.0000E+00  0.0000E+00  0.0000E+00  0.0000E+00  0.0000E+00
    -19.619  0.1452E+01  0.7083E-02  0.7542E-02  0.3344E-02  0.0000E+00  0.0000E+00  0.0000E+00  0.0000E+00  0.0000E+00
    -19.595  0.1068E+01  0.5210E-02  0.5548E-02  0.2460E-02  0.0000E+00  0.0000E+00  0.0000E+00  0.0000E+00  0.0000E+00
    -19.570  0.6981E+00  0.3405E-02  0.3626E-02  0.1608E-02  0.0000E+00  0.0000E+00  0.0000E+00  0.0000E+00  0.0000E+00
    -19.546  0.4054E+00  0.1978E-02  0.2106E-02  0.9337E-03  0.0000E+00  0.0000E+00  0.0000E+00  0.0000E+00  0.0000E+00
    -19.522  0.2092E+00  0.1021E-02  0.1087E-02  0.4818E-03  0.0000E+00  0.0000E+00  0.0000E+00  0.0000E+00  0.0000E+00
    -19.497  0.9591E-01  0.4679E-03  0.4982E-03  0.2209E-03  0.0000E+00  0.0000E+00  0.0000E+00  0.0000E+00  0.0000E+00
    -19.473  0.3907E-01  0.1906E-03  0.2030E-03  0.8999E-04  0.0000E+00  0.0000E+00  0.0000E+00  0.0000E+00  0.0000E+00
    -19.448  0.1414E-01  0.6900E-04  0.7347E-04  0.3257E-04  0.0000E+00  0.0000E+00  0.0000E+00  0.0000E+00  0.0000E+00
    -19.424  0.4548E-02  0.2219E-04  0.2363E-04  0.1048E-04  0.0000E+00  0.0000E+00  0.0000E+00  0.0000E+00  0.0000E+00
    -19.399  0.1300E-02  0.6340E-05  0.6751E-05  0.2993E-05  0.0000E+00  0.0000E+00  0.0000E+00  0.0000E+00  0.0000E+00
    -19.375  0.3299E-03  0.1610E-05  0.1714E-05  0.7599E-06  0.0000E+00  0.0000E+00  0.0000E+00  0.0000E+00  0.0000E+00
    -19.351  0.7441E-04  0.3630E-06  0.3866E-06  0.1714E-06  0.0000E+00  0.0000E+00  0.0000E+00  0.0000E+00  0.0000E+00
    -19.326  0.1491E-04  0.7274E-07  0.7746E-07  0.3434E-07  0.0000E+00  0.0000E+00  0.0000E+00  0.0000E+00  0.0000E+00
    -19.302  0.2654E-05  0.1295E-07  0.1379E-07  0.6114E-08  0.0000E+00  0.0000E+00  0.0000E+00  0.0000E+00  0.0000E+00
    -19.277  0.4198E-06  0.2048E-08  0.2181E-08  0.9669E-09  0.0000E+00  0.0000E+00  0.0000E+00  0.0000E+00  0.0000E+00
    -19.253  0.5899E-07  0.2878E-09  0.3064E-09  0.1359E-09  0.0000E+00  0.0000E+00  0.0000E+00  0.0000E+00  0.0000E+00
    -19.228  0.7363E-08  0.3592E-10  0.3825E-10  0.1696E-10  0.0000E+00  0.0000E+00  0.0000E+00  0.0000E+00  0.0000E+00
    -19.204  0.8164E-09  0.3983E-11  0.4241E-11  0.1880E-11  0.0000E+00  0.0000E+00  0.0000E+00  0.0000E+00  0.0000E+00
    -19.180  0.8041E-10  0.3923E-12  0.4177E-12  0.1852E-12  0.0000E+00  0.0000E+00  0.0000E+00  0.0000E+00  0.0000E+00
    -19.155  0.7035E-11  0.3432E-13  0.3655E-13  0.1620E-13  0.0000E+00  0.0000E+00  0.0000E+00  0.0000E+00  0.0000E+00
    -19.131  0.5474E-12  0.2670E-14  0.2844E-14  0.1261E-14  0.0000E+00  0.0000E+00  0.0000E+00  0.0000E+00  0.0000E+00
    -19.106  0.3660E-13  0.1785E-15  0.1901E-15  0.8429E-16  0.0000E+00  0.0000E+00  0.0000E+00  0.0000E+00  0.0000E+00
    -19.082  0.3050E-14  0.1488E-16  0.1584E-16  0.7024E-17  0.0000E+00  0.0000E+00  0.0000E+00  0.0000E+00  0.0000E+00
    -19.057  0.0000E+00  0.0000E+00  0.0000E+00  0.0000E+00  0.0000E+00  0.0000E+00  0.0000E+00  0.0000E+00  0.0000E+00
    -19.033  0.0000E+00  0.0000E+00  0.0000E+00  0.0000E+00  0.0000E+00  0.0000E+00  0.0000E+00  0.0000E+00  0.0000E+00
    -19.009  0.0000E+00  0.0000E+00  0.0000E+00  0.0000E+00  0.0000E+00  0.0000E+00  0.0000E+00  0.0000E+00  0.0000E+00
    -18.984  0.0000E+00  0.0000E+00  0.0000E+00  0.0000E+00  0.0000E+00  0.0000E+00  0.0000E+00  0.0000E+00  0.0000E+00
    -18.960  0.0000E+00  0.0000E+00  0.0000E+00  0.0000E+00  0.0000E+00  0.0000E+00  0.0000E+00  0.0000E+00  0.0000E+00
    -18.935  0.0000E+00  0.0000E+00  0.0000E+00  0.0000E+00  0.0000E+00  0.0000E+00  0.0000E+00  0.0000E+00  0.0000E+00
    -18.911  0.0000E+00  0.0000E+00  0.0000E+00  0.0000E+00  0.0000E+00  0.0000E+00  0.0000E+00  0.0000E+00  0.0000E+00
    -18.886  0.0000E+00  0.0000E+00  0.0000E+00  0.0000E+00  0.0000E+00  0.0000E+00  0.0000E+00  0.0000E+00  0.0000E+00
    -18.862  0.0000E+00  0.0000E+00  0.0000E+00  0.0000E+00  0.0000E+00  0.0000E+00  0.0000E+00  0.0000E+00  0.0000E+00
    -18.838  0.0000E+00  0.0000E+00  0.0000E+00  0.0000E+00  0.0000E+00  0.0000E+00  0.0000E+00  0.0000E+00  0.0000E+00
    -18.813  0.0000E+00  0.0000E+00  0.0000E+00  0.0000E+00  0.0000E+00  0.0000E+00  0.0000E+00  0.0000E+00  0.0000E+00
    -18.789  0.0000E+00  0.0000E+00  0.0000E+00  0.0000E+00  0.0000E+00  0.0000E+00  0.0000E+00  0.0000E+00  0.0000E+00
    -18.764  0.0000E+00  0.0000E+00  0.0000E+00  0.0000E+00  0.0000E+00  0.0000E+00  0.0000E+00  0.0000E+00  0.0000E+00
    -18.740  0.0000E+00  0.0000E+00  0.0000E+00  0.0000E+00  0.0000E+00  0.0000E+00  0.0000E+00  0.0000E+00  0.0000E+00
    -18.715  0.0000E+00  0.0000E+00  0.0000E+00  0.0000E+00  0.0000E+00  0.0000E+00  0.0000E+00  0.0000E+00  0.0000E+00
    -18.691  0.0000E+00  0.0000E+00  0.0000E+00  0.0000E+00  0.0000E+00  0.0000E+00  0.0000E+00  0.0000E+00  0.0000E+00
    -18.667  0.0000E+00  0.0000E+00  0.0000E+00  0.0000E+00  0.0000E+00  0.0000E+00  0.0000E+00  0.0000E+00  0.0000E+00
    -18.642  0.0000E+00  0.0000E+00  0.0000E+00  0.0000E+00  0.0000E+00  0.0000E+00  0.0000E+00  0.0000E+00  0.0000E+00
    -18.618  0.0000E+00  0.0000E+00  0.0000E+00  0.0000E+00  0.0000E+00  0.0000E+00  0.0000E+00  0.0000E+00  0.0000E+00
    -18.593  0.0000E+00  0.0000E+00  0.0000E+00  0.0000E+00  0.0000E+00  0.0000E+00  0.0000E+00  0.0000E+00  0.0000E+00
    -18.569  0.0000E+00  0.0000E+00  0.0000E+00  0.0000E+00  0.0000E+00  0.0000E+00  0.0000E+00  0.0000E+00  0.0000E+00
    -18.545  0.0000E+00  0.0000E+00  0.0000E+00  0.0000E+00  0.0000E+00  0.0000E+00  0.0000E+00  0.0000E+00  0.0000E+00
    -18.520  0.0000E+00  0.0000E+00  0.0000E+00  0.0000E+00  0.0000E+00  0.0000E+00  0.0000E+00  0.0000E+00  0.0000E+00
    -18.496  0.0000E+00  0.0000E+00  0.0000E+00  0.0000E+00  0.0000E+00  0.0000E+00  0.0000E+00  0.0000E+00  0.0000E+00
    -18.471  0.0000E+00  0.0000E+00  0.0000E+00  0.0000E+00  0.0000E+00  0.0000E+00  0.0000E+00  0.0000E+00  0.0000E+00
    -18.447  0.0000E+00  0.0000E+00  0.0000E+00  0.0000E+00  0.0000E+00  0.0000E+00  0.0000E+00  0.0000E+00  0.0000E+00
    -18.422  0.0000E+00  0.0000E+00  0.0000E+00  0.0000E+00  0.0000E+00  0.0000E+00  0.0000E+00  0.0000E+00  0.0000E+00
    -18.398  0.0000E+00  0.0000E+00  0.0000E+00  0.0000E+00  0.0000E+00  0.0000E+00  0.0000E+00  0.0000E+00  0.0000E+00
    -18.374  0.0000E+00  0.0000E+00  0.0000E+00  0.0000E+00  0.0000E+00  0.0000E+00  0.0000E+00  0.0000E+00  0.0000E+00
    -18.349  0.0000E+00  0.0000E+00  0.0000E+00  0.0000E+00  0.0000E+00  0.0000E+00  0.0000E+00  0.0000E+00  0.0000E+00
    -18.325  0.0000E+00  0.0000E+00  0.0000E+00  0.0000E+00  0.0000E+00  0.0000E+00  0.0000E+00  0.0000E+00  0.0000E+00
    -18.300  0.0000E+00  0.0000E+00  0.0000E+00  0.0000E+00  0.0000E+00  0.0000E+00  0.0000E+00  0.0000E+00  0.0000E+00
    -18.276  0.0000E+00  0.0000E+00  0.0000E+00  0.0000E+00  0.0000E+00  0.0000E+00  0.0000E+00  0.0000E+00  0.0000E+00
    -18.251  0.0000E+00  0.0000E+00  0.0000E+00  0.0000E+00  0.0000E+00  0.0000E+00  0.0000E+00  0.0000E+00  0.0000E+00
    -18.227  0.0000E+00  0.0000E+00  0.0000E+00  0.0000E+00  0.0000E+00  0.0000E+00  0.0000E+00  0.0000E+00  0.0000E+00
    -18.203  0.0000E+00  0.0000E+00  0.0000E+00  0.0000E+00  0.0000E+00  0.0000E+00  0.0000E+00  0.0000E+00  0.0000E+00
    -18.178  0.0000E+00  0.0000E+00  0.0000E+00  0.0000E+00  0.0000E+00  0.0000E+00  0.0000E+00  0.0000E+00  0.0000E+00
    -18.154  0.0000E+00  0.0000E+00  0.0000E+00  0.0000E+00  0.0000E+00  0.0000E+00  0.0000E+00  0.0000E+00  0.0000E+00
    -18.129  0.0000E+00  0.0000E+00  0.0000E+00  0.0000E+00  0.0000E+00  0.0000E+00  0.0000E+00  0.0000E+00  0.0000E+00
    -18.105  0.0000E+00  0.0000E+00  0.0000E+00  0.0000E+00  0.0000E+00  0.0000E+00  0.0000E+00  0.0000E+00  0.0000E+00
    -18.080  0.0000E+00  0.0000E+00  0.0000E+00  0.0000E+00  0.0000E+00  0.0000E+00  0.0000E+00  0.0000E+00  0.0000E+00
    -18.056  0.0000E+00  0.0000E+00  0.0000E+00  0.0000E+00  0.0000E+00  0.0000E+00  0.0000E+00  0.0000E+00  0.0000E+00
    -18.032  0.0000E+00  0.0000E+00  0.0000E+00  0.0000E+00  0.0000E+00  0.0000E+00  0.0000E+00  0.0000E+00  0.0000E+00
    -18.007  0.0000E+00  0.0000E+00  0.0000E+00  0.0000E+00  0.0000E+00  0.0000E+00  0.0000E+00  0.0000E+00  0.0000E+00
    -17.983  0.0000E+00  0.0000E+00  0.0000E+00  0.0000E+00  0.0000E+00  0.0000E+00  0.0000E+00  0.0000E+00  0.0000E+00
    -17.958  0.0000E+00  0.0000E+00  0.0000E+00  0.0000E+00  0.0000E+00  0.0000E+00  0.0000E+00  0.0000E+00  0.0000E+00
    -17.934  0.0000E+00  0.0000E+00  0.0000E+00  0.0000E+00  0.0000E+00  0.0000E+00  0.0000E+00  0.0000E+00  0.0000E+00
    -17.909  0.0000E+00  0.0000E+00  0.0000E+00  0.0000E+00  0.0000E+00  0.0000E+00  0.0000E+00  0.0000E+00  0.0000E+00
    -17.885  0.0000E+00  0.0000E+00  0.0000E+00  0.0000E+00  0.0000E+00  0.0000E+00  0.0000E+00  0.0000E+00  0.0000E+00
    -17.861  0.0000E+00  0.0000E+00  0.0000E+00  0.0000E+00  0.0000E+00  0.0000E+00  0.0000E+00  0.0000E+00  0.0000E+00
    -17.836  0.0000E+00  0.0000E+00  0.0000E+00  0.0000E+00  0.0000E+00  0.0000E+00  0.0000E+00  0.0000E+00  0.0000E+00
    -17.812  0.0000E+00  0.0000E+00  0.0000E+00  0.0000E+00  0.0000E+00  0.0000E+00  0.0000E+00  0.0000E+00  0.0000E+00
    -17.787  0.0000E+00  0.0000E+00  0.0000E+00  0.0000E+00  0.0000E+00  0.0000E+00  0.0000E+00  0.0000E+00  0.0000E+00
    -17.763  0.0000E+00  0.0000E+00  0.0000E+00  0.0000E+00  0.0000E+00  0.0000E+00  0.0000E+00  0.0000E+00  0.0000E+00
    -17.738  0.0000E+00  0.0000E+00  0.0000E+00  0.0000E+00  0.0000E+00  0.0000E+00  0.0000E+00  0.0000E+00  0.0000E+00
    -17.714  0.0000E+00  0.0000E+00  0.0000E+00  0.0000E+00  0.0000E+00  0.0000E+00  0.0000E+00  0.0000E+00  0.0000E+00
    -17.690  0.0000E+00  0.0000E+00  0.0000E+00  0.0000E+00  0.0000E+00  0.0000E+00  0.0000E+00  0.0000E+00  0.0000E+00
    -17.665  0.3167E-14  0.5951E-16  0.2486E-16  0.1428E-15  0.0000E+00  0.0000E+00  0.0000E+00  0.0000E+00  0.0000E+00
    -17.641  0.4751E-13  0.8926E-15  0.3729E-15  0.2142E-14  0.0000E+00  0.0000E+00  0.0000E+00  0.0000E+00  0.0000E+00
    -17.616  0.6765E-12  0.1271E-13  0.5310E-14  0.3050E-13  0.0000E+00  0.0000E+00  0.0000E+00  0.0000E+00  0.0000E+00
    -17.592  0.8546E-11  0.1606E-12  0.6708E-13  0.3853E-12  0.0000E+00  0.0000E+00  0.0000E+00  0.0000E+00  0.0000E+00
    -17.567  0.9592E-10  0.1802E-11  0.7529E-12  0.4324E-11  0.0000E+00  0.0000E+00  0.0000E+00  0.0000E+00  0.0000E+00
    -17.543  0.9564E-09  0.1797E-10  0.7507E-11  0.4311E-10  0.0000E+00  0.0000E+00  0.0000E+00  0.0000E+00  0.0000E+00
    -17.519  0.8471E-08  0.1591E-09  0.6649E-10  0.3819E-09  0.0000E+00  0.0000E+00  0.0000E+00  0.0000E+00  0.0000E+00
    -17.494  0.6665E-07  0.1252E-08  0.5231E-09  0.3005E-08  0.0000E+00  0.0000E+00  0.0000E+00  0.0000E+00  0.0000E+00
    -17.470  0.4659E-06  0.8752E-08  0.3657E-08  0.2100E-07  0.0000E+00  0.0000E+00  0.0000E+00  0.0000E+00  0.0000E+00
    -17.445  0.2893E-05  0.5435E-07  0.2271E-07  0.1304E-06  0.0000E+00  0.0000E+00  0.0000E+00  0.0000E+00  0.0000E+00
    -17.421  0.1596E-04  0.2998E-06  0.1253E-06  0.7194E-06  0.0000E+00  0.0000E+00  0.0000E+00  0.0000E+00  0.0000E+00
    -17.396  0.7821E-04  0.1469E-05  0.6139E-06  0.3526E-05  0.0000E+00  0.0000E+00  0.0000E+00  0.0000E+00  0.0000E+00
    -17.372  0.3406E-03  0.6399E-05  0.2673E-05  0.1535E-04  0.0000E+00  0.0000E+00  0.0000E+00  0.0000E+00  0.0000E+00
    -17.348  0.1318E-02  0.2475E-04  0.1034E-04  0.5940E-04  0.0000E+00  0.0000E+00  0.0000E+00  0.0000E+00  0.0000E+00
    -17.323  0.4529E-02  0.8508E-04  0.3555E-04  0.2042E-03  0.0000E+00  0.0000E+00  0.0000E+00  0.0000E+00  0.0000E+00
    -17.299  0.1383E-01  0.2598E-03  0.1086E-03  0.6235E-03  0.0000E+00  0.0000E+00  0.0000E+00  0.0000E+00  0.0000E+00
    -17.274  0.3752E-01  0.7050E-03  0.2945E-03  0.1692E-02  0.0000E+00  0.0000E+00  0.0000E+00  0.0000E+00  0.0000E+00
    -17.250  0.9046E-01  0.1700E-02  0.7101E-03  0.4078E-02  0.0000E+00  0.0000E+00  0.0000E+00  0.0000E+00  0.0000E+00
    -17.225  0.1938E+00  0.3641E-02  0.1521E-02  0.8736E-02  0.0000E+00  0.0000E+00  0.0000E+00  0.0000E+00  0.0000E+00
    -17.201  0.3688E+00  0.6929E-02  0.2895E-02  0.1663E-01  0.0000E+00  0.0000E+00  0.0000E+00  0.0000E+00  0.0000E+00
    -17.177  0.6237E+00  0.1172E-01  0.4895E-02  0.2812E-01  0.0000E+00  0.0000E+00  0.0000E+00  0.0000E+00  0.0000E+00
    -17.152  0.9372E+00  0.1761E-01  0.7356E-02  0.4225E-01  0.0000E+00  0.0000E+00  0.0000E+00  0.0000E+00  0.0000E+00
    -17.128  0.1251E+01  0.2351E-01  0.9821E-02  0.5641E-01  0.0000E+00  0.0000E+00  0.0000E+00  0.0000E+00  0.0000E+00
    -17.103  0.1484E+01  0.2789E-01  0.1165E-01  0.6692E-01  0.0000E+00  0.0000E+00  0.0000E+00  0.0000E+00  0.0000E+00
    -17.079  0.1565E+01  0.2940E-01  0.1228E-01  0.7054E-01  0.0000E+00  0.0000E+00  0.0000E+00  0.0000E+00  0.0000E+00
    -17.054  0.1466E+01  0.2753E-01  0.1150E-01  0.6607E-01  0.0000E+00  0.0000E+00  0.0000E+00  0.0000E+00  0.0000E+00
    -17.030  0.1220E+01  0.2292E-01  0.9574E-02  0.5499E-01  0.0000E+00  0.0000E+00  0.0000E+00  0.0000E+00  0.0000E+00
    -17.006  0.9020E+00  0.1695E-01  0.7080E-02  0.4066E-01  0.0000E+00  0.0000E+00  0.0000E+00  0.0000E+00  0.0000E+00
    -16.981  0.5926E+00  0.1113E-01  0.4652E-02  0.2672E-01  0.0000E+00  0.0000E+00  0.0000E+00  0.0000E+00  0.0000E+00
    -16.957  0.3460E+00  0.6501E-02  0.2716E-02  0.1560E-01  0.0000E+00  0.0000E+00  0.0000E+00  0.0000E+00  0.0000E+00
    -16.932  0.1795E+00  0.3372E-02  0.1409E-02  0.8092E-02  0.0000E+00  0.0000E+00  0.0000E+00  0.0000E+00  0.0000E+00
    -16.908  0.8273E-01  0.1554E-02  0.6494E-03  0.3730E-02  0.0000E+00  0.0000E+00  0.0000E+00  0.0000E+00  0.0000E+00
    -16.883  0.3388E-01  0.6366E-03  0.2659E-03  0.1527E-02  0.0000E+00  0.0000E+00  0.0000E+00  0.0000E+00  0.0000E+00
    -16.859  0.1233E-01  0.2316E-03  0.9677E-04  0.5558E-03  0.0000E+00  0.0000E+00  0.0000E+00  0.0000E+00  0.0000E+00
    -16.835  0.3986E-02  0.7489E-04  0.3129E-04  0.1797E-03  0.0000E+00  0.0000E+00  0.0000E+00  0.0000E+00  0.0000E+00
    -16.810  0.1145E-02  0.2151E-04  0.8987E-05  0.5162E-04  0.0000E+00  0.0000E+00  0.0000E+00  0.0000E+00  0.0000E+00
    -16.786  0.2922E-03  0.5490E-05  0.2294E-05  0.1317E-04  0.0000E+00  0.0000E+00  0.0000E+00  0.0000E+00  0.0000E+00
    -16.761  0.6626E-04  0.1245E-05  0.5200E-06  0.2987E-05  0.0000E+00  0.0000E+00  0.0000E+00  0.0000E+00  0.0000E+00
    -16.737  0.1335E-04  0.2508E-06  0.1048E-06  0.6017E-06  0.0000E+00  0.0000E+00  0.0000E+00  0.0000E+00  0.0000E+00
    -16.712  0.2389E-05  0.4488E-07  0.1875E-07  0.1077E-06  0.0000E+00  0.0000E+00  0.0000E+00  0.0000E+00  0.0000E+00
    -16.688  0.3798E-06  0.7135E-08  0.2981E-08  0.1712E-07  0.0000E+00  0.0000E+00  0.0000E+00  0.0000E+00  0.0000E+00
    -16.664  0.5364E-07  0.1008E-08  0.4211E-09  0.2418E-08  0.0000E+00  0.0000E+00  0.0000E+00  0.0000E+00  0.0000E+00
    -16.639  0.6731E-08  0.1265E-09  0.5284E-10  0.3035E-09  0.0000E+00  0.0000E+00  0.0000E+00  0.0000E+00  0.0000E+00
    -16.615  0.7503E-09  0.1410E-10  0.5890E-11  0.3383E-10  0.0000E+00  0.0000E+00  0.0000E+00  0.0000E+00  0.0000E+00
    -16.590  0.7430E-10  0.1396E-11  0.5832E-12  0.3350E-11  0.0000E+00  0.0000E+00  0.0000E+00  0.0000E+00  0.0000E+00
    -16.566  0.6536E-11  0.1228E-12  0.5130E-13  0.2947E-12  0.0000E+00  0.0000E+00  0.0000E+00  0.0000E+00  0.0000E+00
    -16.541  0.5106E-12  0.9593E-14  0.4008E-14  0.2302E-13  0.0000E+00  0.0000E+00  0.0000E+00  0.0000E+00  0.0000E+00
    -16.517  0.3547E-13  0.6665E-15  0.2784E-15  0.1599E-14  0.0000E+00  0.0000E+00  0.0000E+00  0.0000E+00  0.0000E+00
    -16.493  0.2534E-14  0.4761E-16  0.1989E-16  0.1142E-15  0.0000E+00  0.0000E+00  0.0000E+00  0.0000E+00  0.0000E+00
    -16.468  0.0000E+00  0.0000E+00  0.0000E+00  0.0000E+00  0.0000E+00  0.0000E+00  0.0000E+00  0.0000E+00  0.0000E+00
    -16.444  0.0000E+00  0.0000E+00  0.0000E+00  0.0000E+00  0.0000E+00  0.0000E+00  0.0000E+00  0.0000E+00  0.0000E+00
    -16.419  0.0000E+00  0.0000E+00  0.0000E+00  0.0000E+00  0.0000E+00  0.0000E+00  0.0000E+00  0.0000E+00  0.0000E+00
    -16.395  0.0000E+00  0.0000E+00  0.0000E+00  0.0000E+00  0.0000E+00  0.0000E+00  0.0000E+00  0.0000E+00  0.0000E+00
    -16.370  0.0000E+00  0.0000E+00  0.0000E+00  0.0000E+00  0.0000E+00  0.0000E+00  0.0000E+00  0.0000E+00  0.0000E+00
    -16.346  0.0000E+00  0.0000E+00  0.0000E+00  0.0000E+00  0.0000E+00  0.0000E+00  0.0000E+00  0.0000E+00  0.0000E+00
    -16.322  0.0000E+00  0.0000E+00  0.0000E+00  0.0000E+00  0.0000E+00  0.0000E+00  0.0000E+00  0.0000E+00  0.0000E+00
    -16.297  0.0000E+00  0.0000E+00  0.0000E+00  0.0000E+00  0.0000E+00  0.0000E+00  0.0000E+00  0.0000E+00  0.0000E+00
    -16.273  0.0000E+00  0.0000E+00  0.0000E+00  0.0000E+00  0.0000E+00  0.0000E+00  0.0000E+00  0.0000E+00  0.0000E+00
    -16.248  0.0000E+00  0.0000E+00  0.0000E+00  0.0000E+00  0.0000E+00  0.0000E+00  0.0000E+00  0.0000E+00  0.0000E+00
    -16.224  0.0000E+00  0.0000E+00  0.0000E+00  0.0000E+00  0.0000E+00  0.0000E+00  0.0000E+00  0.0000E+00  0.0000E+00
    -16.199  0.0000E+00  0.0000E+00  0.0000E+00  0.0000E+00  0.0000E+00  0.0000E+00  0.0000E+00  0.0000E+00  0.0000E+00
    -16.175  0.0000E+00  0.0000E+00  0.0000E+00  0.0000E+00  0.0000E+00  0.0000E+00  0.0000E+00  0.0000E+00  0.0000E+00
    -16.151  0.0000E+00  0.0000E+00  0.0000E+00  0.0000E+00  0.0000E+00  0.0000E+00  0.0000E+00  0.0000E+00  0.0000E+00
    -16.126  0.0000E+00  0.0000E+00  0.0000E+00  0.0000E+00  0.0000E+00  0.0000E+00  0.0000E+00  0.0000E+00  0.0000E+00
    -16.102  0.0000E+00  0.0000E+00  0.0000E+00  0.0000E+00  0.0000E+00  0.0000E+00  0.0000E+00  0.0000E+00  0.0000E+00
    -16.077  0.0000E+00  0.0000E+00  0.0000E+00  0.0000E+00  0.0000E+00  0.0000E+00  0.0000E+00  0.0000E+00  0.0000E+00
    -16.053  0.0000E+00  0.0000E+00  0.0000E+00  0.0000E+00  0.0000E+00  0.0000E+00  0.0000E+00  0.0000E+00  0.0000E+00
    -16.028  0.0000E+00  0.0000E+00  0.0000E+00  0.0000E+00  0.0000E+00  0.0000E+00  0.0000E+00  0.0000E+00  0.0000E+00
    -16.004  0.0000E+00  0.0000E+00  0.0000E+00  0.0000E+00  0.0000E+00  0.0000E+00  0.0000E+00  0.0000E+00  0.0000E+00
    -15.980  0.0000E+00  0.0000E+00  0.0000E+00  0.0000E+00  0.0000E+00  0.0000E+00  0.0000E+00  0.0000E+00  0.0000E+00
    -15.955  0.0000E+00  0.0000E+00  0.0000E+00  0.0000E+00  0.0000E+00  0.0000E+00  0.0000E+00  0.0000E+00  0.0000E+00
    -15.931  0.0000E+00  0.0000E+00  0.0000E+00  0.0000E+00  0.0000E+00  0.0000E+00  0.0000E+00  0.0000E+00  0.0000E+00
    -15.906  0.0000E+00  0.0000E+00  0.0000E+00  0.0000E+00  0.0000E+00  0.0000E+00  0.0000E+00  0.0000E+00  0.0000E+00
    -15.882  0.0000E+00  0.0000E+00  0.0000E+00  0.0000E+00  0.0000E+00  0.0000E+00  0.0000E+00  0.0000E+00  0.0000E+00
    -15.857  0.0000E+00  0.0000E+00  0.0000E+00  0.0000E+00  0.0000E+00  0.0000E+00  0.0000E+00  0.0000E+00  0.0000E+00
    -15.833  0.0000E+00  0.0000E+00  0.0000E+00  0.0000E+00  0.0000E+00  0.0000E+00  0.0000E+00  0.0000E+00  0.0000E+00
    -15.809  0.0000E+00  0.0000E+00  0.0000E+00  0.0000E+00  0.0000E+00  0.0000E+00  0.0000E+00  0.0000E+00  0.0000E+00
    -15.784  0.0000E+00  0.0000E+00  0.0000E+00  0.0000E+00  0.0000E+00  0.0000E+00  0.0000E+00  0.0000E+00  0.0000E+00
    -15.760  0.0000E+00  0.0000E+00  0.0000E+00  0.0000E+00  0.0000E+00  0.0000E+00  0.0000E+00  0.0000E+00  0.0000E+00
    -15.735  0.0000E+00  0.0000E+00  0.0000E+00  0.0000E+00  0.0000E+00  0.0000E+00  0.0000E+00  0.0000E+00  0.0000E+00
    -15.711  0.0000E+00  0.0000E+00  0.0000E+00  0.0000E+00  0.0000E+00  0.0000E+00  0.0000E+00  0.0000E+00  0.0000E+00
    -15.686  0.0000E+00  0.0000E+00  0.0000E+00  0.0000E+00  0.0000E+00  0.0000E+00  0.0000E+00  0.0000E+00  0.0000E+00
    -15.662  0.0000E+00  0.0000E+00  0.0000E+00  0.0000E+00  0.0000E+00  0.0000E+00  0.0000E+00  0.0000E+00  0.0000E+00
    -15.638  0.0000E+00  0.0000E+00  0.0000E+00  0.0000E+00  0.0000E+00  0.0000E+00  0.0000E+00  0.0000E+00  0.0000E+00
    -15.613  0.1854E-15  0.5907E-16  0.5836E-16  0.3521E-16  0.0000E+00  0.0000E+00  0.0000E+00  0.0000E+00  0.0000E+00
    -15.589  0.2410E-14  0.7679E-15  0.7587E-15  0.4577E-15  0.0000E+00  0.0000E+00  0.0000E+00  0.0000E+00  0.0000E+00
    -15.564  0.3615E-13  0.1152E-13  0.1138E-13  0.6865E-14  0.0000E+00  0.0000E+00  0.0000E+00  0.0000E+00  0.0000E+00
    -15.540  0.4945E-12  0.1575E-12  0.1557E-12  0.9389E-13  0.0000E+00  0.0000E+00  0.0000E+00  0.0000E+00  0.0000E+00
    -15.515  0.5989E-11  0.1908E-11  0.1885E-11  0.1137E-11  0.0000E+00  0.0000E+00  0.0000E+00  0.0000E+00  0.0000E+00
    -15.491  0.6445E-10  0.2053E-10  0.2029E-10  0.1224E-10  0.0000E+00  0.0000E+00  0.0000E+00  0.0000E+00  0.0000E+00
    -15.467  0.6161E-09  0.1963E-09  0.1939E-09  0.1170E-09  0.0000E+00  0.0000E+00  0.0000E+00  0.0000E+00  0.0000E+00
    -15.442  0.5232E-08  0.1667E-08  0.1647E-08  0.9935E-09  0.0000E+00  0.0000E+00  0.0000E+00  0.0000E+00  0.0000E+00
    -15.418  0.3947E-07  0.1257E-07  0.1242E-07  0.7495E-08  0.0000E+00  0.0000E+00  0.0000E+00  0.0000E+00  0.0000E+00
    -15.393  0.2645E-06  0.8428E-07  0.8327E-07  0.5023E-07  0.0000E+00  0.0000E+00  0.0000E+00  0.0000E+00  0.0000E+00
    -15.369  0.1575E-05  0.5018E-06  0.4958E-06  0.2991E-06  0.0000E+00  0.0000E+00  0.0000E+00  0.0000E+00  0.0000E+00
    -15.344  0.8330E-05  0.2654E-05  0.2622E-05  0.1582E-05  0.0000E+00  0.0000E+00  0.0000E+00  0.0000E+00  0.0000E+00
    -15.320  0.3915E-04  0.1247E-04  0.1232E-04  0.7433E-05  0.0000E+00  0.0000E+00  0.0000E+00  0.0000E+00  0.0000E+00
    -15.296  0.1634E-03  0.5207E-04  0.5145E-04  0.3103E-04  0.0000E+00  0.0000E+00  0.0000E+00  0.0000E+00  0.0000E+00
    -15.271  0.6063E-03  0.1932E-03  0.1908E-03  0.1151E-03  0.0000E+00  0.0000E+00  0.0000E+00  0.0000E+00  0.0000E+00
    -15.247  0.1998E-02  0.6366E-03  0.6289E-03  0.3794E-03  0.0000E+00  0.0000E+00  0.0000E+00  0.0000E+00  0.0000E+00
    -15.222  0.5850E-02  0.1864E-02  0.1842E-02  0.1111E-02  0.0000E+00  0.0000E+00  0.0000E+00  0.0000E+00  0.0000E+00
    -15.198  0.1522E-01  0.4849E-02  0.4791E-02  0.2890E-02  0.0000E+00  0.0000E+00  0.0000E+00  0.0000E+00  0.0000E+00
    -15.173  0.3518E-01  0.1121E-01  0.1108E-01  0.6681E-02  0.0000E+00  0.0000E+00  0.0000E+00  0.0000E+00  0.0000E+00
    -15.149  0.7226E-01  0.2302E-01  0.2275E-01  0.1372E-01  0.0000E+00  0.0000E+00  0.0000E+00  0.0000E+00  0.0000E+00
    -15.125  0.1319E+00  0.4202E-01  0.4151E-01  0.2504E-01  0.0000E+00  0.0000E+00  0.0000E+00  0.0000E+00  0.0000E+00
    -15.100  0.2138E+00  0.6813E-01  0.6732E-01  0.4061E-01  0.0000E+00  0.0000E+00  0.0000E+00  0.0000E+00  0.0000E+00
    -15.076  0.3081E+00  0.9816E-01  0.9699E-01  0.5851E-01  0.0000E+00  0.0000E+00  0.0000E+00  0.0000E+00  0.0000E+00
    -15.051  0.3944E+00  0.1257E+00  0.1242E+00  0.7490E-01  0.0000E+00  0.0000E+00  0.0000E+00  0.0000E+00  0.0000E+00
    -15.027  0.4487E+00  0.1430E+00  0.1412E+00  0.8520E-01  0.0000E+00  0.0000E+00  0.0000E+00  0.0000E+00  0.0000E+00
    -15.002  0.4535E+00  0.1445E+00  0.1428E+00  0.8612E-01  0.0000E+00  0.0000E+00  0.0000E+00  0.0000E+00  0.0000E+00
    -14.978  0.4073E+00  0.1298E+00  0.1282E+00  0.7734E-01  0.0000E+00  0.0000E+00  0.0000E+00  0.0000E+00  0.0000E+00
    -14.954  0.3250E+00  0.1036E+00  0.1023E+00  0.6172E-01  0.0000E+00  0.0000E+00  0.0000E+00  0.0000E+00  0.0000E+00
    -14.929  0.2305E+00  0.7343E-01  0.7255E-01  0.4376E-01  0.0000E+00  0.0000E+00  0.0000E+00  0.0000E+00  0.0000E+00
    -14.905  0.1452E+00  0.4626E-01  0.4571E-01  0.2757E-01  0.0000E+00  0.0000E+00  0.0000E+00  0.0000E+00  0.0000E+00
    -14.880  0.8129E-01  0.2590E-01  0.2559E-01  0.1544E-01  0.0000E+00  0.0000E+00  0.0000E+00  0.0000E+00  0.0000E+00
    -14.856  0.4043E-01  0.1288E-01  0.1273E-01  0.7678E-02  0.0000E+00  0.0000E+00  0.0000E+00  0.0000E+00  0.0000E+00
    -14.831  0.1787E-01  0.5693E-02  0.5625E-02  0.3393E-02  0.0000E+00  0.0000E+00  0.0000E+00  0.0000E+00  0.0000E+00
    -14.807  0.7017E-02  0.2236E-02  0.2209E-02  0.1332E-02  0.0000E+00  0.0000E+00  0.0000E+00  0.0000E+00  0.0000E+00
    -14.783  0.2448E-02  0.7800E-03  0.7707E-03  0.4649E-03  0.0000E+00  0.0000E+00  0.0000E+00  0.0000E+00  0.0000E+00
    -14.758  0.7590E-03  0.2418E-03  0.2389E-03  0.1441E-03  0.0000E+00  0.0000E+00  0.0000E+00  0.0000E+00  0.0000E+00
    -14.734  0.2090E-03  0.6660E-04  0.6580E-04  0.3969E-04  0.0000E+00  0.0000E+00  0.0000E+00  0.0000E+00  0.0000E+00
    -14.709  0.5115E-04  0.1630E-04  0.1610E-04  0.9713E-05  0.0000E+00  0.0000E+00  0.0000E+00  0.0000E+00  0.0000E+00
    -14.685  0.1112E-04  0.3543E-05  0.3501E-05  0.2112E-05  0.0000E+00  0.0000E+00  0.0000E+00  0.0000E+00  0.0000E+00
    -14.660  0.2148E-05  0.6843E-06  0.6761E-06  0.4079E-06  0.0000E+00  0.0000E+00  0.0000E+00  0.0000E+00  0.0000E+00
    -14.636  0.3686E-06  0.1174E-06  0.1160E-06  0.6999E-07  0.0000E+00  0.0000E+00  0.0000E+00  0.0000E+00  0.0000E+00
    -14.612  0.5619E-07  0.1790E-07  0.1769E-07  0.1067E-07  0.0000E+00  0.0000E+00  0.0000E+00  0.0000E+00  0.0000E+00
    -14.587  0.7610E-08  0.2424E-08  0.2395E-08  0.1445E-08  0.0000E+00  0.0000E+00  0.0000E+00  0.0000E+00  0.0000E+00
    -14.563  0.9155E-09  0.2917E-09  0.2882E-09  0.1738E-09  0.0000E+00  0.0000E+00  0.0000E+00  0.0000E+00  0.0000E+00
    -14.538  0.9784E-10  0.3117E-10  0.3080E-10  0.1858E-10  0.0000E+00  0.0000E+00  0.0000E+00  0.0000E+00  0.0000E+00
    -14.514  0.9289E-11  0.2960E-11  0.2924E-11  0.1764E-11  0.0000E+00  0.0000E+00  0.0000E+00  0.0000E+00  0.0000E+00
    -14.489  0.7831E-12  0.2495E-12  0.2465E-12  0.1487E-12  0.0000E+00  0.0000E+00  0.0000E+00  0.0000E+00  0.0000E+00
    -14.465  0.5896E-13  0.1878E-13  0.1856E-13  0.1120E-13  0.0000E+00  0.0000E+00  0.0000E+00  0.0000E+00  0.0000E+00
    -14.441  0.4079E-14  0.1300E-14  0.1284E-14  0.7745E-15  0.0000E+00  0.0000E+00  0.0000E+00  0.0000E+00  0.0000E+00
    -14.416  0.0000E+00  0.0000E+00  0.0000E+00  0.0000E+00  0.0000E+00  0.0000E+00  0.0000E+00  0.0000E+00  0.0000E+00
    -14.392  0.0000E+00  0.0000E+00  0.0000E+00  0.0000E+00  0.0000E+00  0.0000E+00  0.0000E+00  0.0000E+00  0.0000E+00
    -14.367  0.0000E+00  0.0000E+00  0.0000E+00  0.0000E+00  0.0000E+00  0.0000E+00  0.0000E+00  0.0000E+00  0.0000E+00
    -14.343  0.0000E+00  0.0000E+00  0.0000E+00  0.0000E+00  0.0000E+00  0.0000E+00  0.0000E+00  0.0000E+00  0.0000E+00
    -14.318  0.0000E+00  0.0000E+00  0.0000E+00  0.0000E+00  0.0000E+00  0.0000E+00  0.0000E+00  0.0000E+00  0.0000E+00
    -14.294  0.0000E+00  0.0000E+00  0.0000E+00  0.0000E+00  0.0000E+00  0.0000E+00  0.0000E+00  0.0000E+00  0.0000E+00
    -14.270  0.0000E+00  0.0000E+00  0.0000E+00  0.0000E+00  0.0000E+00  0.0000E+00  0.0000E+00  0.0000E+00  0.0000E+00
    -14.245  0.0000E+00  0.0000E+00  0.0000E+00  0.0000E+00  0.0000E+00  0.0000E+00  0.0000E+00  0.0000E+00  0.0000E+00
    -14.221  0.0000E+00  0.0000E+00  0.0000E+00  0.0000E+00  0.0000E+00  0.0000E+00  0.0000E+00  0.0000E+00  0.0000E+00
    -14.196  0.0000E+00  0.0000E+00  0.0000E+00  0.0000E+00  0.0000E+00  0.0000E+00  0.0000E+00  0.0000E+00  0.0000E+00
    -14.172  0.0000E+00  0.0000E+00  0.0000E+00  0.0000E+00  0.0000E+00  0.0000E+00  0.0000E+00  0.0000E+00  0.0000E+00
    -14.147  0.0000E+00  0.0000E+00  0.0000E+00  0.0000E+00  0.0000E+00  0.0000E+00  0.0000E+00  0.0000E+00  0.0000E+00
    -14.123  0.0000E+00  0.0000E+00  0.0000E+00  0.0000E+00  0.0000E+00  0.0000E+00  0.0000E+00  0.0000E+00  0.0000E+00
    -14.099  0.0000E+00  0.0000E+00  0.0000E+00  0.0000E+00  0.0000E+00  0.0000E+00  0.0000E+00  0.0000E+00  0.0000E+00
    -14.074  0.0000E+00  0.0000E+00  0.0000E+00  0.0000E+00  0.0000E+00  0.0000E+00  0.0000E+00  0.0000E+00  0.0000E+00
    -14.050  0.0000E+00  0.0000E+00  0.0000E+00  0.0000E+00  0.0000E+00  0.0000E+00  0.0000E+00  0.0000E+00  0.0000E+00
    -14.025  0.0000E+00  0.0000E+00  0.0000E+00  0.0000E+00  0.0000E+00  0.0000E+00  0.0000E+00  0.0000E+00  0.0000E+00
    -14.001  0.0000E+00  0.0000E+00  0.0000E+00  0.0000E+00  0.0000E+00  0.0000E+00  0.0000E+00  0.0000E+00  0.0000E+00
    -13.976  0.0000E+00  0.0000E+00  0.0000E+00  0.0000E+00  0.0000E+00  0.0000E+00  0.0000E+00  0.0000E+00  0.0000E+00
    -13.952  0.0000E+00  0.0000E+00  0.0000E+00  0.0000E+00  0.0000E+00  0.0000E+00  0.0000E+00  0.0000E+00  0.0000E+00
    -13.928  0.0000E+00  0.0000E+00  0.0000E+00  0.0000E+00  0.0000E+00  0.0000E+00  0.0000E+00  0.0000E+00  0.0000E+00
    -13.903  0.0000E+00  0.0000E+00  0.0000E+00  0.0000E+00  0.0000E+00  0.0000E+00  0.0000E+00  0.0000E+00  0.0000E+00
    -13.879  0.0000E+00  0.0000E+00  0.0000E+00  0.0000E+00  0.0000E+00  0.0000E+00  0.0000E+00  0.0000E+00  0.0000E+00
    -13.854  0.0000E+00  0.0000E+00  0.0000E+00  0.0000E+00  0.0000E+00  0.0000E+00  0.0000E+00  0.0000E+00  0.0000E+00
    -13.830  0.0000E+00  0.0000E+00  0.0000E+00  0.0000E+00  0.0000E+00  0.0000E+00  0.0000E+00  0.0000E+00  0.0000E+00
    -13.805  0.0000E+00  0.0000E+00  0.0000E+00  0.0000E+00  0.0000E+00  0.0000E+00  0.0000E+00  0.0000E+00  0.0000E+00
    -13.781  0.0000E+00  0.0000E+00  0.0000E+00  0.0000E+00  0.0000E+00  0.0000E+00  0.0000E+00  0.0000E+00  0.0000E+00
    -13.757  0.0000E+00  0.0000E+00  0.0000E+00  0.0000E+00  0.0000E+00  0.0000E+00  0.0000E+00  0.0000E+00  0.0000E+00
    -13.732  0.0000E+00  0.0000E+00  0.0000E+00  0.0000E+00  0.0000E+00  0.0000E+00  0.0000E+00  0.0000E+00  0.0000E+00
    -13.708  0.0000E+00  0.0000E+00  0.0000E+00  0.0000E+00  0.0000E+00  0.0000E+00  0.0000E+00  0.0000E+00  0.0000E+00
    -13.683  0.0000E+00  0.0000E+00  0.0000E+00  0.0000E+00  0.0000E+00  0.0000E+00  0.0000E+00  0.0000E+00  0.0000E+00
    -13.659  0.0000E+00  0.0000E+00  0.0000E+00  0.0000E+00  0.0000E+00  0.0000E+00  0.0000E+00  0.0000E+00  0.0000E+00
    -13.634  0.0000E+00  0.0000E+00  0.0000E+00  0.0000E+00  0.0000E+00  0.0000E+00  0.0000E+00  0.0000E+00  0.0000E+00
    -13.610  0.0000E+00  0.0000E+00  0.0000E+00  0.0000E+00  0.0000E+00  0.0000E+00  0.0000E+00  0.0000E+00  0.0000E+00
    -13.586  0.0000E+00  0.0000E+00  0.0000E+00  0.0000E+00  0.0000E+00  0.0000E+00  0.0000E+00  0.0000E+00  0.0000E+00
    -13.561  0.0000E+00  0.0000E+00  0.0000E+00  0.0000E+00  0.0000E+00  0.0000E+00  0.0000E+00  0.0000E+00  0.0000E+00
    -13.537  0.0000E+00  0.0000E+00  0.0000E+00  0.0000E+00  0.0000E+00  0.0000E+00  0.0000E+00  0.0000E+00  0.0000E+00
    -13.512  0.0000E+00  0.0000E+00  0.0000E+00  0.0000E+00  0.0000E+00  0.0000E+00  0.0000E+00  0.0000E+00  0.0000E+00
    -13.488  0.0000E+00  0.0000E+00  0.0000E+00  0.0000E+00  0.0000E+00  0.0000E+00  0.0000E+00  0.0000E+00  0.0000E+00
    -13.463  0.0000E+00  0.0000E+00  0.0000E+00  0.0000E+00  0.0000E+00  0.0000E+00  0.0000E+00  0.0000E+00  0.0000E+00
    -13.439  0.0000E+00  0.0000E+00  0.0000E+00  0.0000E+00  0.0000E+00  0.0000E+00  0.0000E+00  0.0000E+00  0.0000E+00
    -13.415  0.0000E+00  0.0000E+00  0.0000E+00  0.0000E+00  0.0000E+00  0.0000E+00  0.0000E+00  0.0000E+00  0.0000E+00
    -13.390  0.0000E+00  0.0000E+00  0.0000E+00  0.0000E+00  0.0000E+00  0.0000E+00  0.0000E+00  0.0000E+00  0.0000E+00
    -13.366  0.0000E+00  0.0000E+00  0.0000E+00  0.0000E+00  0.0000E+00  0.0000E+00  0.0000E+00  0.0000E+00  0.0000E+00
    -13.341  0.0000E+00  0.0000E+00  0.0000E+00  0.0000E+00  0.0000E+00  0.0000E+00  0.0000E+00  0.0000E+00  0.0000E+00
    -13.317  0.0000E+00  0.0000E+00  0.0000E+00  0.0000E+00  0.0000E+00  0.0000E+00  0.0000E+00  0.0000E+00  0.0000E+00
    -13.292  0.0000E+00  0.0000E+00  0.0000E+00  0.0000E+00  0.0000E+00  0.0000E+00  0.0000E+00  0.0000E+00  0.0000E+00
    -13.268  0.0000E+00  0.0000E+00  0.0000E+00  0.0000E+00  0.0000E+00  0.0000E+00  0.0000E+00  0.0000E+00  0.0000E+00
    -13.244  0.0000E+00  0.0000E+00  0.0000E+00  0.0000E+00  0.0000E+00  0.0000E+00  0.0000E+00  0.0000E+00  0.0000E+00
    -13.219  0.0000E+00  0.0000E+00  0.0000E+00  0.0000E+00  0.0000E+00  0.0000E+00  0.0000E+00  0.0000E+00  0.0000E+00
    -13.195  0.0000E+00  0.0000E+00  0.0000E+00  0.0000E+00  0.0000E+00  0.0000E+00  0.0000E+00  0.0000E+00  0.0000E+00
    -13.170  0.0000E+00  0.0000E+00  0.0000E+00  0.0000E+00  0.0000E+00  0.0000E+00  0.0000E+00  0.0000E+00  0.0000E+00
    -13.146  0.0000E+00  0.0000E+00  0.0000E+00  0.0000E+00  0.0000E+00  0.0000E+00  0.0000E+00  0.0000E+00  0.0000E+00
    -13.121  0.0000E+00  0.0000E+00  0.0000E+00  0.0000E+00  0.0000E+00  0.0000E+00  0.0000E+00  0.0000E+00  0.0000E+00
    -13.097  0.0000E+00  0.0000E+00  0.0000E+00  0.0000E+00  0.0000E+00  0.0000E+00  0.0000E+00  0.0000E+00  0.0000E+00
    -13.073  0.0000E+00  0.0000E+00  0.0000E+00  0.0000E+00  0.0000E+00  0.0000E+00  0.0000E+00  0.0000E+00  0.0000E+00
    -13.048  0.0000E+00  0.0000E+00  0.0000E+00  0.0000E+00  0.0000E+00  0.0000E+00  0.0000E+00  0.0000E+00  0.0000E+00
    -13.024  0.0000E+00  0.0000E+00  0.0000E+00  0.0000E+00  0.0000E+00  0.0000E+00  0.0000E+00  0.0000E+00  0.0000E+00
    -12.999  0.0000E+00  0.0000E+00  0.0000E+00  0.0000E+00  0.0000E+00  0.0000E+00  0.0000E+00  0.0000E+00  0.0000E+00
    -12.975  0.0000E+00  0.0000E+00  0.0000E+00  0.0000E+00  0.0000E+00  0.0000E+00  0.0000E+00  0.0000E+00  0.0000E+00
    -12.950  0.0000E+00  0.0000E+00  0.0000E+00  0.0000E+00  0.0000E+00  0.0000E+00  0.0000E+00  0.0000E+00  0.0000E+00
    -12.926  0.0000E+00  0.0000E+00  0.0000E+00  0.0000E+00  0.0000E+00  0.0000E+00  0.0000E+00  0.0000E+00  0.0000E+00
    -12.902  0.0000E+00  0.0000E+00  0.0000E+00  0.0000E+00  0.0000E+00  0.0000E+00  0.0000E+00  0.0000E+00  0.0000E+00
    -12.877  0.0000E+00  0.0000E+00  0.0000E+00  0.0000E+00  0.0000E+00  0.0000E+00  0.0000E+00  0.0000E+00  0.0000E+00
    -12.853  0.0000E+00  0.0000E+00  0.0000E+00  0.0000E+00  0.0000E+00  0.0000E+00  0.0000E+00  0.0000E+00  0.0000E+00
    -12.828  0.0000E+00  0.0000E+00  0.0000E+00  0.0000E+00  0.0000E+00  0.0000E+00  0.0000E+00  0.0000E+00  0.0000E+00
    -12.804  0.0000E+00  0.0000E+00  0.0000E+00  0.0000E+00  0.0000E+00  0.0000E+00  0.0000E+00  0.0000E+00  0.0000E+00
    -12.779  0.0000E+00  0.0000E+00  0.0000E+00  0.0000E+00  0.0000E+00  0.0000E+00  0.0000E+00  0.0000E+00  0.0000E+00
    -12.755  0.0000E+00  0.0000E+00  0.0000E+00  0.0000E+00  0.0000E+00  0.0000E+00  0.0000E+00  0.0000E+00  0.0000E+00
    -12.731  0.0000E+00  0.0000E+00  0.0000E+00  0.0000E+00  0.0000E+00  0.0000E+00  0.0000E+00  0.0000E+00  0.0000E+00
    -12.706  0.0000E+00  0.0000E+00  0.0000E+00  0.0000E+00  0.0000E+00  0.0000E+00  0.0000E+00  0.0000E+00  0.0000E+00
    -12.682  0.0000E+00  0.0000E+00  0.0000E+00  0.0000E+00  0.0000E+00  0.0000E+00  0.0000E+00  0.0000E+00  0.0000E+00
    -12.657  0.0000E+00  0.0000E+00  0.0000E+00  0.0000E+00  0.0000E+00  0.0000E+00  0.0000E+00  0.0000E+00  0.0000E+00
    -12.633  0.0000E+00  0.0000E+00  0.0000E+00  0.0000E+00  0.0000E+00  0.0000E+00  0.0000E+00  0.0000E+00  0.0000E+00
    -12.608  0.0000E+00  0.0000E+00  0.0000E+00  0.0000E+00  0.0000E+00  0.0000E+00  0.0000E+00  0.0000E+00  0.0000E+00
    -12.584  0.0000E+00  0.0000E+00  0.0000E+00  0.0000E+00  0.0000E+00  0.0000E+00  0.0000E+00  0.0000E+00  0.0000E+00
    -12.560  0.0000E+00  0.0000E+00  0.0000E+00  0.0000E+00  0.0000E+00  0.0000E+00  0.0000E+00  0.0000E+00  0.0000E+00
    -12.535  0.0000E+00  0.0000E+00  0.0000E+00  0.0000E+00  0.0000E+00  0.0000E+00  0.0000E+00  0.0000E+00  0.0000E+00
    -12.511  0.0000E+00  0.0000E+00  0.0000E+00  0.0000E+00  0.0000E+00  0.0000E+00  0.0000E+00  0.0000E+00  0.0000E+00
    -12.486  0.0000E+00  0.0000E+00  0.0000E+00  0.0000E+00  0.0000E+00  0.0000E+00  0.0000E+00  0.0000E+00  0.0000E+00
    -12.462  0.0000E+00  0.0000E+00  0.0000E+00  0.0000E+00  0.0000E+00  0.0000E+00  0.0000E+00  0.0000E+00  0.0000E+00
    -12.438  0.0000E+00  0.0000E+00  0.0000E+00  0.0000E+00  0.0000E+00  0.0000E+00  0.0000E+00  0.0000E+00  0.0000E+00
    -12.413  0.0000E+00  0.0000E+00  0.0000E+00  0.0000E+00  0.0000E+00  0.0000E+00  0.0000E+00  0.0000E+00  0.0000E+00
    -12.389  0.0000E+00  0.0000E+00  0.0000E+00  0.0000E+00  0.0000E+00  0.0000E+00  0.0000E+00  0.0000E+00  0.0000E+00
    -12.364  0.0000E+00  0.0000E+00  0.0000E+00  0.0000E+00  0.0000E+00  0.0000E+00  0.0000E+00  0.0000E+00  0.0000E+00
    -12.340  0.0000E+00  0.0000E+00  0.0000E+00  0.0000E+00  0.0000E+00  0.0000E+00  0.0000E+00  0.0000E+00  0.0000E+00
    -12.315  0.0000E+00  0.0000E+00  0.0000E+00  0.0000E+00  0.0000E+00  0.0000E+00  0.0000E+00  0.0000E+00  0.0000E+00
    -12.291  0.0000E+00  0.0000E+00  0.0000E+00  0.0000E+00  0.0000E+00  0.0000E+00  0.0000E+00  0.0000E+00  0.0000E+00
    -12.267  0.0000E+00  0.0000E+00  0.0000E+00  0.0000E+00  0.0000E+00  0.0000E+00  0.0000E+00  0.0000E+00  0.0000E+00
    -12.242  0.0000E+00  0.0000E+00  0.0000E+00  0.0000E+00  0.0000E+00  0.0000E+00  0.0000E+00  0.0000E+00  0.0000E+00
    -12.218  0.0000E+00  0.0000E+00  0.0000E+00  0.0000E+00  0.0000E+00  0.0000E+00  0.0000E+00  0.0000E+00  0.0000E+00
    -12.193  0.0000E+00  0.0000E+00  0.0000E+00  0.0000E+00  0.0000E+00  0.0000E+00  0.0000E+00  0.0000E+00  0.0000E+00
    -12.169  0.0000E+00  0.0000E+00  0.0000E+00  0.0000E+00  0.0000E+00  0.0000E+00  0.0000E+00  0.0000E+00  0.0000E+00
    -12.144  0.0000E+00  0.0000E+00  0.0000E+00  0.0000E+00  0.0000E+00  0.0000E+00  0.0000E+00  0.0000E+00  0.0000E+00
    -12.120  0.0000E+00  0.0000E+00  0.0000E+00  0.0000E+00  0.0000E+00  0.0000E+00  0.0000E+00  0.0000E+00  0.0000E+00
    -12.096  0.0000E+00  0.0000E+00  0.0000E+00  0.0000E+00  0.0000E+00  0.0000E+00  0.0000E+00  0.0000E+00  0.0000E+00
    -12.071  0.0000E+00  0.0000E+00  0.0000E+00  0.0000E+00  0.0000E+00  0.0000E+00  0.0000E+00  0.0000E+00  0.0000E+00
    -12.047  0.0000E+00  0.0000E+00  0.0000E+00  0.0000E+00  0.0000E+00  0.0000E+00  0.0000E+00  0.0000E+00  0.0000E+00
    -12.022  0.0000E+00  0.0000E+00  0.0000E+00  0.0000E+00  0.0000E+00  0.0000E+00  0.0000E+00  0.0000E+00  0.0000E+00
    -11.998  0.1999E-16  0.7189E-15  0.2289E-14  0.7332E-15  0.0000E+00  0.0000E+00  0.0000E+00  0.0000E+00  0.0000E+00
    -11.973  0.3169E-15  0.1140E-13  0.3629E-13  0.1163E-13  0.0000E+00  0.0000E+00  0.0000E+00  0.0000E+00  0.0000E+00
    -11.949  0.4425E-14  0.1592E-12  0.5068E-12  0.1623E-12  0.0000E+00  0.0000E+00  0.0000E+00  0.0000E+00  0.0000E+00
    -11.925  0.5496E-13  0.1977E-11  0.6294E-11  0.2016E-11  0.0000E+00  0.0000E+00  0.0000E+00  0.0000E+00  0.0000E+00
    -11.900  0.6065E-12  0.2182E-10  0.6945E-10  0.2225E-10  0.0000E+00  0.0000E+00  0.0000E+00  0.0000E+00  0.0000E+00
    -11.876  0.5944E-11  0.2138E-09  0.6808E-09  0.2181E-09  0.0000E+00  0.0000E+00  0.0000E+00  0.0000E+00  0.0000E+00
    -11.851  0.5176E-10  0.1862E-08  0.5928E-08  0.1899E-08  0.0000E+00  0.0000E+00  0.0000E+00  0.0000E+00  0.0000E+00
    -11.827  0.4004E-09  0.1440E-07  0.4585E-07  0.1469E-07  0.0000E+00  0.0000E+00  0.0000E+00  0.0000E+00  0.0000E+00
    -11.802  0.2751E-08  0.9897E-07  0.3151E-06  0.1009E-06  0.0000E+00  0.0000E+00  0.0000E+00  0.0000E+00  0.0000E+00
    -11.778  0.1680E-07  0.6042E-06  0.1923E-05  0.6162E-06  0.0000E+00  0.0000E+00  0.0000E+00  0.0000E+00  0.0000E+00
    -11.754  0.9109E-07  0.3277E-05  0.1043E-04  0.3342E-05  0.0000E+00  0.0000E+00  0.0000E+00  0.0000E+00  0.0000E+00
    -11.729  0.4389E-06  0.1579E-04  0.5026E-04  0.1610E-04  0.0000E+00  0.0000E+00  0.0000E+00  0.0000E+00  0.0000E+00
    -11.705  0.1879E-05  0.6758E-04  0.2152E-03  0.6893E-04  0.0000E+00  0.0000E+00  0.0000E+00  0.0000E+00  0.0000E+00
    -11.680  0.7146E-05  0.2570E-03  0.8183E-03  0.2621E-03  0.0000E+00  0.0000E+00  0.0000E+00  0.0000E+00  0.0000E+00
    -11.656  0.2415E-04  0.8686E-03  0.2765E-02  0.8858E-03  0.0000E+00  0.0000E+00  0.0000E+00  0.0000E+00  0.0000E+00
    -11.631  0.7249E-04  0.2608E-02  0.8302E-02  0.2659E-02  0.0000E+00  0.0000E+00  0.0000E+00  0.0000E+00  0.0000E+00
    -11.607  0.1934E-03  0.6956E-02  0.2215E-01  0.7094E-02  0.0000E+00  0.0000E+00  0.0000E+00  0.0000E+00  0.0000E+00
    -11.583  0.4583E-03  0.1649E-01  0.5249E-01  0.1681E-01  0.0000E+00  0.0000E+00  0.0000E+00  0.0000E+00  0.0000E+00
    -11.558  0.9652E-03  0.3472E-01  0.1105E+00  0.3541E-01  0.0000E+00  0.0000E+00  0.0000E+00  0.0000E+00  0.0000E+00
    -11.534  0.1806E-02  0.6496E-01  0.2068E+00  0.6625E-01  0.0000E+00  0.0000E+00  0.0000E+00  0.0000E+00  0.0000E+00
    -11.509  0.3002E-02  0.1080E+00  0.3438E+00  0.1101E+00  0.0000E+00  0.0000E+00  0.0000E+00  0.0000E+00  0.0000E+00
    -11.485  0.4435E-02  0.1596E+00  0.5079E+00  0.1627E+00  0.0000E+00  0.0000E+00  0.0000E+00  0.0000E+00  0.0000E+00
    -11.460  0.5822E-02  0.2094E+00  0.6667E+00  0.2136E+00  0.0000E+00  0.0000E+00  0.0000E+00  0.0000E+00  0.0000E+00
    -11.436  0.6790E-02  0.2443E+00  0.7776E+00  0.2491E+00  0.0000E+00  0.0000E+00  0.0000E+00  0.0000E+00  0.0000E+00
    -11.412  0.7037E-02  0.2531E+00  0.8059E+00  0.2582E+00  0.0000E+00  0.0000E+00  0.0000E+00  0.0000E+00  0.0000E+00
    -11.387  0.6480E-02  0.2331E+00  0.7421E+00  0.2377E+00  0.0000E+00  0.0000E+00  0.0000E+00  0.0000E+00  0.0000E+00
    -11.363  0.5302E-02  0.1907E+00  0.6072E+00  0.1945E+00  0.0000E+00  0.0000E+00  0.0000E+00  0.0000E+00  0.0000E+00
    -11.338  0.3854E-02  0.1387E+00  0.4414E+00  0.1414E+00  0.0000E+00  0.0000E+00  0.0000E+00  0.0000E+00  0.0000E+00
    -11.314  0.2490E-02  0.8958E-01  0.2852E+00  0.9136E-01  0.0000E+00  0.0000E+00  0.0000E+00  0.0000E+00  0.0000E+00
    -11.289  0.1429E-02  0.5148E-01  0.1637E+00  0.5249E-01  0.0000E+00  0.0000E+00  0.0000E+00  0.0000E+00  0.0000E+00
    -11.265  0.7290E-03  0.2651E-01  0.8365E-01  0.2698E-01  0.0000E+00  0.0000E+00  0.0000E+00  0.0000E+00  0.0000E+00
    -11.241  0.3310E-03  0.1297E-01  0.3853E-01  0.1307E-01  0.0000E+00  0.0000E+00  0.0000E+00  0.0000E+00  0.0000E+00
    -11.216  0.1355E-03  0.8391E-02  0.1762E-01  0.8184E-02  0.0000E+00  0.0000E+00  0.0000E+00  0.0000E+00  0.0000E+00
    -11.192  0.5557E-04  0.1238E-01  0.1268E-01  0.1199E-01  0.0000E+00  0.0000E+00  0.0000E+00  0.0000E+00  0.0000E+00
    -11.167  0.3748E-04  0.2856E-01  0.2119E-01  0.2879E-01  0.0000E+00  0.0000E+00  0.0000E+00  0.0000E+00  0.0000E+00
    -11.143  0.5986E-04  0.6555E-01  0.4702E-01  0.6935E-01  0.0000E+00  0.0000E+00  0.0000E+00  0.0000E+00  0.0000E+00
    -11.118  0.1239E-03  0.1357E+00  0.9911E-01  0.1508E+00  0.0000E+00  0.0000E+00  0.0000E+00  0.0000E+00  0.0000E+00
    -11.094  0.2413E-03  0.2500E+00  0.1873E+00  0.2922E+00  0.0000E+00  0.0000E+00  0.0000E+00  0.0000E+00  0.0000E+00
    -11.070  0.4205E-03  0.4093E+00  0.3152E+00  0.5034E+00  0.0000E+00  0.0000E+00  0.0000E+00  0.0000E+00  0.0000E+00
    -11.045  0.6517E-03  0.5957E+00  0.4719E+00  0.7713E+00  0.0000E+00  0.0000E+00  0.0000E+00  0.0000E+00  0.0000E+00
    -11.021  0.8976E-03  0.7705E+00  0.6285E+00  0.1051E+01  0.0000E+00  0.0000E+00  0.0000E+00  0.0000E+00  0.0000E+00
    -10.996  0.1099E-02  0.8863E+00  0.7449E+00  0.1273E+01  0.0000E+00  0.0000E+00  0.0000E+00  0.0000E+00  0.0000E+00
    -10.972  0.1195E-02  0.9081E+00  0.7865E+00  0.1371E+01  0.0000E+00  0.0000E+00  0.0000E+00  0.0000E+00  0.0000E+00
    -10.947  0.1155E-02  0.8331E+00  0.7421E+00  0.1314E+01  0.0000E+00  0.0000E+00  0.0000E+00  0.0000E+00  0.0000E+00
    -10.923  0.9919E-03  0.6956E+00  0.6318E+00  0.1121E+01  0.0000E+00  0.0000E+00  0.0000E+00  0.0000E+00  0.0000E+00
    -10.899  0.7570E-03  0.5534E+00  0.4988E+00  0.8542E+00  0.0000E+00  0.0000E+00  0.0000E+00  0.0000E+00  0.0000E+00
    -10.874  0.5134E-03  0.4651E+00  0.3912E+00  0.5871E+00  0.0000E+00  0.0000E+00  0.0000E+00  0.0000E+00  0.0000E+00
    -10.850  0.3094E-03  0.4684E+00  0.3426E+00  0.3738E+00  0.0000E+00  0.0000E+00  0.0000E+00  0.0000E+00  0.0000E+00
    -10.825  0.1657E-03  0.5675E+00  0.3616E+00  0.2354E+00  0.0000E+00  0.0000E+00  0.0000E+00  0.0000E+00  0.0000E+00
    -10.801  0.7889E-04  0.7305E+00  0.4304E+00  0.1639E+00  0.0000E+00  0.0000E+00  0.0000E+00  0.0000E+00  0.0000E+00
    -10.776  0.3340E-04  0.8989E+00  0.5127E+00  0.1361E+00  0.0000E+00  0.0000E+00  0.0000E+00  0.0000E+00  0.0000E+00
    -10.752  0.1260E-04  0.1008E+01  0.5681E+00  0.1270E+00  0.0000E+00  0.0000E+00  0.0000E+00  0.0000E+00  0.0000E+00
    -10.728  0.4263E-05  0.1012E+01  0.5682E+00  0.1190E+00  0.0000E+00  0.0000E+00  0.0000E+00  0.0000E+00  0.0000E+00
    -10.703  0.1314E-05  0.9054E+00  0.5077E+00  0.1039E+00  0.0000E+00  0.0000E+00  0.0000E+00  0.0000E+00  0.0000E+00
    -10.679  0.3860E-06  0.7203E+00  0.4037E+00  0.8198E-01  0.0000E+00  0.0000E+00  0.0000E+00  0.0000E+00  0.0000E+00
    -10.654  0.1185E-06  0.5092E+00  0.2854E+00  0.5781E-01  0.0000E+00  0.0000E+00  0.0000E+00  0.0000E+00  0.0000E+00
    -10.630  0.4228E-07  0.3199E+00  0.1793E+00  0.3629E-01  0.0000E+00  0.0000E+00  0.0000E+00  0.0000E+00  0.0000E+00
    -10.605  0.1766E-07  0.1786E+00  0.1001E+00  0.2025E-01  0.0000E+00  0.0000E+00  0.0000E+00  0.0000E+00  0.0000E+00
    -10.581  0.7784E-08  0.8860E-01  0.4964E-01  0.1004E-01  0.0000E+00  0.0000E+00  0.0000E+00  0.0000E+00  0.0000E+00
    -10.557  0.3288E-08  0.3905E-01  0.2188E-01  0.4427E-02  0.0000E+00  0.0000E+00  0.0000E+00  0.0000E+00  0.0000E+00
    -10.532  0.1269E-08  0.1529E-01  0.8568E-02  0.1733E-02  0.0000E+00  0.0000E+00  0.0000E+00  0.0000E+00  0.0000E+00
    -10.508  0.4395E-09  0.5320E-02  0.2981E-02  0.6031E-03  0.0000E+00  0.0000E+00  0.0000E+00  0.0000E+00  0.0000E+00
    -10.483  0.1356E-09  0.1645E-02  0.9216E-03  0.1864E-03  0.0000E+00  0.0000E+00  0.0000E+00  0.0000E+00  0.0000E+00
    -10.459  0.3724E-10  0.4517E-03  0.2531E-03  0.5121E-04  0.0000E+00  0.0000E+00  0.0000E+00  0.0000E+00  0.0000E+00
    -10.434  0.9085E-11  0.1102E-03  0.6177E-04  0.1250E-04  0.0000E+00  0.0000E+00  0.0000E+00  0.0000E+00  0.0000E+00
    -10.410  0.1970E-11  0.2390E-04  0.1339E-04  0.2709E-05  0.0000E+00  0.0000E+00  0.0000E+00  0.0000E+00  0.0000E+00
    -10.386  0.3794E-12  0.4603E-05  0.2579E-05  0.5218E-06  0.0000E+00  0.0000E+00  0.0000E+00  0.0000E+00  0.0000E+00
    -10.361  0.6492E-13  0.7877E-06  0.4414E-06  0.8930E-07  0.0000E+00  0.0000E+00  0.0000E+00  0.0000E+00  0.0000E+00
    -10.337  0.9869E-14  0.1198E-06  0.6710E-07  0.1358E-07  0.0000E+00  0.0000E+00  0.0000E+00  0.0000E+00  0.0000E+00
    -10.312  0.1333E-14  0.1617E-07  0.9062E-08  0.1833E-08  0.0000E+00  0.0000E+00  0.0000E+00  0.0000E+00  0.0000E+00
    -10.288  0.1599E-15  0.1940E-08  0.1087E-08  0.2200E-09  0.0000E+00  0.0000E+00  0.0000E+00  0.0000E+00  0.0000E+00
    -10.263  0.1704E-16  0.2068E-09  0.1159E-09  0.2344E-10  0.0000E+00  0.0000E+00  0.0000E+00  0.0000E+00  0.0000E+00
    -10.239  0.1614E-17  0.1958E-10  0.1097E-10  0.2220E-11  0.0000E+00  0.0000E+00  0.0000E+00  0.0000E+00  0.0000E+00
    -10.215  0.1357E-18  0.1647E-11  0.9227E-12  0.1867E-12  0.0000E+00  0.0000E+00  0.0000E+00  0.0000E+00  0.0000E+00
    -10.190  0.1016E-19  0.1232E-12  0.6905E-13  0.1397E-13  0.0000E+00  0.0000E+00  0.0000E+00  0.0000E+00  0.0000E+00
    -10.166  0.6816E-21  0.8271E-14  0.4634E-14  0.9376E-15  0.0000E+00  0.0000E+00  0.0000E+00  0.0000E+00  0.0000E+00
    -10.141  0.0000E+00  0.0000E+00  0.0000E+00  0.0000E+00  0.0000E+00  0.0000E+00  0.0000E+00  0.0000E+00  0.0000E+00
    -10.117  0.0000E+00  0.0000E+00  0.0000E+00  0.0000E+00  0.0000E+00  0.0000E+00  0.0000E+00  0.0000E+00  0.0000E+00
    -10.092  0.3138E-19  0.1627E-15  0.2613E-15  0.4143E-17  0.0000E+00  0.0000E+00  0.0000E+00  0.0000E+00  0.0000E+00
    -10.068  0.2824E-18  0.1465E-14  0.2352E-14  0.3728E-16  0.0000E+00  0.0000E+00  0.0000E+00  0.0000E+00  0.0000E+00
    -10.044  0.4518E-17  0.2344E-13  0.3763E-13  0.5965E-15  0.0000E+00  0.0000E+00  0.0000E+00  0.0000E+00  0.0000E+00
    -10.019  0.6250E-16  0.3242E-12  0.5206E-12  0.8252E-14  0.0000E+00  0.0000E+00  0.0000E+00  0.0000E+00  0.0000E+00
     -9.995  0.7673E-15  0.3980E-11  0.6391E-11  0.1013E-12  0.0000E+00  0.0000E+00  0.0000E+00  0.0000E+00  0.0000E+00
     -9.970  0.8370E-14  0.4341E-10  0.6971E-10  0.1105E-11  0.0000E+00  0.0000E+00  0.0000E+00  0.0000E+00  0.0000E+00
     -9.946  0.8110E-13  0.4206E-09  0.6754E-09  0.1071E-10  0.0000E+00  0.0000E+00  0.0000E+00  0.0000E+00  0.0000E+00
     -9.921  0.6980E-12  0.3621E-08  0.5814E-08  0.9216E-10  0.0000E+00  0.0000E+00  0.0000E+00  0.0000E+00  0.0000E+00
     -9.897  0.5337E-11  0.2768E-07  0.4445E-07  0.7047E-09  0.0000E+00  0.0000E+00  0.0000E+00  0.0000E+00  0.0000E+00
     -9.873  0.3626E-10  0.1881E-06  0.3020E-06  0.4787E-08  0.0000E+00  0.0000E+00  0.0000E+00  0.0000E+00  0.0000E+00
     -9.848  0.2188E-09  0.1135E-05  0.1822E-05  0.2889E-07  0.0000E+00  0.0000E+00  0.0000E+00  0.0000E+00  0.0000E+00
     -9.824  0.1173E-08  0.6084E-05  0.9769E-05  0.1549E-06  0.0000E+00  0.0000E+00  0.0000E+00  0.0000E+00  0.0000E+00
     -9.799  0.5587E-08  0.2898E-04  0.4653E-04  0.7377E-06  0.0000E+00  0.0000E+00  0.0000E+00  0.0000E+00  0.0000E+00
     -9.775  0.2364E-07  0.1226E-03  0.1969E-03  0.3122E-05  0.0000E+00  0.0000E+00  0.0000E+00  0.0000E+00  0.0000E+00
     -9.750  0.8889E-07  0.4611E-03  0.7403E-03  0.1174E-04  0.0000E+00  0.0000E+00  0.0000E+00  0.0000E+00  0.0000E+00
     -9.726  0.2969E-06  0.1540E-02  0.2473E-02  0.3920E-04  0.0000E+00  0.0000E+00  0.0000E+00  0.0000E+00  0.0000E+00
     -9.702  0.8812E-06  0.4571E-02  0.7339E-02  0.1164E-03  0.0000E+00  0.0000E+00  0.0000E+00  0.0000E+00  0.0000E+00
     -9.677  0.2324E-05  0.1205E-01  0.1935E-01  0.3068E-03  0.0000E+00  0.0000E+00  0.0000E+00  0.0000E+00  0.0000E+00
     -9.653  0.5445E-05  0.2824E-01  0.4534E-01  0.7188E-03  0.0000E+00  0.0000E+00  0.0000E+00  0.0000E+00  0.0000E+00
     -9.628  0.1133E-04  0.5879E-01  0.9440E-01  0.1496E-02  0.0000E+00  0.0000E+00  0.0000E+00  0.0000E+00  0.0000E+00
     -9.604  0.2096E-04  0.1087E+00  0.1746E+00  0.2768E-02  0.0000E+00  0.0000E+00  0.0000E+00  0.0000E+00  0.0000E+00
     -9.579  0.3446E-04  0.1787E+00  0.2870E+00  0.4549E-02  0.0000E+00  0.0000E+00  0.0000E+00  0.0000E+00  0.0000E+00
     -9.555  0.5032E-04  0.2610E+00  0.4191E+00  0.6644E-02  0.0000E+00  0.0000E+00  0.0000E+00  0.0000E+00  0.0000E+00
     -9.531  0.6533E-04  0.3386E+00  0.5438E+00  0.8623E-02  0.0000E+00  0.0000E+00  0.0000E+00  0.0000E+00  0.0000E+00
     -9.506  0.7551E-04  0.3904E+00  0.6269E+00  0.9956E-02  0.0000E+00  0.0000E+00  0.0000E+00  0.0000E+00  0.0000E+00
     -9.482  0.7824E-04  0.4000E+00  0.6423E+00  0.1026E-01  0.0000E+00  0.0000E+00  0.0000E+00  0.0000E+00  0.0000E+00
     -9.457  0.7499E-04  0.3642E+00  0.5846E+00  0.9621E-02  0.0000E+00  0.0000E+00  0.0000E+00  0.0000E+00  0.0000E+00
     -9.433  0.7489E-04  0.2947E+00  0.4729E+00  0.8831E-02  0.0000E+00  0.0000E+00  0.0000E+00  0.0000E+00  0.0000E+00
     -9.408  0.1017E-03  0.2122E+00  0.3399E+00  0.9872E-02  0.0000E+00  0.0000E+00  0.0000E+00  0.0000E+00  0.0000E+00
     -9.384  0.2077E-03  0.1369E+00  0.2170E+00  0.1683E-01  0.0000E+00  0.0000E+00  0.0000E+00  0.0000E+00  0.0000E+00
     -9.360  0.4967E-03  0.8127E-01  0.1232E+00  0.3746E-01  0.0000E+00  0.0000E+00  0.0000E+00  0.0000E+00  0.0000E+00
     -9.335  0.1143E-02  0.4947E-01  0.6217E-01  0.8468E-01  0.0000E+00  0.0000E+00  0.0000E+00  0.0000E+00  0.0000E+00
     -9.311  0.2382E-02  0.3995E-01  0.2799E-01  0.1757E+00  0.0000E+00  0.0000E+00  0.0000E+00  0.0000E+00  0.0000E+00
     -9.286  0.4426E-02  0.4899E-01  0.1140E-01  0.3263E+00  0.0000E+00  0.0000E+00  0.0000E+00  0.0000E+00  0.0000E+00
     -9.262  0.7316E-02  0.7204E-01  0.4459E-02  0.5392E+00  0.0000E+00  0.0000E+00  0.0000E+00  0.0000E+00  0.0000E+00
     -9.237  0.1075E-01  0.1030E+00  0.2030E-02  0.7919E+00  0.0000E+00  0.0000E+00  0.0000E+00  0.0000E+00  0.0000E+00
     -9.213  0.1403E-01  0.1337E+00  0.1388E-02  0.1034E+01  0.0000E+00  0.0000E+00  0.0000E+00  0.0000E+00  0.0000E+00
     -9.189  0.1627E-01  0.1548E+00  0.1297E-02  0.1199E+01  0.0000E+00  0.0000E+00  0.0000E+00  0.0000E+00  0.0000E+00
     -9.164  0.1676E-01  0.1595E+00  0.1268E-02  0.1235E+01  0.0000E+00  0.0000E+00  0.0000E+00  0.0000E+00  0.0000E+00
     -9.140  0.1535E-01  0.1460E+00  0.1147E-02  0.1131E+01  0.0000E+00  0.0000E+00  0.0000E+00  0.0000E+00  0.0000E+00
     -9.115  0.1249E-01  0.1188E+00  0.9310E-03  0.9203E+00  0.0000E+00  0.0000E+00  0.0000E+00  0.0000E+00  0.0000E+00
     -9.091  0.9028E-02  0.8589E-01  0.6727E-03  0.6653E+00  0.0000E+00  0.0000E+00  0.0000E+00  0.0000E+00  0.0000E+00
     -9.066  0.5799E-02  0.5517E-01  0.4320E-03  0.4273E+00  0.0000E+00  0.0000E+00  0.0000E+00  0.0000E+00  0.0000E+00
     -9.042  0.3310E-02  0.3149E-01  0.2466E-03  0.2439E+00  0.0000E+00  0.0000E+00  0.0000E+00  0.0000E+00  0.0000E+00
     -9.018  0.1679E-02  0.1597E-01  0.1250E-03  0.1237E+00  0.0000E+00  0.0000E+00  0.0000E+00  0.0000E+00  0.0000E+00
     -8.993  0.7564E-03  0.7196E-02  0.5635E-04  0.5574E-01  0.0000E+00  0.0000E+00  0.0000E+00  0.0000E+00  0.0000E+00
     -8.969  0.3028E-03  0.2881E-02  0.2256E-04  0.2231E-01  0.0000E+00  0.0000E+00  0.0000E+00  0.0000E+00  0.0000E+00
     -8.944  0.1077E-03  0.1025E-02  0.8025E-05  0.7938E-02  0.0000E+00  0.0000E+00  0.0000E+00  0.0000E+00  0.0000E+00
     -8.920  0.3404E-04  0.3239E-03  0.2536E-05  0.2509E-02  0.0000E+00  0.0000E+00  0.0000E+00  0.0000E+00  0.0000E+00
     -8.895  0.9560E-05  0.9095E-04  0.7122E-06  0.7045E-03  0.0000E+00  0.0000E+00  0.0000E+00  0.0000E+00  0.0000E+00
     -8.871  0.2385E-05  0.2269E-04  0.1777E-06  0.1758E-03  0.0000E+00  0.0000E+00  0.0000E+00  0.0000E+00  0.0000E+00
     -8.847  0.5287E-06  0.5030E-05  0.3939E-07  0.3896E-04  0.0000E+00  0.0000E+00  0.0000E+00  0.0000E+00  0.0000E+00
     -8.822  0.1041E-06  0.9905E-06  0.7756E-08  0.7672E-05  0.0000E+00  0.0000E+00  0.0000E+00  0.0000E+00  0.0000E+00
     -8.798  0.1821E-07  0.1733E-06  0.1357E-08  0.1342E-05  0.0000E+00  0.0000E+00  0.0000E+00  0.0000E+00  0.0000E+00
     -8.773  0.2831E-08  0.2693E-07  0.2109E-09  0.2086E-06  0.0000E+00  0.0000E+00  0.0000E+00  0.0000E+00  0.0000E+00
     -8.749  0.3909E-09  0.3719E-08  0.2912E-10  0.2881E-07  0.0000E+00  0.0000E+00  0.0000E+00  0.0000E+00  0.0000E+00
     -8.724  0.4795E-10  0.4562E-09  0.3572E-11  0.3534E-08  0.0000E+00  0.0000E+00  0.0000E+00  0.0000E+00  0.0000E+00
     -8.700  0.5225E-11  0.4971E-10  0.3893E-12  0.3851E-09  0.0000E+00  0.0000E+00  0.0000E+00  0.0000E+00  0.0000E+00
     -8.676  0.5058E-12  0.4812E-11  0.3768E-13  0.3727E-10  0.0000E+00  0.0000E+00  0.0000E+00  0.0000E+00  0.0000E+00
     -8.651  0.4349E-13  0.4137E-12  0.3240E-14  0.3205E-11  0.0000E+00  0.0000E+00  0.0000E+00  0.0000E+00  0.0000E+00
     -8.627  0.3323E-14  0.3162E-13  0.2476E-15  0.2449E-12  0.0000E+00  0.0000E+00  0.0000E+00  0.0000E+00  0.0000E+00
     -8.602  0.2315E-15  0.2203E-14  0.1725E-16  0.1706E-13  0.0000E+00  0.0000E+00  0.0000E+00  0.0000E+00  0.0000E+00
     -8.578  0.1362E-16  0.1296E-15  0.1015E-17  0.1004E-14  0.0000E+00  0.0000E+00  0.0000E+00  0.0000E+00  0.0000E+00
     -8.553  0.0000E+00  0.0000E+00  0.0000E+00  0.0000E+00  0.0000E+00  0.0000E+00  0.0000E+00  0.0000E+00  0.0000E+00
     -8.529  0.0000E+00  0.0000E+00  0.0000E+00  0.0000E+00  0.0000E+00  0.0000E+00  0.0000E+00  0.0000E+00  0.0000E+00
     -8.505  0.0000E+00  0.0000E+00  0.0000E+00  0.0000E+00  0.0000E+00  0.0000E+00  0.0000E+00  0.0000E+00  0.0000E+00
     -8.480  0.0000E+00  0.0000E+00  0.0000E+00  0.0000E+00  0.0000E+00  0.0000E+00  0.0000E+00  0.0000E+00  0.0000E+00
     -8.456  0.0000E+00  0.0000E+00  0.0000E+00  0.0000E+00  0.0000E+00  0.0000E+00  0.0000E+00  0.0000E+00  0.0000E+00
     -8.431  0.0000E+00  0.0000E+00  0.0000E+00  0.0000E+00  0.0000E+00  0.0000E+00  0.0000E+00  0.0000E+00  0.0000E+00
     -8.407  0.0000E+00  0.0000E+00  0.0000E+00  0.0000E+00  0.0000E+00  0.0000E+00  0.0000E+00  0.0000E+00  0.0000E+00
     -8.382  0.0000E+00  0.0000E+00  0.0000E+00  0.0000E+00  0.0000E+00  0.0000E+00  0.0000E+00  0.0000E+00  0.0000E+00
     -8.358  0.0000E+00  0.0000E+00  0.0000E+00  0.0000E+00  0.0000E+00  0.0000E+00  0.0000E+00  0.0000E+00  0.0000E+00
     -8.334  0.9540E-17  0.6151E-16  0.9224E-16  0.4020E-17  0.0000E+00  0.0000E+00  0.0000E+00  0.0000E+00  0.0000E+00
     -8.309  0.8586E-16  0.5536E-15  0.8301E-15  0.3618E-16  0.0000E+00  0.0000E+00  0.0000E+00  0.0000E+00  0.0000E+00
     -8.285  0.1345E-14  0.8674E-14  0.1301E-13  0.5669E-15  0.0000E+00  0.0000E+00  0.0000E+00  0.0000E+00  0.0000E+00
     -8.260  0.1862E-13  0.1201E-12  0.1800E-12  0.7848E-14  0.0000E+00  0.0000E+00  0.0000E+00  0.0000E+00  0.0000E+00
     -8.236  0.2289E-12  0.1476E-11  0.2213E-11  0.9646E-13  0.0000E+00  0.0000E+00  0.0000E+00  0.0000E+00  0.0000E+00
     -8.211  0.2499E-11  0.1611E-10  0.2416E-10  0.1053E-11  0.0000E+00  0.0000E+00  0.0000E+00  0.0000E+00  0.0000E+00
     -8.187  0.2424E-10  0.1563E-09  0.2343E-09  0.1021E-10  0.0000E+00  0.0000E+00  0.0000E+00  0.0000E+00  0.0000E+00
     -8.163  0.2088E-09  0.1346E-08  0.2019E-08  0.8799E-10  0.0000E+00  0.0000E+00  0.0000E+00  0.0000E+00  0.0000E+00
     -8.138  0.1598E-08  0.1030E-07  0.1545E-07  0.6734E-09  0.0000E+00  0.0000E+00  0.0000E+00  0.0000E+00  0.0000E+00
     -8.114  0.1086E-07  0.7006E-07  0.1051E-06  0.4579E-08  0.0000E+00  0.0000E+00  0.0000E+00  0.0000E+00  0.0000E+00
     -8.089  0.6563E-07  0.4232E-06  0.6345E-06  0.2766E-07  0.0000E+00  0.0000E+00  0.0000E+00  0.0000E+00  0.0000E+00
     -8.065  0.3522E-06  0.2271E-05  0.3405E-05  0.1484E-06  0.0000E+00  0.0000E+00  0.0000E+00  0.0000E+00  0.0000E+00
     -8.040  0.1679E-05  0.1083E-04  0.1623E-04  0.7076E-06  0.0000E+00  0.0000E+00  0.0000E+00  0.0000E+00  0.0000E+00
     -8.016  0.7111E-05  0.4586E-04  0.6876E-04  0.2997E-05  0.0000E+00  0.0000E+00  0.0000E+00  0.0000E+00  0.0000E+00
     -7.992  0.2676E-04  0.1726E-03  0.2587E-03  0.1128E-04  0.0000E+00  0.0000E+00  0.0000E+00  0.0000E+00  0.0000E+00
     -7.967  0.8947E-04  0.5770E-03  0.8651E-03  0.3771E-04  0.0000E+00  0.0000E+00  0.0000E+00  0.0000E+00  0.0000E+00
     -7.943  0.2658E-03  0.1714E-02  0.2570E-02  0.1120E-03  0.0000E+00  0.0000E+00  0.0000E+00  0.0000E+00  0.0000E+00
     -7.918  0.7015E-03  0.4524E-02  0.6783E-02  0.2956E-03  0.0000E+00  0.0000E+00  0.0000E+00  0.0000E+00  0.0000E+00
     -7.894  0.1645E-02  0.1061E-01  0.1591E-01  0.6933E-03  0.0000E+00  0.0000E+00  0.0000E+00  0.0000E+00  0.0000E+00
     -7.869  0.3428E-02  0.2210E-01  0.3314E-01  0.1445E-02  0.0000E+00  0.0000E+00  0.0000E+00  0.0000E+00  0.0000E+00
     -7.845  0.6346E-02  0.4092E-01  0.6136E-01  0.2675E-02  0.0000E+00  0.0000E+00  0.0000E+00  0.0000E+00  0.0000E+00
     -7.821  0.1044E-01  0.6732E-01  0.1009E+00  0.4400E-02  0.0000E+00  0.0000E+00  0.0000E+00  0.0000E+00  0.0000E+00
     -7.796  0.1526E-01  0.9840E-01  0.1475E+00  0.6431E-02  0.0000E+00  0.0000E+00  0.0000E+00  0.0000E+00  0.0000E+00
     -7.772  0.1982E-01  0.1278E+00  0.1916E+00  0.8352E-02  0.0000E+00  0.0000E+00  0.0000E+00  0.0000E+00  0.0000E+00
     -7.747  0.2287E-01  0.1475E+00  0.2211E+00  0.9639E-02  0.0000E+00  0.0000E+00  0.0000E+00  0.0000E+00  0.0000E+00
     -7.723  0.2345E-01  0.1512E+00  0.2268E+00  0.9884E-02  0.0000E+00  0.0000E+00  0.0000E+00  0.0000E+00  0.0000E+00
     -7.698  0.2137E-01  0.1378E+00  0.2066E+00  0.9005E-02  0.0000E+00  0.0000E+00  0.0000E+00  0.0000E+00  0.0000E+00
     -7.674  0.1730E-01  0.1115E+00  0.1673E+00  0.7290E-02  0.0000E+00  0.0000E+00  0.0000E+00  0.0000E+00  0.0000E+00
     -7.650  0.1244E-01  0.8024E-01  0.1203E+00  0.5244E-02  0.0000E+00  0.0000E+00  0.0000E+00  0.0000E+00  0.0000E+00
     -7.625  0.7954E-02  0.5129E-01  0.7691E-01  0.3352E-02  0.0000E+00  0.0000E+00  0.0000E+00  0.0000E+00  0.0000E+00
     -7.601  0.4517E-02  0.2913E-01  0.4368E-01  0.1904E-02  0.0000E+00  0.0000E+00  0.0000E+00  0.0000E+00  0.0000E+00
     -7.576  0.2279E-02  0.1470E-01  0.2204E-01  0.9606E-03  0.0000E+00  0.0000E+00  0.0000E+00  0.0000E+00  0.0000E+00
     -7.552  0.1022E-02  0.6590E-02  0.9882E-02  0.4307E-03  0.0000E+00  0.0000E+00  0.0000E+00  0.0000E+00  0.0000E+00
     -7.527  0.4072E-03  0.2625E-02  0.3937E-02  0.1716E-03  0.0000E+00  0.0000E+00  0.0000E+00  0.0000E+00  0.0000E+00
     -7.503  0.1441E-03  0.9293E-03  0.1393E-02  0.6074E-04  0.0000E+00  0.0000E+00  0.0000E+00  0.0000E+00  0.0000E+00
     -7.479  0.4532E-04  0.2923E-03  0.4382E-03  0.1910E-04  0.0000E+00  0.0000E+00  0.0000E+00  0.0000E+00  0.0000E+00
     -7.454  0.1266E-04  0.8166E-04  0.1224E-03  0.5337E-05  0.0000E+00  0.0000E+00  0.0000E+00  0.0000E+00  0.0000E+00
     -7.430  0.3144E-05  0.2027E-04  0.3040E-04  0.1325E-05  0.0000E+00  0.0000E+00  0.0000E+00  0.0000E+00  0.0000E+00
     -7.405  0.6934E-06  0.4471E-05  0.6705E-05  0.2922E-06  0.0000E+00  0.0000E+00  0.0000E+00  0.0000E+00  0.0000E+00
     -7.381  0.1359E-06  0.8762E-06  0.1314E-05  0.5727E-07  0.0000E+00  0.0000E+00  0.0000E+00  0.0000E+00  0.0000E+00
     -7.356  0.2365E-07  0.1532E-06  0.2291E-06  0.1004E-07  0.0000E+00  0.0000E+00  0.0000E+00  0.0000E+00  0.0000E+00
     -7.332  0.3658E-08  0.2856E-07  0.3814E-07  0.2085E-08  0.0000E+00  0.0000E+00  0.0000E+00  0.0000E+00  0.0000E+00
     -7.308  0.5027E-09  0.3845E-07  0.2445E-07  0.4056E-08  0.0000E+00  0.0000E+00  0.0000E+00  0.0000E+00  0.0000E+00
     -7.283  0.6149E-10  0.2218E-06  0.1238E-06  0.2420E-07  0.0000E+00  0.0000E+00  0.0000E+00  0.0000E+00  0.0000E+00
     -7.259  0.7431E-11  0.1237E-05  0.6885E-06  0.1351E-06  0.0000E+00  0.0000E+00  0.0000E+00  0.0000E+00  0.0000E+00
     -7.234  0.4505E-11  0.6141E-05  0.3417E-05  0.6704E-06  0.0000E+00  0.0000E+00  0.0000E+00  0.0000E+00  0.0000E+00
     -7.210  0.1710E-10  0.2708E-04  0.1507E-04  0.2957E-05  0.0000E+00  0.0000E+00  0.0000E+00  0.0000E+00  0.0000E+00
     -7.185  0.6677E-10  0.1061E-03  0.5904E-04  0.1158E-04  0.0000E+00  0.0000E+00  0.0000E+00  0.0000E+00  0.0000E+00
     -7.161  0.2324E-09  0.3693E-03  0.2055E-03  0.4032E-04  0.0000E+00  0.0000E+00  0.0000E+00  0.0000E+00  0.0000E+00
     -7.137  0.7188E-09  0.1142E-02  0.6356E-03  0.1247E-03  0.0000E+00  0.0000E+00  0.0000E+00  0.0000E+00  0.0000E+00
     -7.112  0.1975E-08  0.3139E-02  0.1747E-02  0.3427E-03  0.0000E+00  0.0000E+00  0.0000E+00  0.0000E+00  0.0000E+00
     -7.088  0.4823E-08  0.7664E-02  0.4264E-02  0.8367E-03  0.0000E+00  0.0000E+00  0.0000E+00  0.0000E+00  0.0000E+00
     -7.063  0.1046E-07  0.1662E-01  0.9250E-02  0.1815E-02  0.0000E+00  0.0000E+00  0.0000E+00  0.0000E+00  0.0000E+00
     -7.039  0.2016E-07  0.3204E-01  0.1783E-01  0.3499E-02  0.0000E+00  0.0000E+00  0.0000E+00  0.0000E+00  0.0000E+00
     -7.014  0.3454E-07  0.5488E-01  0.3054E-01  0.5992E-02  0.0000E+00  0.0000E+00  0.0000E+00  0.0000E+00  0.0000E+00
     -6.990  0.5255E-07  0.8351E-01  0.4647E-01  0.9118E-02  0.0000E+00  0.0000E+00  0.0000E+00  0.0000E+00  0.0000E+00
     -6.966  0.7106E-07  0.1129E+00  0.6283E-01  0.1233E-01  0.0000E+00  0.0000E+00  0.0000E+00  0.0000E+00  0.0000E+00
     -6.941  0.8538E-07  0.1357E+00  0.7549E-01  0.1481E-01  0.0000E+00  0.0000E+00  0.0000E+00  0.0000E+00  0.0000E+00
     -6.917  0.9114E-07  0.1448E+00  0.8059E-01  0.1581E-01  0.0000E+00  0.0000E+00  0.0000E+00  0.0000E+00  0.0000E+00
     -6.892  0.8646E-07  0.1374E+00  0.7645E-01  0.1500E-01  0.0000E+00  0.0000E+00  0.0000E+00  0.0000E+00  0.0000E+00
     -6.868  0.7287E-07  0.1158E+00  0.6443E-01  0.1264E-01  0.0000E+00  0.0000E+00  0.0000E+00  0.0000E+00  0.0000E+00
     -6.843  0.5457E-07  0.8672E-01  0.4825E-01  0.9468E-02  0.0000E+00  0.0000E+00  0.0000E+00  0.0000E+00  0.0000E+00
     -6.819  0.3632E-07  0.5771E-01  0.3211E-01  0.6300E-02  0.0000E+00  0.0000E+00  0.0000E+00  0.0000E+00  0.0000E+00
     -6.795  0.2147E-07  0.3412E-01  0.1899E-01  0.3725E-02  0.0000E+00  0.0000E+00  0.0000E+00  0.0000E+00  0.0000E+00
     -6.770  0.1128E-07  0.1793E-01  0.9975E-02  0.1957E-02  0.0000E+00  0.0000E+00  0.0000E+00  0.0000E+00  0.0000E+00
     -6.746  0.5266E-08  0.8368E-02  0.4656E-02  0.9136E-03  0.0000E+00  0.0000E+00  0.0000E+00  0.0000E+00  0.0000E+00
     -6.721  0.2184E-08  0.3471E-02  0.1931E-02  0.3789E-03  0.0000E+00  0.0000E+00  0.0000E+00  0.0000E+00  0.0000E+00
     -6.697  0.8049E-09  0.1279E-02  0.7117E-03  0.1396E-03  0.0000E+00  0.0000E+00  0.0000E+00  0.0000E+00  0.0000E+00
     -6.672  0.2635E-09  0.4188E-03  0.2330E-03  0.4572E-04  0.0000E+00  0.0000E+00  0.0000E+00  0.0000E+00  0.0000E+00
     -6.648  0.7666E-10  0.1218E-03  0.6779E-04  0.1330E-04  0.0000E+00  0.0000E+00  0.0000E+00  0.0000E+00  0.0000E+00
     -6.624  0.1981E-10  0.3149E-04  0.1752E-04  0.3438E-05  0.0000E+00  0.0000E+00  0.0000E+00  0.0000E+00  0.0000E+00
     -6.599  0.4550E-11  0.7231E-05  0.4023E-05  0.7894E-06  0.0000E+00  0.0000E+00  0.0000E+00  0.0000E+00  0.0000E+00
     -6.575  0.9283E-12  0.1475E-05  0.8208E-06  0.1611E-06  0.0000E+00  0.0000E+00  0.0000E+00  0.0000E+00  0.0000E+00
     -6.550  0.1683E-12  0.2674E-06  0.1488E-06  0.2919E-07  0.0000E+00  0.0000E+00  0.0000E+00  0.0000E+00  0.0000E+00
     -6.526  0.2709E-13  0.4305E-07  0.2396E-07  0.4700E-08  0.0000E+00  0.0000E+00  0.0000E+00  0.0000E+00  0.0000E+00
     -6.501  0.3876E-14  0.6159E-08  0.3427E-08  0.6724E-09  0.0000E+00  0.0000E+00  0.0000E+00  0.0000E+00  0.0000E+00
     -6.477  0.4925E-15  0.7827E-09  0.4355E-09  0.8545E-10  0.0000E+00  0.0000E+00  0.0000E+00  0.0000E+00  0.0000E+00
     -6.453  0.5560E-16  0.8836E-10  0.4917E-10  0.9647E-11  0.0000E+00  0.0000E+00  0.0000E+00  0.0000E+00  0.0000E+00
     -6.428  0.5576E-17  0.8861E-11  0.4931E-11  0.9675E-12  0.0000E+00  0.0000E+00  0.0000E+00  0.0000E+00  0.0000E+00
     -6.404  0.4968E-18  0.7895E-12  0.4393E-12  0.8619E-13  0.0000E+00  0.0000E+00  0.0000E+00  0.0000E+00  0.0000E+00
     -6.379  0.3926E-19  0.6239E-13  0.3472E-13  0.6812E-14  0.0000E+00  0.0000E+00  0.0000E+00  0.0000E+00  0.0000E+00
     -6.355  0.2804E-20  0.4456E-14  0.2480E-14  0.4865E-15  0.0000E+00  0.0000E+00  0.0000E+00  0.0000E+00  0.0000E+00
     -6.331  0.1476E-21  0.2345E-15  0.1305E-15  0.2561E-16  0.0000E+00  0.0000E+00  0.0000E+00  0.0000E+00  0.0000E+00
     -6.306  0.0000E+00  0.0000E+00  0.0000E+00  0.0000E+00  0.0000E+00  0.0000E+00  0.0000E+00  0.0000E+00  0.0000E+00
     -6.282  0.0000E+00  0.0000E+00  0.0000E+00  0.0000E+00  0.0000E+00  0.0000E+00  0.0000E+00  0.0000E+00  0.0000E+00
     -6.257  0.0000E+00  0.0000E+00  0.0000E+00  0.0000E+00  0.0000E+00  0.0000E+00  0.0000E+00  0.0000E+00  0.0000E+00
     -6.233  0.0000E+00  0.0000E+00  0.0000E+00  0.0000E+00  0.0000E+00  0.0000E+00  0.0000E+00  0.0000E+00  0.0000E+00
     -6.208  0.0000E+00  0.0000E+00  0.0000E+00  0.0000E+00  0.0000E+00  0.0000E+00  0.0000E+00  0.0000E+00  0.0000E+00
     -6.184  0.0000E+00  0.0000E+00  0.0000E+00  0.0000E+00  0.0000E+00  0.0000E+00  0.0000E+00  0.0000E+00  0.0000E+00
     -6.160  0.0000E+00  0.0000E+00  0.0000E+00  0.0000E+00  0.0000E+00  0.0000E+00  0.0000E+00  0.0000E+00  0.0000E+00
     -6.135  0.0000E+00  0.0000E+00  0.0000E+00  0.0000E+00  0.0000E+00  0.0000E+00  0.0000E+00  0.0000E+00  0.0000E+00
     -6.111  0.0000E+00  0.0000E+00  0.0000E+00  0.0000E+00  0.0000E+00  0.0000E+00  0.0000E+00  0.0000E+00  0.0000E+00
     -6.086  0.0000E+00  0.0000E+00  0.0000E+00  0.0000E+00  0.0000E+00  0.0000E+00  0.0000E+00  0.0000E+00  0.0000E+00
     -6.062  0.0000E+00  0.0000E+00  0.0000E+00  0.0000E+00  0.0000E+00  0.0000E+00  0.0000E+00  0.0000E+00  0.0000E+00
     -6.037  0.0000E+00  0.0000E+00  0.0000E+00  0.0000E+00  0.0000E+00  0.0000E+00  0.0000E+00  0.0000E+00  0.0000E+00
     -6.013  0.0000E+00  0.0000E+00  0.0000E+00  0.0000E+00  0.0000E+00  0.0000E+00  0.0000E+00  0.0000E+00  0.0000E+00
     -5.989  0.0000E+00  0.0000E+00  0.0000E+00  0.0000E+00  0.0000E+00  0.0000E+00  0.0000E+00  0.0000E+00  0.0000E+00
     -5.964  0.0000E+00  0.0000E+00  0.0000E+00  0.0000E+00  0.0000E+00  0.0000E+00  0.0000E+00  0.0000E+00  0.0000E+00
     -5.940  0.0000E+00  0.0000E+00  0.0000E+00  0.0000E+00  0.0000E+00  0.0000E+00  0.0000E+00  0.0000E+00  0.0000E+00
     -5.915  0.0000E+00  0.0000E+00  0.0000E+00  0.0000E+00  0.0000E+00  0.0000E+00  0.0000E+00  0.0000E+00  0.0000E+00
     -5.891  0.0000E+00  0.0000E+00  0.0000E+00  0.0000E+00  0.0000E+00  0.0000E+00  0.0000E+00  0.0000E+00  0.0000E+00
     -5.866  0.0000E+00  0.0000E+00  0.0000E+00  0.0000E+00  0.0000E+00  0.0000E+00  0.0000E+00  0.0000E+00  0.0000E+00
     -5.842  0.0000E+00  0.0000E+00  0.0000E+00  0.0000E+00  0.0000E+00  0.0000E+00  0.0000E+00  0.0000E+00  0.0000E+00
     -5.818  0.0000E+00  0.0000E+00  0.0000E+00  0.0000E+00  0.0000E+00  0.0000E+00  0.0000E+00  0.0000E+00  0.0000E+00
     -5.793  0.0000E+00  0.0000E+00  0.0000E+00  0.0000E+00  0.0000E+00  0.0000E+00  0.0000E+00  0.0000E+00  0.0000E+00
     -5.769  0.0000E+00  0.0000E+00  0.0000E+00  0.0000E+00  0.0000E+00  0.0000E+00  0.0000E+00  0.0000E+00  0.0000E+00
     -5.744  0.0000E+00  0.0000E+00  0.0000E+00  0.0000E+00  0.0000E+00  0.0000E+00  0.0000E+00  0.0000E+00  0.0000E+00
     -5.720  0.0000E+00  0.0000E+00  0.0000E+00  0.0000E+00  0.0000E+00  0.0000E+00  0.0000E+00  0.0000E+00  0.0000E+00
     -5.695  0.0000E+00  0.0000E+00  0.0000E+00  0.0000E+00  0.0000E+00  0.0000E+00  0.0000E+00  0.0000E+00  0.0000E+00
     -5.671  0.0000E+00  0.0000E+00  0.0000E+00  0.0000E+00  0.0000E+00  0.0000E+00  0.0000E+00  0.0000E+00  0.0000E+00
     -5.647  0.0000E+00  0.0000E+00  0.0000E+00  0.0000E+00  0.0000E+00  0.0000E+00  0.0000E+00  0.0000E+00  0.0000E+00
     -5.622  0.0000E+00  0.0000E+00  0.0000E+00  0.0000E+00  0.0000E+00  0.0000E+00  0.0000E+00  0.0000E+00  0.0000E+00
     -5.598  0.0000E+00  0.0000E+00  0.0000E+00  0.0000E+00  0.0000E+00  0.0000E+00  0.0000E+00  0.0000E+00  0.0000E+00
     -5.573  0.0000E+00  0.0000E+00  0.0000E+00  0.0000E+00  0.0000E+00  0.0000E+00  0.0000E+00  0.0000E+00  0.0000E+00
     -5.549  0.0000E+00  0.0000E+00  0.0000E+00  0.0000E+00  0.0000E+00  0.0000E+00  0.0000E+00  0.0000E+00  0.0000E+00
     -5.524  0.0000E+00  0.0000E+00  0.0000E+00  0.0000E+00  0.0000E+00  0.0000E+00  0.0000E+00  0.0000E+00  0.0000E+00
     -5.500  0.0000E+00  0.0000E+00  0.0000E+00  0.0000E+00  0.0000E+00  0.0000E+00  0.0000E+00  0.0000E+00  0.0000E+00
     -5.476  0.0000E+00  0.0000E+00  0.0000E+00  0.0000E+00  0.0000E+00  0.0000E+00  0.0000E+00  0.0000E+00  0.0000E+00
     -5.451  0.0000E+00  0.0000E+00  0.0000E+00  0.0000E+00  0.0000E+00  0.0000E+00  0.0000E+00  0.0000E+00  0.0000E+00
     -5.427  0.0000E+00  0.0000E+00  0.0000E+00  0.0000E+00  0.0000E+00  0.0000E+00  0.0000E+00  0.0000E+00  0.0000E+00
     -5.402  0.0000E+00  0.0000E+00  0.0000E+00  0.0000E+00  0.0000E+00  0.0000E+00  0.0000E+00  0.0000E+00  0.0000E+00
     -5.378  0.0000E+00  0.0000E+00  0.0000E+00  0.0000E+00  0.0000E+00  0.0000E+00  0.0000E+00  0.0000E+00  0.0000E+00
     -5.353  0.0000E+00  0.0000E+00  0.0000E+00  0.0000E+00  0.0000E+00  0.0000E+00  0.0000E+00  0.0000E+00  0.0000E+00
     -5.329  0.0000E+00  0.0000E+00  0.0000E+00  0.0000E+00  0.0000E+00  0.0000E+00  0.0000E+00  0.0000E+00  0.0000E+00
     -5.305  0.0000E+00  0.0000E+00  0.0000E+00  0.0000E+00  0.0000E+00  0.0000E+00  0.0000E+00  0.0000E+00  0.0000E+00
     -5.280  0.0000E+00  0.0000E+00  0.0000E+00  0.0000E+00  0.0000E+00  0.0000E+00  0.0000E+00  0.0000E+00  0.0000E+00
     -5.256  0.0000E+00  0.0000E+00  0.0000E+00  0.0000E+00  0.0000E+00  0.0000E+00  0.0000E+00  0.0000E+00  0.0000E+00
     -5.231  0.0000E+00  0.0000E+00  0.0000E+00  0.0000E+00  0.0000E+00  0.0000E+00  0.0000E+00  0.0000E+00  0.0000E+00
     -5.207  0.0000E+00  0.0000E+00  0.0000E+00  0.0000E+00  0.0000E+00  0.0000E+00  0.0000E+00  0.0000E+00  0.0000E+00
     -5.182  0.0000E+00  0.0000E+00  0.0000E+00  0.0000E+00  0.0000E+00  0.0000E+00  0.0000E+00  0.0000E+00  0.0000E+00
     -5.158  0.3687E-21  0.3017E-16  0.1676E-16  0.3494E-17  0.0000E+00  0.0000E+00  0.0000E+00  0.0000E+00  0.0000E+00
     -5.134  0.5715E-20  0.4676E-15  0.2598E-15  0.5416E-16  0.0000E+00  0.0000E+00  0.0000E+00  0.0000E+00  0.0000E+00
     -5.109  0.8213E-19  0.6721E-14  0.3733E-14  0.7783E-15  0.0000E+00  0.0000E+00  0.0000E+00  0.0000E+00  0.0000E+00
     -5.085  0.1046E-17  0.8560E-13  0.4754E-13  0.9912E-14  0.0000E+00  0.0000E+00  0.0000E+00  0.0000E+00  0.0000E+00
     -5.060  0.1184E-16  0.9687E-12  0.5381E-12  0.1122E-12  0.0000E+00  0.0000E+00  0.0000E+00  0.0000E+00  0.0000E+00
     -5.036  0.1190E-15  0.9739E-11  0.5409E-11  0.1128E-11  0.0000E+00  0.0000E+00  0.0000E+00  0.0000E+00  0.0000E+00
     -5.011  0.1063E-14  0.8697E-10  0.4831E-10  0.1007E-10  0.0000E+00  0.0000E+00  0.0000E+00  0.0000E+00  0.0000E+00
     -4.987  0.8432E-14  0.6900E-09  0.3832E-09  0.7990E-10  0.0000E+00  0.0000E+00  0.0000E+00  0.0000E+00  0.0000E+00
     -4.963  0.5943E-13  0.4863E-08  0.2701E-08  0.5631E-09  0.0000E+00  0.0000E+00  0.0000E+00  0.0000E+00  0.0000E+00
     -4.938  0.3721E-12  0.3045E-07  0.1691E-07  0.3526E-08  0.0000E+00  0.0000E+00  0.0000E+00  0.0000E+00  0.0000E+00
     -4.914  0.2070E-11  0.1693E-06  0.9406E-07  0.1961E-07  0.0000E+00  0.0000E+00  0.0000E+00  0.0000E+00  0.0000E+00
     -4.889  0.1023E-10  0.8369E-06  0.4648E-06  0.9691E-07  0.0000E+00  0.0000E+00  0.0000E+00  0.0000E+00  0.0000E+00
     -4.865  0.4490E-10  0.3674E-05  0.2041E-05  0.4255E-06  0.0000E+00  0.0000E+00  0.0000E+00  0.0000E+00  0.0000E+00
     -4.840  0.1751E-09  0.1433E-04  0.7960E-05  0.1660E-05  0.0000E+00  0.0000E+00  0.0000E+00  0.0000E+00  0.0000E+00
     -4.816  0.6070E-09  0.4967E-04  0.2759E-04  0.5752E-05  0.0000E+00  0.0000E+00  0.0000E+00  0.0000E+00  0.0000E+00
     -4.792  0.1869E-08  0.1529E-03  0.8494E-04  0.1771E-04  0.0000E+00  0.0000E+00  0.0000E+00  0.0000E+00  0.0000E+00
     -4.767  0.5113E-08  0.4184E-03  0.2324E-03  0.4845E-04  0.0000E+00  0.0000E+00  0.0000E+00  0.0000E+00  0.0000E+00
     -4.743  0.1243E-07  0.1017E-02  0.5649E-03  0.1178E-03  0.0000E+00  0.0000E+00  0.0000E+00  0.0000E+00  0.0000E+00
     -4.718  0.2684E-07  0.2196E-02  0.1220E-02  0.2544E-03  0.0000E+00  0.0000E+00  0.0000E+00  0.0000E+00  0.0000E+00
     -4.694  0.5151E-07  0.4215E-02  0.2341E-02  0.4881E-03  0.0000E+00  0.0000E+00  0.0000E+00  0.0000E+00  0.0000E+00
     -4.669  0.8783E-07  0.7187E-02  0.3992E-02  0.8322E-03  0.0000E+00  0.0000E+00  0.0000E+00  0.0000E+00  0.0000E+00
     -4.645  0.1331E-06  0.1089E-01  0.6048E-02  0.1261E-02  0.0000E+00  0.0000E+00  0.0000E+00  0.0000E+00  0.0000E+00
     -4.621  0.1791E-06  0.1466E-01  0.8141E-02  0.1697E-02  0.0000E+00  0.0000E+00  0.0000E+00  0.0000E+00  0.0000E+00
     -4.596  0.2143E-06  0.1753E-01  0.9738E-02  0.2030E-02  0.0000E+00  0.0000E+00  0.0000E+00  0.0000E+00  0.0000E+00
     -4.572  0.2277E-06  0.1863E-01  0.1035E-01  0.2158E-02  0.0000E+00  0.0000E+00  0.0000E+00  0.0000E+00  0.0000E+00
     -4.547  0.2151E-06  0.1760E-01  0.9774E-02  0.2038E-02  0.0000E+00  0.0000E+00  0.0000E+00  0.0000E+00  0.0000E+00
     -4.523  0.1805E-06  0.1477E-01  0.8202E-02  0.1710E-02  0.0000E+00  0.0000E+00  0.0000E+00  0.0000E+00  0.0000E+00
     -4.498  0.1346E-06  0.1101E-01  0.6115E-02  0.1275E-02  0.0000E+00  0.0000E+00  0.0000E+00  0.0000E+00  0.0000E+00
     -4.474  0.8914E-07  0.7294E-02  0.4052E-02  0.8447E-03  0.0000E+00  0.0000E+00  0.0000E+00  0.0000E+00  0.0000E+00
     -4.450  0.5247E-07  0.4294E-02  0.2385E-02  0.4972E-03  0.0000E+00  0.0000E+00  0.0000E+00  0.0000E+00  0.0000E+00
     -4.425  0.2745E-07  0.2246E-02  0.1247E-02  0.2601E-03  0.0000E+00  0.0000E+00  0.0000E+00  0.0000E+00  0.0000E+00
     -4.401  0.1276E-07  0.1044E-02  0.5797E-03  0.1209E-03  0.0000E+00  0.0000E+00  0.0000E+00  0.0000E+00  0.0000E+00
     -4.376  0.5267E-08  0.4310E-03  0.2394E-03  0.4991E-04  0.0000E+00  0.0000E+00  0.0000E+00  0.0000E+00  0.0000E+00
     -4.352  0.1932E-08  0.1581E-03  0.8783E-04  0.1831E-04  0.0000E+00  0.0000E+00  0.0000E+00  0.0000E+00  0.0000E+00
     -4.327  0.6299E-09  0.5154E-04  0.2863E-04  0.5969E-05  0.0000E+00  0.0000E+00  0.0000E+00  0.0000E+00  0.0000E+00
     -4.303  0.1824E-09  0.1493E-04  0.8292E-05  0.1729E-05  0.0000E+00  0.0000E+00  0.0000E+00  0.0000E+00  0.0000E+00
     -4.279  0.4695E-10  0.3841E-05  0.2134E-05  0.4449E-06  0.0000E+00  0.0000E+00  0.0000E+00  0.0000E+00  0.0000E+00
     -4.254  0.1073E-10  0.8782E-06  0.4878E-06  0.1017E-06  0.0000E+00  0.0000E+00  0.0000E+00  0.0000E+00  0.0000E+00
     -4.230  0.2180E-11  0.1784E-06  0.9908E-07  0.2066E-07  0.0000E+00  0.0000E+00  0.0000E+00  0.0000E+00  0.0000E+00
     -4.205  0.3934E-12  0.3219E-07  0.1788E-07  0.3728E-08  0.0000E+00  0.0000E+00  0.0000E+00  0.0000E+00  0.0000E+00
     -4.181  0.6306E-13  0.5160E-08  0.2866E-08  0.5976E-09  0.0000E+00  0.0000E+00  0.0000E+00  0.0000E+00  0.0000E+00
     -4.156  0.8981E-14  0.7349E-09  0.4082E-09  0.8510E-10  0.0000E+00  0.0000E+00  0.0000E+00  0.0000E+00  0.0000E+00
     -4.132  0.1136E-14  0.9298E-10  0.5165E-10  0.1077E-10  0.0000E+00  0.0000E+00  0.0000E+00  0.0000E+00  0.0000E+00
     -4.108  0.1277E-15  0.1045E-10  0.5805E-11  0.1210E-11  0.0000E+00  0.0000E+00  0.0000E+00  0.0000E+00  0.0000E+00
     -4.083  0.1275E-16  0.1043E-11  0.5796E-12  0.1208E-12  0.0000E+00  0.0000E+00  0.0000E+00  0.0000E+00  0.0000E+00
     -4.059  0.1131E-17  0.9253E-13  0.5140E-13  0.1072E-13  0.0000E+00  0.0000E+00  0.0000E+00  0.0000E+00  0.0000E+00
     -4.034  0.8923E-19  0.7301E-14  0.4056E-14  0.8455E-15  0.0000E+00  0.0000E+00  0.0000E+00  0.0000E+00  0.0000E+00
     -4.010  0.6268E-20  0.5129E-15  0.2849E-15  0.5940E-16  0.0000E+00  0.0000E+00  0.0000E+00  0.0000E+00  0.0000E+00
     -3.985  0.3687E-21  0.3017E-16  0.1676E-16  0.3494E-17  0.0000E+00  0.0000E+00  0.0000E+00  0.0000E+00  0.0000E+00
     -3.961  0.0000E+00  0.0000E+00  0.0000E+00  0.0000E+00  0.0000E+00  0.0000E+00  0.0000E+00  0.0000E+00  0.0000E+00
     -3.937  0.0000E+00  0.0000E+00  0.0000E+00  0.0000E+00  0.0000E+00  0.0000E+00  0.0000E+00  0.0000E+00  0.0000E+00
     -3.912  0.0000E+00  0.0000E+00  0.0000E+00  0.0000E+00  0.0000E+00  0.0000E+00  0.0000E+00  0.0000E+00  0.0000E+00
     -3.888  0.0000E+00  0.0000E+00  0.0000E+00  0.0000E+00  0.0000E+00  0.0000E+00  0.0000E+00  0.0000E+00  0.0000E+00
     -3.863  0.0000E+00  0.0000E+00  0.0000E+00  0.0000E+00  0.0000E+00  0.0000E+00  0.0000E+00  0.0000E+00  0.0000E+00
     -3.839  0.0000E+00  0.0000E+00  0.0000E+00  0.0000E+00  0.0000E+00  0.0000E+00  0.0000E+00  0.0000E+00  0.0000E+00
     -3.814  0.0000E+00  0.0000E+00  0.0000E+00  0.0000E+00  0.0000E+00  0.0000E+00  0.0000E+00  0.0000E+00  0.0000E+00
     -3.790  0.0000E+00  0.0000E+00  0.0000E+00  0.0000E+00  0.0000E+00  0.0000E+00  0.0000E+00  0.0000E+00  0.0000E+00
     -3.766  0.0000E+00  0.0000E+00  0.0000E+00  0.0000E+00  0.0000E+00  0.0000E+00  0.0000E+00  0.0000E+00  0.0000E+00
     -3.741  0.0000E+00  0.0000E+00  0.0000E+00  0.0000E+00  0.0000E+00  0.0000E+00  0.0000E+00  0.0000E+00  0.0000E+00
     -3.717  0.0000E+00  0.0000E+00  0.0000E+00  0.0000E+00  0.0000E+00  0.0000E+00  0.0000E+00  0.0000E+00  0.0000E+00
     -3.692  0.0000E+00  0.0000E+00  0.0000E+00  0.0000E+00  0.0000E+00  0.0000E+00  0.0000E+00  0.0000E+00  0.0000E+00
     -3.668  0.0000E+00  0.0000E+00  0.0000E+00  0.0000E+00  0.0000E+00  0.0000E+00  0.0000E+00  0.0000E+00  0.0000E+00
     -3.643  0.0000E+00  0.0000E+00  0.0000E+00  0.0000E+00  0.0000E+00  0.0000E+00  0.0000E+00  0.0000E+00  0.0000E+00
     -3.619  0.0000E+00  0.0000E+00  0.0000E+00  0.0000E+00  0.0000E+00  0.0000E+00  0.0000E+00  0.0000E+00  0.0000E+00
     -3.595  0.0000E+00  0.0000E+00  0.0000E+00  0.0000E+00  0.0000E+00  0.0000E+00  0.0000E+00  0.0000E+00  0.0000E+00
     -3.570  0.0000E+00  0.0000E+00  0.0000E+00  0.0000E+00  0.0000E+00  0.0000E+00  0.0000E+00  0.0000E+00  0.0000E+00
     -3.546  0.0000E+00  0.0000E+00  0.0000E+00  0.0000E+00  0.0000E+00  0.0000E+00  0.0000E+00  0.0000E+00  0.0000E+00
     -3.521  0.0000E+00  0.0000E+00  0.0000E+00  0.0000E+00  0.0000E+00  0.0000E+00  0.0000E+00  0.0000E+00  0.0000E+00
     -3.497  0.0000E+00  0.0000E+00  0.0000E+00  0.0000E+00  0.0000E+00  0.0000E+00  0.0000E+00  0.0000E+00  0.0000E+00
     -3.472  0.0000E+00  0.0000E+00  0.0000E+00  0.0000E+00  0.0000E+00  0.0000E+00  0.0000E+00  0.0000E+00  0.0000E+00
     -3.448  0.0000E+00  0.0000E+00  0.0000E+00  0.0000E+00  0.0000E+00  0.0000E+00  0.0000E+00  0.0000E+00  0.0000E+00
     -3.424  0.0000E+00  0.0000E+00  0.0000E+00  0.0000E+00  0.0000E+00  0.0000E+00  0.0000E+00  0.0000E+00  0.0000E+00
     -3.399  0.0000E+00  0.0000E+00  0.0000E+00  0.0000E+00  0.0000E+00  0.0000E+00  0.0000E+00  0.0000E+00  0.0000E+00
     -3.375  0.0000E+00  0.0000E+00  0.0000E+00  0.0000E+00  0.0000E+00  0.0000E+00  0.0000E+00  0.0000E+00  0.0000E+00
     -3.350  0.0000E+00  0.0000E+00  0.0000E+00  0.0000E+00  0.0000E+00  0.0000E+00  0.0000E+00  0.0000E+00  0.0000E+00
     -3.326  0.0000E+00  0.0000E+00  0.0000E+00  0.0000E+00  0.0000E+00  0.0000E+00  0.0000E+00  0.0000E+00  0.0000E+00
     -3.301  0.0000E+00  0.0000E+00  0.0000E+00  0.0000E+00  0.0000E+00  0.0000E+00  0.0000E+00  0.0000E+00  0.0000E+00
     -3.277  0.0000E+00  0.0000E+00  0.0000E+00  0.0000E+00  0.0000E+00  0.0000E+00  0.0000E+00  0.0000E+00  0.0000E+00
     -3.253  0.0000E+00  0.0000E+00  0.0000E+00  0.0000E+00  0.0000E+00  0.0000E+00  0.0000E+00  0.0000E+00  0.0000E+00
     -3.228  0.0000E+00  0.0000E+00  0.0000E+00  0.0000E+00  0.0000E+00  0.0000E+00  0.0000E+00  0.0000E+00  0.0000E+00
     -3.204  0.0000E+00  0.0000E+00  0.0000E+00  0.0000E+00  0.0000E+00  0.0000E+00  0.0000E+00  0.0000E+00  0.0000E+00
     -3.179  0.0000E+00  0.0000E+00  0.0000E+00  0.0000E+00  0.0000E+00  0.0000E+00  0.0000E+00  0.0000E+00  0.0000E+00
     -3.155  0.0000E+00  0.0000E+00  0.0000E+00  0.0000E+00  0.0000E+00  0.0000E+00  0.0000E+00  0.0000E+00  0.0000E+00
     -3.130  0.0000E+00  0.0000E+00  0.0000E+00  0.0000E+00  0.0000E+00  0.0000E+00  0.0000E+00  0.0000E+00  0.0000E+00
     -3.106  0.0000E+00  0.0000E+00  0.0000E+00  0.0000E+00  0.0000E+00  0.0000E+00  0.0000E+00  0.0000E+00  0.0000E+00
     -3.082  0.0000E+00  0.0000E+00  0.0000E+00  0.0000E+00  0.0000E+00  0.0000E+00  0.0000E+00  0.0000E+00  0.0000E+00
     -3.057  0.0000E+00  0.0000E+00  0.0000E+00  0.0000E+00  0.0000E+00  0.0000E+00  0.0000E+00  0.0000E+00  0.0000E+00
     -3.033  0.0000E+00  0.0000E+00  0.0000E+00  0.0000E+00  0.0000E+00  0.0000E+00  0.0000E+00  0.0000E+00  0.0000E+00
     -3.008  0.0000E+00  0.0000E+00  0.0000E+00  0.0000E+00  0.0000E+00  0.0000E+00  0.0000E+00  0.0000E+00  0.0000E+00
     -2.984  0.0000E+00  0.0000E+00  0.0000E+00  0.0000E+00  0.0000E+00  0.0000E+00  0.0000E+00  0.0000E+00  0.0000E+00
     -2.959  0.0000E+00  0.0000E+00  0.0000E+00  0.0000E+00  0.0000E+00  0.0000E+00  0.0000E+00  0.0000E+00  0.0000E+00
     -2.935  0.0000E+00  0.0000E+00  0.0000E+00  0.0000E+00  0.0000E+00  0.0000E+00  0.0000E+00  0.0000E+00  0.0000E+00
     -2.911  0.0000E+00  0.0000E+00  0.0000E+00  0.0000E+00  0.0000E+00  0.0000E+00  0.0000E+00  0.0000E+00  0.0000E+00
     -2.886  0.0000E+00  0.0000E+00  0.0000E+00  0.0000E+00  0.0000E+00  0.0000E+00  0.0000E+00  0.0000E+00  0.0000E+00
     -2.862  0.0000E+00  0.0000E+00  0.0000E+00  0.0000E+00  0.0000E+00  0.0000E+00  0.0000E+00  0.0000E+00  0.0000E+00
     -2.837  0.0000E+00  0.0000E+00  0.0000E+00  0.0000E+00  0.0000E+00  0.0000E+00  0.0000E+00  0.0000E+00  0.0000E+00
     -2.813  0.0000E+00  0.0000E+00  0.0000E+00  0.0000E+00  0.0000E+00  0.0000E+00  0.0000E+00  0.0000E+00  0.0000E+00
     -2.788  0.0000E+00  0.0000E+00  0.0000E+00  0.0000E+00  0.0000E+00  0.0000E+00  0.0000E+00  0.0000E+00  0.0000E+00
     -2.764  0.0000E+00  0.0000E+00  0.0000E+00  0.0000E+00  0.0000E+00  0.0000E+00  0.0000E+00  0.0000E+00  0.0000E+00
     -2.740  0.0000E+00  0.0000E+00  0.0000E+00  0.0000E+00  0.0000E+00  0.0000E+00  0.0000E+00  0.0000E+00  0.0000E+00
     -2.715  0.0000E+00  0.0000E+00  0.0000E+00  0.0000E+00  0.0000E+00  0.0000E+00  0.0000E+00  0.0000E+00  0.0000E+00
     -2.691  0.0000E+00  0.0000E+00  0.0000E+00  0.0000E+00  0.0000E+00  0.0000E+00  0.0000E+00  0.0000E+00  0.0000E+00
     -2.666  0.0000E+00  0.0000E+00  0.0000E+00  0.0000E+00  0.0000E+00  0.0000E+00  0.0000E+00  0.0000E+00  0.0000E+00
     -2.642  0.0000E+00  0.0000E+00  0.0000E+00  0.0000E+00  0.0000E+00  0.0000E+00  0.0000E+00  0.0000E+00  0.0000E+00
     -2.617  0.0000E+00  0.0000E+00  0.0000E+00  0.0000E+00  0.0000E+00  0.0000E+00  0.0000E+00  0.0000E+00  0.0000E+00
     -2.593  0.0000E+00  0.0000E+00  0.0000E+00  0.0000E+00  0.0000E+00  0.0000E+00  0.0000E+00  0.0000E+00  0.0000E+00
     -2.569  0.0000E+00  0.0000E+00  0.0000E+00  0.0000E+00  0.0000E+00  0.0000E+00  0.0000E+00  0.0000E+00  0.0000E+00
     -2.544  0.0000E+00  0.0000E+00  0.0000E+00  0.0000E+00  0.0000E+00  0.0000E+00  0.0000E+00  0.0000E+00  0.0000E+00
     -2.520  0.0000E+00  0.0000E+00  0.0000E+00  0.0000E+00  0.0000E+00  0.0000E+00  0.0000E+00  0.0000E+00  0.0000E+00
     -2.495  0.0000E+00  0.0000E+00  0.0000E+00  0.0000E+00  0.0000E+00  0.0000E+00  0.0000E+00  0.0000E+00  0.0000E+00
     -2.471  0.0000E+00  0.0000E+00  0.0000E+00  0.0000E+00  0.0000E+00  0.0000E+00  0.0000E+00  0.0000E+00  0.0000E+00
     -2.446  0.0000E+00  0.0000E+00  0.0000E+00  0.0000E+00  0.0000E+00  0.0000E+00  0.0000E+00  0.0000E+00  0.0000E+00
     -2.422  0.0000E+00  0.0000E+00  0.0000E+00  0.0000E+00  0.0000E+00  0.0000E+00  0.0000E+00  0.0000E+00  0.0000E+00
     -2.398  0.0000E+00  0.0000E+00  0.0000E+00  0.0000E+00  0.0000E+00  0.0000E+00  0.0000E+00  0.0000E+00  0.0000E+00
     -2.373  0.0000E+00  0.0000E+00  0.0000E+00  0.0000E+00  0.0000E+00  0.0000E+00  0.0000E+00  0.0000E+00  0.0000E+00
     -2.349  0.0000E+00  0.0000E+00  0.0000E+00  0.0000E+00  0.0000E+00  0.0000E+00  0.0000E+00  0.0000E+00  0.0000E+00
     -2.324  0.0000E+00  0.0000E+00  0.0000E+00  0.0000E+00  0.0000E+00  0.0000E+00  0.0000E+00  0.0000E+00  0.0000E+00
     -2.300  0.0000E+00  0.0000E+00  0.0000E+00  0.0000E+00  0.0000E+00  0.0000E+00  0.0000E+00  0.0000E+00  0.0000E+00
     -2.275  0.0000E+00  0.0000E+00  0.0000E+00  0.0000E+00  0.0000E+00  0.0000E+00  0.0000E+00  0.0000E+00  0.0000E+00
     -2.251  0.0000E+00  0.0000E+00  0.0000E+00  0.0000E+00  0.0000E+00  0.0000E+00  0.0000E+00  0.0000E+00  0.0000E+00
     -2.227  0.0000E+00  0.0000E+00  0.0000E+00  0.0000E+00  0.0000E+00  0.0000E+00  0.0000E+00  0.0000E+00  0.0000E+00
     -2.202  0.0000E+00  0.0000E+00  0.0000E+00  0.0000E+00  0.0000E+00  0.0000E+00  0.0000E+00  0.0000E+00  0.0000E+00
     -2.178  0.0000E+00  0.0000E+00  0.0000E+00  0.0000E+00  0.0000E+00  0.0000E+00  0.0000E+00  0.0000E+00  0.0000E+00
     -2.153  0.0000E+00  0.0000E+00  0.0000E+00  0.0000E+00  0.0000E+00  0.0000E+00  0.0000E+00  0.0000E+00  0.0000E+00
     -2.129  0.0000E+00  0.0000E+00  0.0000E+00  0.0000E+00  0.0000E+00  0.0000E+00  0.0000E+00  0.0000E+00  0.0000E+00
     -2.104  0.0000E+00  0.0000E+00  0.0000E+00  0.0000E+00  0.0000E+00  0.0000E+00  0.0000E+00  0.0000E+00  0.0000E+00
     -2.080  0.0000E+00  0.0000E+00  0.0000E+00  0.0000E+00  0.0000E+00  0.0000E+00  0.0000E+00  0.0000E+00  0.0000E+00
     -2.056  0.0000E+00  0.0000E+00  0.0000E+00  0.0000E+00  0.0000E+00  0.0000E+00  0.0000E+00  0.0000E+00  0.0000E+00
     -2.031  0.0000E+00  0.0000E+00  0.0000E+00  0.0000E+00  0.0000E+00  0.0000E+00  0.0000E+00  0.0000E+00  0.0000E+00
     -2.007  0.0000E+00  0.0000E+00  0.0000E+00  0.0000E+00  0.0000E+00  0.0000E+00  0.0000E+00  0.0000E+00  0.0000E+00
     -1.982  0.2371E-15  0.4287E-16  0.5880E-16  0.4999E-17  0.0000E+00  0.0000E+00  0.0000E+00  0.0000E+00  0.0000E+00
     -1.958  0.3516E-14  0.6358E-15  0.8722E-15  0.7416E-16  0.0000E+00  0.0000E+00  0.0000E+00  0.0000E+00  0.0000E+00
     -1.933  0.4994E-13  0.9030E-14  0.1239E-13  0.1053E-14  0.0000E+00  0.0000E+00  0.0000E+00  0.0000E+00  0.0000E+00
     -1.909  0.6260E-12  0.1132E-12  0.1553E-12  0.1320E-13  0.0000E+00  0.0000E+00  0.0000E+00  0.0000E+00  0.0000E+00
     -1.885  0.6972E-11  0.1261E-11  0.1729E-11  0.1470E-12  0.0000E+00  0.0000E+00  0.0000E+00  0.0000E+00  0.0000E+00
     -1.860  0.6898E-10  0.1247E-10  0.1711E-10  0.1455E-11  0.0000E+00  0.0000E+00  0.0000E+00  0.0000E+00  0.0000E+00
     -1.836  0.6063E-09  0.1096E-09  0.1504E-09  0.1279E-10  0.0000E+00  0.0000E+00  0.0000E+00  0.0000E+00  0.0000E+00
     -1.811  0.4734E-08  0.8560E-09  0.1174E-08  0.9983E-10  0.0000E+00  0.0000E+00  0.0000E+00  0.0000E+00  0.0000E+00
     -1.787  0.3284E-07  0.5937E-08  0.8144E-08  0.6925E-09  0.0000E+00  0.0000E+00  0.0000E+00  0.0000E+00  0.0000E+00
     -1.762  0.2023E-06  0.3659E-07  0.5018E-07  0.4267E-08  0.0000E+00  0.0000E+00  0.0000E+00  0.0000E+00  0.0000E+00
     -1.738  0.1108E-05  0.2003E-06  0.2747E-06  0.2336E-07  0.0000E+00  0.0000E+00  0.0000E+00  0.0000E+00  0.0000E+00
     -1.714  0.5387E-05  0.9741E-06  0.1336E-05  0.1136E-06  0.0000E+00  0.0000E+00  0.0000E+00  0.0000E+00  0.0000E+00
     -1.689  0.2328E-04  0.4209E-05  0.5774E-05  0.4909E-06  0.0000E+00  0.0000E+00  0.0000E+00  0.0000E+00  0.0000E+00
     -1.665  0.8936E-04  0.1616E-04  0.2216E-04  0.1885E-05  0.0000E+00  0.0000E+00  0.0000E+00  0.0000E+00  0.0000E+00
     -1.640  0.3048E-03  0.5511E-04  0.7560E-04  0.6428E-05  0.0000E+00  0.0000E+00  0.0000E+00  0.0000E+00  0.0000E+00
     -1.616  0.9237E-03  0.1670E-03  0.2291E-03  0.1948E-04  0.0000E+00  0.0000E+00  0.0000E+00  0.0000E+00  0.0000E+00
     -1.591  0.2487E-02  0.4497E-03  0.6169E-03  0.5245E-04  0.0000E+00  0.0000E+00  0.0000E+00  0.0000E+00  0.0000E+00
     -1.567  0.5950E-02  0.1076E-02  0.1476E-02  0.1255E-03  0.0000E+00  0.0000E+00  0.0000E+00  0.0000E+00  0.0000E+00
     -1.543  0.1265E-01  0.2287E-02  0.3137E-02  0.2667E-03  0.0000E+00  0.0000E+00  0.0000E+00  0.0000E+00  0.0000E+00
     -1.518  0.2389E-01  0.4319E-02  0.5925E-02  0.5038E-03  0.0000E+00  0.0000E+00  0.0000E+00  0.0000E+00  0.0000E+00
     -1.494  0.4009E-01  0.7248E-02  0.9943E-02  0.8454E-03  0.0000E+00  0.0000E+00  0.0000E+00  0.0000E+00  0.0000E+00
     -1.469  0.5977E-01  0.1081E-01  0.1483E-01  0.1261E-02  0.0000E+00  0.0000E+00  0.0000E+00  0.0000E+00  0.0000E+00
     -1.445  0.7920E-01  0.1432E-01  0.1964E-01  0.1670E-02  0.0000E+00  0.0000E+00  0.0000E+00  0.0000E+00  0.0000E+00
     -1.420  0.9323E-01  0.1686E-01  0.2312E-01  0.1966E-02  0.0000E+00  0.0000E+00  0.0000E+00  0.0000E+00  0.0000E+00
     -1.396  0.9753E-01  0.1763E-01  0.2419E-01  0.2057E-02  0.0000E+00  0.0000E+00  0.0000E+00  0.0000E+00  0.0000E+00
     -1.372  0.9065E-01  0.1639E-01  0.2248E-01  0.1912E-02  0.0000E+00  0.0000E+00  0.0000E+00  0.0000E+00  0.0000E+00
     -1.347  0.7486E-01  0.1354E-01  0.1857E-01  0.1579E-02  0.0000E+00  0.0000E+00  0.0000E+00  0.0000E+00  0.0000E+00
     -1.323  0.5494E-01  0.9934E-02  0.1363E-01  0.1159E-02  0.0000E+00  0.0000E+00  0.0000E+00  0.0000E+00  0.0000E+00
     -1.298  0.3582E-01  0.6477E-02  0.8885E-02  0.7555E-03  0.0000E+00  0.0000E+00  0.0000E+00  0.0000E+00  0.0000E+00
     -1.274  0.2075E-01  0.3753E-02  0.5148E-02  0.4377E-03  0.0000E+00  0.0000E+00  0.0000E+00  0.0000E+00  0.0000E+00
     -1.249  0.1068E-01  0.1932E-02  0.2650E-02  0.2253E-03  0.0000E+00  0.0000E+00  0.0000E+00  0.0000E+00  0.0000E+00
     -1.225  0.4887E-02  0.8836E-03  0.1212E-02  0.1031E-03  0.0000E+00  0.0000E+00  0.0000E+00  0.0000E+00  0.0000E+00
     -1.201  0.1986E-02  0.3591E-03  0.4926E-03  0.4188E-04  0.0000E+00  0.0000E+00  0.0000E+00  0.0000E+00  0.0000E+00
     -1.176  0.7171E-03  0.1297E-03  0.1779E-03  0.1512E-04  0.0000E+00  0.0000E+00  0.0000E+00  0.0000E+00  0.0000E+00
     -1.152  0.2301E-03  0.4160E-04  0.5706E-04  0.4852E-05  0.0000E+00  0.0000E+00  0.0000E+00  0.0000E+00  0.0000E+00
     -1.127  0.6558E-04  0.1186E-04  0.1627E-04  0.1383E-05  0.0000E+00  0.0000E+00  0.0000E+00  0.0000E+00  0.0000E+00
     -1.103  0.1661E-04  0.3003E-05  0.4119E-05  0.3503E-06  0.0000E+00  0.0000E+00  0.0000E+00  0.0000E+00  0.0000E+00
     -1.078  0.3737E-05  0.6757E-06  0.9269E-06  0.7881E-07  0.0000E+00  0.0000E+00  0.0000E+00  0.0000E+00  0.0000E+00
     -1.054  0.7471E-06  0.1351E-06  0.1853E-06  0.1575E-07  0.0000E+00  0.0000E+00  0.0000E+00  0.0000E+00  0.0000E+00
     -1.030  0.1327E-06  0.2399E-07  0.3291E-07  0.2798E-08  0.0000E+00  0.0000E+00  0.0000E+00  0.0000E+00  0.0000E+00
     -1.005  0.2093E-07  0.3785E-08  0.5192E-08  0.4415E-09  0.0000E+00  0.0000E+00  0.0000E+00  0.0000E+00  0.0000E+00
     -0.981  0.2934E-08  0.5305E-09  0.7277E-09  0.6188E-10  0.0000E+00  0.0000E+00  0.0000E+00  0.0000E+00  0.0000E+00
     -0.956  0.3654E-09  0.6606E-10  0.9062E-10  0.7705E-11  0.0000E+00  0.0000E+00  0.0000E+00  0.0000E+00  0.0000E+00
     -0.932  0.4041E-10  0.7308E-11  0.1002E-10  0.8523E-12  0.0000E+00  0.0000E+00  0.0000E+00  0.0000E+00  0.0000E+00
     -0.907  0.3971E-11  0.7181E-12  0.9850E-12  0.8375E-13  0.0000E+00  0.0000E+00  0.0000E+00  0.0000E+00  0.0000E+00
     -0.883  0.3467E-12  0.6268E-13  0.8598E-13  0.7311E-14  0.0000E+00  0.0000E+00  0.0000E+00  0.0000E+00  0.0000E+00
     -0.859  0.2687E-13  0.4858E-14  0.6664E-14  0.5666E-15  0.0000E+00  0.0000E+00  0.0000E+00  0.0000E+00  0.0000E+00
     -0.834  0.1817E-14  0.3286E-15  0.4508E-15  0.3833E-16  0.0000E+00  0.0000E+00  0.0000E+00  0.0000E+00  0.0000E+00
     -0.810  0.1580E-15  0.2858E-16  0.3920E-16  0.3333E-17  0.0000E+00  0.0000E+00  0.0000E+00  0.0000E+00  0.0000E+00
     -0.785  0.0000E+00  0.0000E+00  0.0000E+00  0.0000E+00  0.0000E+00  0.0000E+00  0.0000E+00  0.0000E+00  0.0000E+00
     -0.761  0.0000E+00  0.0000E+00  0.0000E+00  0.0000E+00  0.0000E+00  0.0000E+00  0.0000E+00  0.0000E+00  0.0000E+00
     -0.736  0.0000E+00  0.0000E+00  0.0000E+00  0.0000E+00  0.0000E+00  0.0000E+00  0.0000E+00  0.0000E+00  0.0000E+00
     -0.712  0.0000E+00  0.0000E+00  0.0000E+00  0.0000E+00  0.0000E+00  0.0000E+00  0.0000E+00  0.0000E+00  0.0000E+00
     -0.688  0.0000E+00  0.0000E+00  0.0000E+00  0.0000E+00  0.0000E+00  0.0000E+00  0.0000E+00  0.0000E+00  0.0000E+00
     -0.663  0.0000E+00  0.0000E+00  0.0000E+00  0.0000E+00  0.0000E+00  0.0000E+00  0.0000E+00  0.0000E+00  0.0000E+00
     -0.639  0.0000E+00  0.0000E+00  0.0000E+00  0.0000E+00  0.0000E+00  0.0000E+00  0.0000E+00  0.0000E+00  0.0000E+00
     -0.614  0.0000E+00  0.0000E+00  0.0000E+00  0.0000E+00  0.0000E+00  0.0000E+00  0.0000E+00  0.0000E+00  0.0000E+00
     -0.590  0.0000E+00  0.0000E+00  0.0000E+00  0.0000E+00  0.0000E+00  0.0000E+00  0.0000E+00  0.0000E+00  0.0000E+00
     -0.565  0.2758E-16  0.2378E-17  0.1173E-17  0.3288E-17  0.0000E+00  0.0000E+00  0.0000E+00  0.0000E+00  0.0000E+00
     -0.541  0.3309E-15  0.2854E-16  0.1408E-16  0.3946E-16  0.0000E+00  0.0000E+00  0.0000E+00  0.0000E+00  0.0000E+00
     -0.517  0.5115E-14  0.4412E-15  0.2176E-15  0.6099E-15  0.0000E+00  0.0000E+00  0.0000E+00  0.0000E+00  0.0000E+00
     -0.492  0.6771E-13  0.5840E-14  0.2880E-14  0.8074E-14  0.0000E+00  0.0000E+00  0.0000E+00  0.0000E+00  0.0000E+00
     -0.468  0.7976E-12  0.6880E-13  0.3393E-13  0.9511E-13  0.0000E+00  0.0000E+00  0.0000E+00  0.0000E+00  0.0000E+00
     -0.443  0.8344E-11  0.7197E-12  0.3550E-12  0.9951E-12  0.0000E+00  0.0000E+00  0.0000E+00  0.0000E+00  0.0000E+00
     -0.419  0.7756E-10  0.6690E-11  0.3300E-11  0.9249E-11  0.0000E+00  0.0000E+00  0.0000E+00  0.0000E+00  0.0000E+00
     -0.394  0.6405E-09  0.5525E-10  0.2726E-10  0.7639E-10  0.0000E+00  0.0000E+00  0.0000E+00  0.0000E+00  0.0000E+00
     -0.370  0.4700E-08  0.4054E-09  0.2001E-09  0.5607E-09  0.0000E+00  0.0000E+00  0.0000E+00  0.0000E+00  0.0000E+00
     -0.346  0.3066E-07  0.2645E-08  0.1306E-08  0.3659E-08  0.0000E+00  0.0000E+00  0.0000E+00  0.0000E+00  0.0000E+00
     -0.321  0.1778E-06  0.1534E-07  0.7578E-08  0.2122E-07  0.0000E+00  0.0000E+00  0.0000E+00  0.0000E+00  0.0000E+00
     -0.297  0.9170E-06  0.7911E-07  0.3913E-07  0.1095E-06  0.0000E+00  0.0000E+00  0.0000E+00  0.0000E+00  0.0000E+00
     -0.272  0.4209E-05  0.3631E-06  0.1799E-06  0.5033E-06  0.0000E+00  0.0000E+00  0.0000E+00  0.0000E+00  0.0000E+00
     -0.248  0.1721E-04  0.1485E-05  0.7375E-06  0.2061E-05  0.0000E+00  0.0000E+00  0.0000E+00  0.0000E+00  0.0000E+00
     -0.224  0.6278E-04  0.5418E-05  0.2700E-05  0.7535E-05  0.0000E+00  0.0000E+00  0.0000E+00  0.0000E+00  0.0000E+00
     -0.199  0.2047E-03  0.1767E-04  0.8854E-05  0.2465E-04  0.0000E+00  0.0000E+00  0.0000E+00  0.0000E+00  0.0000E+00
     -0.175  0.5982E-03  0.5166E-04  0.2609E-04  0.7240E-04  0.0000E+00  0.0000E+00  0.0000E+00  0.0000E+00  0.0000E+00
     -0.150  0.1574E-02  0.1360E-03  0.6947E-04  0.1918E-03  0.0000E+00  0.0000E+00  0.0000E+00  0.0000E+00  0.0000E+00
     -0.126  0.3747E-02  0.3240E-03  0.1681E-03  0.4612E-03  0.0000E+00  0.0000E+00  0.0000E+00  0.0000E+00  0.0000E+00
     -0.101  0.8129E-02  0.7038E-03  0.3727E-03  0.1014E-02  0.0000E+00  0.0000E+00  0.0000E+00  0.0000E+00  0.0000E+00
     -0.077  0.1619E-01  0.1404E-02  0.7623E-03  0.2052E-02  0.0000E+00  0.0000E+00  0.0000E+00  0.0000E+00  0.0000E+00
     -0.053  0.2982E-01  0.2590E-02  0.1447E-02  0.3851E-02  0.0000E+00  0.0000E+00  0.0000E+00  0.0000E+00  0.0000E+00
     -0.028  0.5104E-01  0.4441E-02  0.2557E-02  0.6722E-02  0.0000E+00  0.0000E+00  0.0000E+00  0.0000E+00  0.0000E+00
     -0.004  0.8129E-01  0.7086E-02  0.4200E-02  0.1091E-01  0.0000E+00  0.0000E+00  0.0000E+00  0.0000E+00  0.0000E+00
      0.021  0.1202E+00  0.1049E-01  0.6384E-02  0.1640E-01  0.0000E+00  0.0000E+00  0.0000E+00  0.0000E+00  0.0000E+00
      0.045  0.1639E+00  0.1434E-01  0.8926E-02  0.2268E-01  0.0000E+00  0.0000E+00  0.0000E+00  0.0000E+00  0.0000E+00
      0.070  0.2050E+00  0.1797E-01  0.1142E-01  0.2863E-01  0.0000E+00  0.0000E+00  0.0000E+00  0.0000E+00  0.0000E+00
      0.094  0.2334E+00  0.2053E-01  0.1335E-01  0.3279E-01  0.0000E+00  0.0000E+00  0.0000E+00  0.0000E+00  0.0000E+00
      0.118  0.2408E+00  0.2132E-01  0.1431E-01  0.3391E-01  0.0000E+00  0.0000E+00  0.0000E+00  0.0000E+00  0.0000E+00
      0.143  0.2250E+00  0.2017E-01  0.1426E-01  0.3158E-01  0.0000E+00  0.0000E+00  0.0000E+00  0.0000E+00  0.0000E+00
      0.167  0.1913E+00  0.1756E-01  0.1357E-01  0.2656E-01  0.0000E+00  0.0000E+00  0.0000E+00  0.0000E+00  0.0000E+00
      0.192  0.1501E+00  0.1442E-01  0.1277E-01  0.2040E-01  0.0000E+00  0.0000E+00  0.0000E+00  0.0000E+00  0.0000E+00
      0.216  0.1121E+00  0.1166E-01  0.1225E-01  0.1487E-01  0.0000E+00  0.0000E+00  0.0000E+00  0.0000E+00  0.0000E+00
      0.241  0.8457E-01  0.9878E-02  0.1202E-01  0.1137E-01  0.0000E+00  0.0000E+00  0.0000E+00  0.0000E+00  0.0000E+00
      0.265  0.7021E-01  0.9308E-02  0.1182E-01  0.1082E-01  0.0000E+00  0.0000E+00  0.0000E+00  0.0000E+00  0.0000E+00
      0.289  0.6879E-01  0.1001E-01  0.1138E-01  0.1374E-01  0.0000E+00  0.0000E+00  0.0000E+00  0.0000E+00  0.0000E+00
      0.314  0.7894E-01  0.1199E-01  0.1070E-01  0.2026E-01  0.0000E+00  0.0000E+00  0.0000E+00  0.0000E+00  0.0000E+00
      0.338  0.9824E-01  0.1507E-01  0.9970E-02  0.2979E-01  0.0000E+00  0.0000E+00  0.0000E+00  0.0000E+00  0.0000E+00
      0.363  0.1221E+00  0.1872E-01  0.9392E-02  0.4064E-01  0.0000E+00  0.0000E+00  0.0000E+00  0.0000E+00  0.0000E+00
      0.387  0.1437E+00  0.2193E-01  0.8967E-02  0.5012E-01  0.0000E+00  0.0000E+00  0.0000E+00  0.0000E+00  0.0000E+00
      0.412  0.1554E+00  0.2360E-01  0.8482E-02  0.5539E-01  0.0000E+00  0.0000E+00  0.0000E+00  0.0000E+00  0.0000E+00
      0.436  0.1528E+00  0.2297E-01  0.7696E-02  0.5477E-01  0.0000E+00  0.0000E+00  0.0000E+00  0.0000E+00  0.0000E+00
      0.460  0.1369E+00  0.2016E-01  0.6548E-02  0.4866E-01  0.0000E+00  0.0000E+00  0.0000E+00  0.0000E+00  0.0000E+00
      0.485  0.1138E+00  0.1607E-01  0.5227E-02  0.3931E-01  0.0000E+00  0.0000E+00  0.0000E+00  0.0000E+00  0.0000E+00
      0.509  0.9150E-01  0.1194E-01  0.4081E-02  0.2973E-01  0.0000E+00  0.0000E+00  0.0000E+00  0.0000E+00  0.0000E+00
      0.534  0.7566E-01  0.8849E-02  0.3451E-02  0.2223E-01  0.0000E+00  0.0000E+00  0.0000E+00  0.0000E+00  0.0000E+00
      0.558  0.6746E-01  0.7278E-02  0.3545E-02  0.1766E-01  0.0000E+00  0.0000E+00  0.0000E+00  0.0000E+00  0.0000E+00
      0.583  0.6424E-01  0.7120E-02  0.4410E-02  0.1550E-01  0.0000E+00  0.0000E+00  0.0000E+00  0.0000E+00  0.0000E+00
      0.607  0.6200E-01  0.7855E-02  0.5968E-02  0.1460E-01  0.0000E+00  0.0000E+00  0.0000E+00  0.0000E+00  0.0000E+00
      0.631  0.5795E-01  0.8823E-02  0.8071E-02  0.1391E-01  0.0000E+00  0.0000E+00  0.0000E+00  0.0000E+00  0.0000E+00
      0.656  0.5167E-01  0.9505E-02  0.1054E-01  0.1296E-01  0.0000E+00  0.0000E+00  0.0000E+00  0.0000E+00  0.0000E+00
      0.680  0.4451E-01  0.9718E-02  0.1315E-01  0.1192E-01  0.0000E+00  0.0000E+00  0.0000E+00  0.0000E+00  0.0000E+00
      0.705  0.3808E-01  0.9701E-02  0.1564E-01  0.1137E-01  0.0000E+00  0.0000E+00  0.0000E+00  0.0000E+00  0.0000E+00
      0.729  0.3318E-01  0.1001E-01  0.1771E-01  0.1195E-01  0.0000E+00  0.0000E+00  0.0000E+00  0.0000E+00  0.0000E+00
      0.754  0.2951E-01  0.1125E-01  0.1912E-01  0.1400E-01  0.0000E+00  0.0000E+00  0.0000E+00  0.0000E+00  0.0000E+00
      0.778  0.2635E-01  0.1375E-01  0.1975E-01  0.1729E-01  0.0000E+00  0.0000E+00  0.0000E+00  0.0000E+00  0.0000E+00
      0.802  0.2313E-01  0.1732E-01  0.1967E-01  0.2103E-01  0.0000E+00  0.0000E+00  0.0000E+00  0.0000E+00  0.0000E+00
      0.827  0.1977E-01  0.2121E-01  0.1901E-01  0.2405E-01  0.0000E+00  0.0000E+00  0.0000E+00  0.0000E+00  0.0000E+00
      0.851  0.1640E-01  0.2433E-01  0.1786E-01  0.2528E-01  0.0000E+00  0.0000E+00  0.0000E+00  0.0000E+00  0.0000E+00
      0.876  0.1321E-01  0.2563E-01  0.1618E-01  0.2417E-01  0.0000E+00  0.0000E+00  0.0000E+00  0.0000E+00  0.0000E+00
      0.900  0.1026E-01  0.2458E-01  0.1393E-01  0.2092E-01  0.0000E+00  0.0000E+00  0.0000E+00  0.0000E+00  0.0000E+00
      0.925  0.7574E-02  0.2132E-01  0.1123E-01  0.1635E-01  0.0000E+00  0.0000E+00  0.0000E+00  0.0000E+00  0.0000E+00
      0.949  0.5226E-02  0.1669E-01  0.8344E-02  0.1153E-01  0.0000E+00  0.0000E+00  0.0000E+00  0.0000E+00  0.0000E+00
      0.973  0.3319E-02  0.1175E-01  0.5657E-02  0.7323E-02  0.0000E+00  0.0000E+00  0.0000E+00  0.0000E+00  0.0000E+00
      0.998  0.1917E-02  0.7424E-02  0.3471E-02  0.4186E-02  0.0000E+00  0.0000E+00  0.0000E+00  0.0000E+00  0.0000E+00
      1.022  0.9985E-03  0.4204E-02  0.1919E-02  0.2151E-02  0.0000E+00  0.0000E+00  0.0000E+00  0.0000E+00  0.0000E+00
      1.047  0.4670E-03  0.2130E-02  0.9523E-03  0.9928E-03  0.0000E+00  0.0000E+00  0.0000E+00  0.0000E+00  0.0000E+00
      1.071  0.1954E-03  0.9644E-03  0.4233E-03  0.4111E-03  0.0000E+00  0.0000E+00  0.0000E+00  0.0000E+00  0.0000E+00
      1.096  0.7303E-04  0.3899E-03  0.1683E-03  0.1526E-03  0.0000E+00  0.0000E+00  0.0000E+00  0.0000E+00  0.0000E+00
      1.120  0.2435E-04  0.1406E-03  0.5976E-04  0.5070E-04  0.0000E+00  0.0000E+00  0.0000E+00  0.0000E+00  0.0000E+00
      1.144  0.7241E-05  0.4521E-04  0.1894E-04  0.1508E-04  0.0000E+00  0.0000E+00  0.0000E+00  0.0000E+00  0.0000E+00
      1.169  0.1919E-05  0.1295E-04  0.5356E-05  0.4010E-05  0.0000E+00  0.0000E+00  0.0000E+00  0.0000E+00  0.0000E+00
      1.193  0.4534E-06  0.3305E-05  0.1350E-05  0.9533E-06  0.0000E+00  0.0000E+00  0.0000E+00  0.0000E+00  0.0000E+00
      1.218  0.9544E-07  0.7508E-06  0.3034E-06  0.2025E-06  0.0000E+00  0.0000E+00  0.0000E+00  0.0000E+00  0.0000E+00
      1.242  0.1790E-07  0.1518E-06  0.6072E-07  0.3841E-07  0.0000E+00  0.0000E+00  0.0000E+00  0.0000E+00  0.0000E+00
      1.267  0.2994E-08  0.2731E-07  0.1082E-07  0.6504E-08  0.0000E+00  0.0000E+00  0.0000E+00  0.0000E+00  0.0000E+00
      1.291  0.4461E-09  0.4371E-08  0.1718E-08  0.9831E-09  0.0000E+00  0.0000E+00  0.0000E+00  0.0000E+00  0.0000E+00
      1.315  0.5925E-10  0.6222E-09  0.2426E-09  0.1326E-09  0.0000E+00  0.0000E+00  0.0000E+00  0.0000E+00  0.0000E+00
      1.340  0.7015E-11  0.7877E-10  0.3050E-10  0.1595E-10  0.0000E+00  0.0000E+00  0.0000E+00  0.0000E+00  0.0000E+00
      1.364  0.7404E-12  0.8867E-11  0.3412E-11  0.1712E-11  0.0000E+00  0.0000E+00  0.0000E+00  0.0000E+00  0.0000E+00
      1.389  0.6965E-13  0.8874E-12  0.3395E-12  0.1639E-12  0.0000E+00  0.0000E+00  0.0000E+00  0.0000E+00  0.0000E+00
      1.413  0.5841E-14  0.7894E-13  0.3005E-13  0.1399E-13  0.0000E+00  0.0000E+00  0.0000E+00  0.0000E+00  0.0000E+00
      1.438  0.4420E-15  0.6253E-14  0.2371E-14  0.1071E-14  0.0000E+00  0.0000E+00  0.0000E+00  0.0000E+00  0.0000E+00
      1.462  0.2589E-16  0.4303E-15  0.1612E-15  0.6635E-16  0.0000E+00  0.0000E+00  0.0000E+00  0.0000E+00  0.0000E+00
      1.486  0.1118E-17  0.3059E-16  0.1114E-16  0.3537E-17  0.0000E+00  0.0000E+00  0.0000E+00  0.0000E+00  0.0000E+00
      1.511  0.0000E+00  0.0000E+00  0.0000E+00  0.0000E+00  0.0000E+00  0.0000E+00  0.0000E+00  0.0000E+00  0.0000E+00
      1.535  0.0000E+00  0.0000E+00  0.0000E+00  0.0000E+00  0.0000E+00  0.0000E+00  0.0000E+00  0.0000E+00  0.0000E+00
      1.560  0.0000E+00  0.0000E+00  0.0000E+00  0.0000E+00  0.0000E+00  0.0000E+00  0.0000E+00  0.0000E+00  0.0000E+00
      1.584  0.0000E+00  0.0000E+00  0.0000E+00  0.0000E+00  0.0000E+00  0.0000E+00  0.0000E+00  0.0000E+00  0.0000E+00
      1.609  0.0000E+00  0.0000E+00  0.0000E+00  0.0000E+00  0.0000E+00  0.0000E+00  0.0000E+00  0.0000E+00  0.0000E+00
      1.633  0.0000E+00  0.0000E+00  0.0000E+00  0.0000E+00  0.0000E+00  0.0000E+00  0.0000E+00  0.0000E+00  0.0000E+00
      1.657  0.0000E+00  0.0000E+00  0.0000E+00  0.0000E+00  0.0000E+00  0.0000E+00  0.0000E+00  0.0000E+00  0.0000E+00
      1.682  0.0000E+00  0.0000E+00  0.0000E+00  0.0000E+00  0.0000E+00  0.0000E+00  0.0000E+00  0.0000E+00  0.0000E+00
      1.706  0.0000E+00  0.0000E+00  0.0000E+00  0.0000E+00  0.0000E+00  0.0000E+00  0.0000E+00  0.0000E+00  0.0000E+00
      1.731  0.0000E+00  0.0000E+00  0.0000E+00  0.0000E+00  0.0000E+00  0.0000E+00  0.0000E+00  0.0000E+00  0.0000E+00
      1.755  0.0000E+00  0.0000E+00  0.0000E+00  0.0000E+00  0.0000E+00  0.0000E+00  0.0000E+00  0.0000E+00  0.0000E+00
      1.780  0.0000E+00  0.0000E+00  0.0000E+00  0.0000E+00  0.0000E+00  0.0000E+00  0.0000E+00  0.0000E+00  0.0000E+00
      1.804  0.0000E+00  0.0000E+00  0.0000E+00  0.0000E+00  0.0000E+00  0.0000E+00  0.0000E+00  0.0000E+00  0.0000E+00
      1.828  0.0000E+00  0.0000E+00  0.0000E+00  0.0000E+00  0.0000E+00  0.0000E+00  0.0000E+00  0.0000E+00  0.0000E+00
      1.853  0.0000E+00  0.0000E+00  0.0000E+00  0.0000E+00  0.0000E+00  0.0000E+00  0.0000E+00  0.0000E+00  0.0000E+00
      1.877  0.0000E+00  0.0000E+00  0.0000E+00  0.0000E+00  0.0000E+00  0.0000E+00  0.0000E+00  0.0000E+00  0.0000E+00
      1.902  0.0000E+00  0.0000E+00  0.0000E+00  0.0000E+00  0.0000E+00  0.0000E+00  0.0000E+00  0.0000E+00  0.0000E+00
      1.926  0.0000E+00  0.0000E+00  0.0000E+00  0.0000E+00  0.0000E+00  0.0000E+00  0.0000E+00  0.0000E+00  0.0000E+00
      1.951  0.0000E+00  0.0000E+00  0.0000E+00  0.0000E+00  0.0000E+00  0.0000E+00  0.0000E+00  0.0000E+00  0.0000E+00
      1.975  0.0000E+00  0.0000E+00  0.0000E+00  0.0000E+00  0.0000E+00  0.0000E+00  0.0000E+00  0.0000E+00  0.0000E+00
      1.999  0.0000E+00  0.0000E+00  0.0000E+00  0.0000E+00  0.0000E+00  0.0000E+00  0.0000E+00  0.0000E+00  0.0000E+00

