      7.69913864    -27.92678388 1000     -1.48989455      1.00000000
    -27.927  0.0000E+00  0.0000E+00  0.0000E+00  0.0000E+00  0.0000E+00  0.0000E+00  0.0000E+00  0.0000E+00  0.0000E+00
    -27.891  0.0000E+00  0.0000E+00  0.0000E+00  0.0000E+00  0.0000E+00  0.0000E+00  0.0000E+00  0.0000E+00  0.0000E+00
    -27.855  0.0000E+00  0.0000E+00  0.0000E+00  0.0000E+00  0.0000E+00  0.0000E+00  0.0000E+00  0.0000E+00  0.0000E+00
    -27.820  0.0000E+00  0.0000E+00  0.0000E+00  0.0000E+00  0.0000E+00  0.0000E+00  0.0000E+00  0.0000E+00  0.0000E+00
    -27.784  0.0000E+00  0.0000E+00  0.0000E+00  0.0000E+00  0.0000E+00  0.0000E+00  0.0000E+00  0.0000E+00  0.0000E+00
    -27.748  0.0000E+00  0.0000E+00  0.0000E+00  0.0000E+00  0.0000E+00  0.0000E+00  0.0000E+00  0.0000E+00  0.0000E+00
    -27.713  0.0000E+00  0.0000E+00  0.0000E+00  0.0000E+00  0.0000E+00  0.0000E+00  0.0000E+00  0.0000E+00  0.0000E+00
    -27.677  0.0000E+00  0.0000E+00  0.0000E+00  0.0000E+00  0.0000E+00  0.0000E+00  0.0000E+00  0.0000E+00  0.0000E+00
    -27.641  0.0000E+00  0.0000E+00  0.0000E+00  0.0000E+00  0.0000E+00  0.0000E+00  0.0000E+00  0.0000E+00  0.0000E+00
    -27.606  0.0000E+00  0.0000E+00  0.0000E+00  0.0000E+00  0.0000E+00  0.0000E+00  0.0000E+00  0.0000E+00  0.0000E+00
    -27.570  0.0000E+00  0.0000E+00  0.0000E+00  0.0000E+00  0.0000E+00  0.0000E+00  0.0000E+00  0.0000E+00  0.0000E+00
    -27.535  0.0000E+00  0.0000E+00  0.0000E+00  0.0000E+00  0.0000E+00  0.0000E+00  0.0000E+00  0.0000E+00  0.0000E+00
    -27.499  0.0000E+00  0.0000E+00  0.0000E+00  0.0000E+00  0.0000E+00  0.0000E+00  0.0000E+00  0.0000E+00  0.0000E+00
    -27.463  0.0000E+00  0.0000E+00  0.0000E+00  0.0000E+00  0.0000E+00  0.0000E+00  0.0000E+00  0.0000E+00  0.0000E+00
    -27.428  0.0000E+00  0.0000E+00  0.0000E+00  0.0000E+00  0.0000E+00  0.0000E+00  0.0000E+00  0.0000E+00  0.0000E+00
    -27.392  0.0000E+00  0.0000E+00  0.0000E+00  0.0000E+00  0.0000E+00  0.0000E+00  0.0000E+00  0.0000E+00  0.0000E+00
    -27.356  0.0000E+00  0.0000E+00  0.0000E+00  0.0000E+00  0.0000E+00  0.0000E+00  0.0000E+00  0.0000E+00  0.0000E+00
    -27.321  0.0000E+00  0.0000E+00  0.0000E+00  0.0000E+00  0.0000E+00  0.0000E+00  0.0000E+00  0.0000E+00  0.0000E+00
    -27.285  0.0000E+00  0.0000E+00  0.0000E+00  0.0000E+00  0.0000E+00  0.0000E+00  0.0000E+00  0.0000E+00  0.0000E+00
    -27.249  0.0000E+00  0.0000E+00  0.0000E+00  0.0000E+00  0.0000E+00  0.0000E+00  0.0000E+00  0.0000E+00  0.0000E+00
    -27.214  0.0000E+00  0.0000E+00  0.0000E+00  0.0000E+00  0.0000E+00  0.0000E+00  0.0000E+00  0.0000E+00  0.0000E+00
    -27.178  0.0000E+00  0.0000E+00  0.0000E+00  0.0000E+00  0.0000E+00  0.0000E+00  0.0000E+00  0.0000E+00  0.0000E+00
    -27.142  0.0000E+00  0.0000E+00  0.0000E+00  0.0000E+00  0.0000E+00  0.0000E+00  0.0000E+00  0.0000E+00  0.0000E+00
    -27.107  0.3433E-27  0.3325E-28  0.4170E-29  0.5678E-28  0.2352E-27  0.2140E-27  0.6837E-28  0.2932E-27  0.3029E-27
    -27.071  0.1373E-26  0.1330E-27  0.1668E-28  0.2271E-27  0.9409E-27  0.8562E-27  0.2735E-27  0.1173E-26  0.1212E-26
    -27.035  0.1236E-25  0.1197E-26  0.1501E-27  0.2044E-26  0.8468E-26  0.7706E-26  0.2461E-26  0.1056E-25  0.1090E-25
    -27.000  0.8824E-25  0.8544E-26  0.1072E-26  0.1459E-25  0.6045E-25  0.5501E-25  0.1757E-25  0.7536E-25  0.7785E-25
    -26.964  0.5902E-24  0.5715E-25  0.7168E-26  0.9760E-25  0.4044E-24  0.3679E-24  0.1175E-24  0.5041E-24  0.5207E-24
    -26.928  0.3717E-23  0.3599E-24  0.4515E-25  0.6147E-24  0.2547E-23  0.2317E-23  0.7402E-24  0.3175E-23  0.3279E-23
    -26.893  0.2197E-22  0.2128E-23  0.2669E-24  0.3634E-23  0.1505E-22  0.1370E-22  0.4375E-23  0.1877E-22  0.1938E-22
    -26.857  0.1219E-21  0.1180E-22  0.1480E-23  0.2016E-22  0.8352E-22  0.7599E-22  0.2427E-22  0.1041E-21  0.1075E-21
    -26.821  0.6348E-21  0.6147E-22  0.7710E-23  0.1050E-21  0.4349E-21  0.3958E-21  0.1264E-21  0.5422E-21  0.5600E-21
    -26.786  0.3103E-20  0.3005E-21  0.3769E-22  0.5132E-21  0.2126E-20  0.1935E-20  0.6179E-21  0.2650E-20  0.2738E-20
    -26.750  0.1424E-19  0.1379E-20  0.1729E-21  0.2355E-20  0.9756E-20  0.8877E-20  0.2835E-20  0.1216E-19  0.1256E-19
    -26.714  0.6133E-19  0.5939E-20  0.7449E-21  0.1014E-19  0.4202E-19  0.3823E-19  0.1221E-19  0.5238E-19  0.5411E-19
    -26.679  0.2480E-18  0.2401E-19  0.3011E-20  0.4101E-19  0.1699E-18  0.1546E-18  0.4937E-19  0.2118E-18  0.2188E-18
    -26.643  0.9410E-18  0.9112E-19  0.1143E-19  0.1556E-18  0.6447E-18  0.5867E-18  0.1874E-18  0.8037E-18  0.8302E-18
    -26.607  0.3352E-17  0.3246E-18  0.4071E-19  0.5544E-18  0.2297E-17  0.2090E-17  0.6675E-18  0.2863E-17  0.2957E-17
    -26.572  0.1121E-16  0.1085E-17  0.1361E-18  0.1854E-17  0.7680E-17  0.6989E-17  0.2232E-17  0.9574E-17  0.9890E-17
    -26.536  0.3519E-16  0.3407E-17  0.4274E-18  0.5819E-17  0.2411E-16  0.2194E-16  0.7007E-17  0.3005E-16  0.3104E-16
    -26.500  0.1037E-15  0.1004E-16  0.1259E-17  0.1715E-16  0.7104E-16  0.6464E-16  0.2065E-16  0.8855E-16  0.9147E-16
    -26.465  0.2868E-15  0.2777E-16  0.3483E-17  0.4742E-16  0.1965E-15  0.1788E-15  0.5710E-16  0.2449E-15  0.2530E-15
    -26.429  0.7445E-15  0.7209E-16  0.9042E-17  0.1231E-15  0.5101E-15  0.4642E-15  0.1483E-15  0.6359E-15  0.6568E-15
    -26.393  0.1814E-14  0.1757E-15  0.2204E-16  0.3001E-15  0.1243E-14  0.1131E-14  0.3613E-15  0.1550E-14  0.1601E-14
    -26.358  0.4151E-14  0.4019E-15  0.5041E-16  0.6865E-15  0.2844E-14  0.2588E-14  0.8266E-15  0.3545E-14  0.3662E-14
    -26.322  0.8914E-14  0.8631E-15  0.1083E-15  0.1474E-14  0.6107E-14  0.5557E-14  0.1775E-14  0.7613E-14  0.7864E-14
    -26.286  0.1797E-13  0.1740E-14  0.2182E-15  0.2972E-14  0.1231E-13  0.1120E-13  0.3578E-14  0.1535E-13  0.1585E-13
    -26.251  0.3400E-13  0.3292E-14  0.4130E-15  0.5623E-14  0.2330E-13  0.2120E-13  0.6771E-14  0.2904E-13  0.3000E-13
    -26.215  0.6040E-13  0.5848E-14  0.7336E-15  0.9988E-14  0.4138E-13  0.3766E-13  0.1203E-13  0.5159E-13  0.5328E-13
    -26.179  0.1007E-12  0.9751E-14  0.1223E-14  0.1665E-13  0.6900E-13  0.6279E-13  0.2005E-13  0.8603E-13  0.8885E-13
    -26.144  0.1576E-12  0.1526E-13  0.1915E-14  0.2607E-13  0.1080E-12  0.9829E-13  0.3139E-13  0.1347E-12  0.1391E-12
    -26.108  0.2316E-12  0.2243E-13  0.2815E-14  0.3830E-13  0.1587E-12  0.1445E-12  0.4612E-13  0.1980E-12  0.2043E-12
    -26.072  0.3195E-12  0.3094E-13  0.3885E-14  0.5284E-13  0.2189E-12  0.1994E-12  0.6361E-13  0.2735E-12  0.2819E-12
    -26.037  0.4137E-12  0.4007E-13  0.5038E-14  0.6843E-13  0.2834E-12  0.2585E-12  0.8236E-13  0.3551E-12  0.3650E-12
    -26.001  0.5031E-12  0.4873E-13  0.6147E-14  0.8323E-13  0.3445E-12  0.3151E-12  0.1001E-12  0.4344E-12  0.4439E-12
    -25.965  0.5748E-12  0.5569E-13  0.7072E-14  0.9512E-13  0.3932E-12  0.3620E-12  0.1143E-12  0.5028E-12  0.5072E-12
    -25.930  0.6175E-12  0.5986E-13  0.7713E-14  0.1023E-12  0.4215E-12  0.3935E-12  0.1225E-12  0.5553E-12  0.5449E-12
    -25.894  0.6250E-12  0.6067E-13  0.8064E-14  0.1037E-12  0.4248E-12  0.4086E-12  0.1235E-12  0.5956E-12  0.5517E-12
    -25.858  0.5987E-12  0.5829E-13  0.8254E-14  0.9965E-13  0.4031E-12  0.4126E-12  0.1173E-12  0.6398E-12  0.5289E-12
    -25.823  0.5478E-12  0.5365E-13  0.8567E-14  0.9182E-13  0.3613E-12  0.4181E-12  0.1052E-12  0.7181E-12  0.4845E-12
    -25.787  0.4873E-12  0.4830E-13  0.9422E-14  0.8286E-13  0.3083E-12  0.4440E-12  0.9001E-13  0.8743E-12  0.4323E-12
    -25.751  0.4351E-12  0.4404E-13  0.1130E-13  0.7585E-13  0.2542E-12  0.5122E-12  0.7457E-13  0.1159E-11  0.3879E-12
    -25.716  0.4070E-12  0.4250E-13  0.1465E-13  0.7359E-13  0.2081E-12  0.6422E-12  0.6159E-13  0.1617E-11  0.3657E-12
    -25.680  0.4135E-12  0.4471E-13  0.1971E-13  0.7789E-13  0.1762E-12  0.8459E-12  0.5289E-13  0.2274E-11  0.3748E-12
    -25.644  0.4567E-12  0.5086E-13  0.2642E-13  0.8904E-13  0.1607E-12  0.1120E-11  0.4910E-13  0.3120E-11  0.4171E-12
    -25.609  0.5299E-12  0.6017E-13  0.3428E-13  0.1057E-12  0.1601E-12  0.1445E-11  0.4971E-13  0.4093E-11  0.4864E-12
    -25.573  0.6184E-12  0.7097E-13  0.4238E-13  0.1248E-12  0.1695E-12  0.1781E-11  0.5326E-13  0.5087E-11  0.5692E-12
    -25.537  0.7028E-12  0.8108E-13  0.4951E-13  0.1427E-12  0.1827E-12  0.2078E-11  0.5780E-13  0.5958E-11  0.6478E-12
    -25.502  0.7633E-12  0.8829E-13  0.5448E-13  0.1555E-12  0.1933E-12  0.2286E-11  0.6136E-13  0.6564E-11  0.7041E-12
    -25.466  0.7849E-12  0.9089E-13  0.5636E-13  0.1601E-12  0.1963E-12  0.2364E-11  0.6242E-13  0.6793E-11  0.7242E-12
    -25.430  0.7605E-12  0.8812E-13  0.5476E-13  0.1552E-12  0.1892E-12  0.2296E-11  0.6019E-13  0.6602E-11  0.7019E-12
    -25.395  0.6930E-12  0.8032E-13  0.4996E-13  0.1415E-12  0.1719E-12  0.2095E-11  0.5472E-13  0.6024E-11  0.6396E-12
    -25.359  0.5933E-12  0.6877E-13  0.4280E-13  0.1212E-12  0.1470E-12  0.1795E-11  0.4680E-13  0.5160E-11  0.5476E-12
    -25.323  0.4770E-12  0.5529E-13  0.3441E-13  0.9740E-13  0.1181E-12  0.1443E-11  0.3760E-13  0.4150E-11  0.4402E-12
    -25.288  0.3600E-12  0.4173E-13  0.2598E-13  0.7352E-13  0.8912E-13  0.1089E-11  0.2838E-13  0.3133E-11  0.3323E-12
    -25.252  0.2551E-12  0.2957E-13  0.1841E-13  0.5209E-13  0.6314E-13  0.7719E-12  0.2010E-13  0.2220E-11  0.2354E-12
    -25.217  0.1697E-12  0.1967E-13  0.1224E-13  0.3465E-13  0.4200E-13  0.5134E-12  0.1337E-13  0.1477E-11  0.1566E-12
    -25.181  0.1059E-12  0.1228E-13  0.7646E-14  0.2164E-13  0.2622E-13  0.3206E-12  0.8349E-14  0.9219E-12  0.9778E-13
    -25.145  0.6210E-13  0.7198E-14  0.4481E-14  0.1268E-13  0.1537E-13  0.1879E-12  0.4894E-14  0.5404E-12  0.5731E-13
    -25.110  0.3417E-13  0.3960E-14  0.2466E-14  0.6977E-14  0.8456E-14  0.1034E-12  0.2693E-14  0.2973E-12  0.3153E-13
    -25.074  0.1765E-13  0.2045E-14  0.1273E-14  0.3604E-14  0.4367E-14  0.5340E-13  0.1391E-14  0.1536E-12  0.1629E-13
    -25.038  0.8555E-14  0.9917E-15  0.6174E-15  0.1747E-14  0.2117E-14  0.2589E-13  0.6742E-15  0.7445E-13  0.7896E-14
    -25.003  0.3893E-14  0.4513E-15  0.2810E-15  0.7951E-15  0.9636E-15  0.1178E-13  0.3068E-15  0.3388E-13  0.3593E-14
    -24.967  0.1663E-14  0.1928E-15  0.1200E-15  0.3397E-15  0.4117E-15  0.5033E-14  0.1311E-15  0.1447E-13  0.1535E-14
    -24.931  0.6670E-15  0.7731E-16  0.4813E-16  0.1362E-15  0.1651E-15  0.2018E-14  0.5256E-16  0.5804E-14  0.6156E-15
    -24.896  0.2511E-15  0.2910E-16  0.1812E-16  0.5127E-16  0.6214E-16  0.7597E-15  0.1979E-16  0.2185E-14  0.2317E-15
    -24.860  0.8871E-16  0.1028E-16  0.6402E-17  0.1812E-16  0.2196E-16  0.2684E-15  0.6991E-17  0.7720E-15  0.8188E-16
    -24.824  0.2942E-16  0.3411E-17  0.2123E-17  0.6009E-17  0.7283E-17  0.8904E-16  0.2319E-17  0.2561E-15  0.2716E-16
    -24.789  0.9161E-17  0.1062E-17  0.6611E-18  0.1871E-17  0.2267E-17  0.2772E-16  0.7220E-18  0.7972E-16  0.8455E-17
    -24.753  0.2677E-17  0.3104E-18  0.1932E-18  0.5468E-18  0.6627E-18  0.8102E-17  0.2110E-18  0.2330E-16  0.2471E-17
    -24.717  0.7345E-18  0.8514E-19  0.5301E-19  0.1500E-18  0.1818E-18  0.2223E-17  0.5789E-19  0.6392E-17  0.6779E-18
    -24.682  0.1891E-18  0.2193E-19  0.1365E-19  0.3863E-19  0.4682E-19  0.5724E-18  0.1491E-19  0.1646E-17  0.1746E-18
    -24.646  0.4572E-19  0.5300E-20  0.3300E-20  0.9337E-20  0.1132E-19  0.1384E-18  0.3603E-20  0.3979E-18  0.4220E-19
    -24.610  0.1037E-19  0.1203E-20  0.7487E-21  0.2119E-20  0.2568E-20  0.3139E-19  0.8176E-21  0.9028E-19  0.9575E-20
    -24.575  0.2210E-20  0.2561E-21  0.1595E-21  0.4512E-21  0.5469E-21  0.6686E-20  0.1741E-21  0.1923E-19  0.2039E-20
    -24.539  0.4417E-21  0.5121E-22  0.3188E-22  0.9021E-22  0.1093E-21  0.1337E-20  0.3481E-22  0.3844E-20  0.4077E-21
    -24.503  0.8290E-22  0.9610E-23  0.5983E-23  0.1693E-22  0.2052E-22  0.2509E-21  0.6533E-23  0.7214E-21  0.7651E-22
    -24.468  0.1460E-22  0.1693E-23  0.1054E-23  0.2982E-23  0.3614E-23  0.4419E-22  0.1151E-23  0.1271E-21  0.1348E-22
    -24.432  0.2415E-23  0.2799E-24  0.1743E-24  0.4931E-24  0.5977E-24  0.7307E-23  0.1903E-24  0.2101E-22  0.2229E-23
    -24.396  0.3747E-24  0.4343E-25  0.2704E-25  0.7652E-25  0.9274E-25  0.1134E-23  0.2953E-25  0.3261E-23  0.3458E-24
    -24.361  0.5439E-25  0.6305E-26  0.3925E-26  0.1111E-25  0.1346E-25  0.1646E-24  0.4286E-26  0.4733E-24  0.5020E-25
    -24.325  0.6907E-26  0.8006E-27  0.4984E-27  0.1410E-26  0.1709E-26  0.2090E-25  0.5443E-27  0.6010E-25  0.6374E-26
    -24.289  0.1727E-26  0.2001E-27  0.1246E-27  0.3526E-27  0.4274E-27  0.5225E-26  0.1361E-27  0.1503E-25  0.1594E-26
    -24.254  0.0000E+00  0.0000E+00  0.0000E+00  0.0000E+00  0.0000E+00  0.0000E+00  0.0000E+00  0.0000E+00  0.0000E+00
    -24.218  0.0000E+00  0.0000E+00  0.0000E+00  0.0000E+00  0.0000E+00  0.0000E+00  0.0000E+00  0.0000E+00  0.0000E+00
    -24.182  0.0000E+00  0.0000E+00  0.0000E+00  0.0000E+00  0.0000E+00  0.0000E+00  0.0000E+00  0.0000E+00  0.0000E+00
    -24.147  0.0000E+00  0.0000E+00  0.0000E+00  0.0000E+00  0.0000E+00  0.0000E+00  0.0000E+00  0.0000E+00  0.0000E+00
    -24.111  0.0000E+00  0.0000E+00  0.0000E+00  0.0000E+00  0.0000E+00  0.0000E+00  0.0000E+00  0.0000E+00  0.0000E+00
    -24.075  0.0000E+00  0.0000E+00  0.0000E+00  0.0000E+00  0.0000E+00  0.0000E+00  0.0000E+00  0.0000E+00  0.0000E+00
    -24.040  0.0000E+00  0.0000E+00  0.0000E+00  0.0000E+00  0.0000E+00  0.0000E+00  0.0000E+00  0.0000E+00  0.0000E+00
    -24.004  0.0000E+00  0.0000E+00  0.0000E+00  0.0000E+00  0.0000E+00  0.0000E+00  0.0000E+00  0.0000E+00  0.0000E+00
    -23.968  0.0000E+00  0.0000E+00  0.0000E+00  0.0000E+00  0.0000E+00  0.0000E+00  0.0000E+00  0.0000E+00  0.0000E+00
    -23.933  0.0000E+00  0.0000E+00  0.0000E+00  0.0000E+00  0.0000E+00  0.0000E+00  0.0000E+00  0.0000E+00  0.0000E+00
    -23.897  0.0000E+00  0.0000E+00  0.0000E+00  0.0000E+00  0.0000E+00  0.0000E+00  0.0000E+00  0.0000E+00  0.0000E+00
    -23.861  0.0000E+00  0.0000E+00  0.0000E+00  0.0000E+00  0.0000E+00  0.0000E+00  0.0000E+00  0.0000E+00  0.0000E+00
    -23.826  0.0000E+00  0.0000E+00  0.0000E+00  0.0000E+00  0.0000E+00  0.0000E+00  0.0000E+00  0.0000E+00  0.0000E+00
    -23.790  0.0000E+00  0.0000E+00  0.0000E+00  0.0000E+00  0.0000E+00  0.0000E+00  0.0000E+00  0.0000E+00  0.0000E+00
    -23.754  0.0000E+00  0.0000E+00  0.0000E+00  0.0000E+00  0.0000E+00  0.0000E+00  0.0000E+00  0.0000E+00  0.0000E+00
    -23.719  0.0000E+00  0.0000E+00  0.0000E+00  0.0000E+00  0.0000E+00  0.0000E+00  0.0000E+00  0.0000E+00  0.0000E+00
    -23.683  0.0000E+00  0.0000E+00  0.0000E+00  0.0000E+00  0.0000E+00  0.0000E+00  0.0000E+00  0.0000E+00  0.0000E+00
    -23.647  0.0000E+00  0.0000E+00  0.0000E+00  0.0000E+00  0.0000E+00  0.0000E+00  0.0000E+00  0.0000E+00  0.0000E+00
    -23.612  0.0000E+00  0.0000E+00  0.0000E+00  0.0000E+00  0.0000E+00  0.0000E+00  0.0000E+00  0.0000E+00  0.0000E+00
    -23.576  0.0000E+00  0.0000E+00  0.0000E+00  0.0000E+00  0.0000E+00  0.0000E+00  0.0000E+00  0.0000E+00  0.0000E+00
    -23.540  0.0000E+00  0.0000E+00  0.0000E+00  0.0000E+00  0.0000E+00  0.0000E+00  0.0000E+00  0.0000E+00  0.0000E+00
    -23.505  0.0000E+00  0.0000E+00  0.0000E+00  0.0000E+00  0.0000E+00  0.0000E+00  0.0000E+00  0.0000E+00  0.0000E+00
    -23.469  0.0000E+00  0.0000E+00  0.0000E+00  0.0000E+00  0.0000E+00  0.0000E+00  0.0000E+00  0.0000E+00  0.0000E+00
    -23.433  0.0000E+00  0.0000E+00  0.0000E+00  0.0000E+00  0.0000E+00  0.0000E+00  0.0000E+00  0.0000E+00  0.0000E+00
    -23.398  0.0000E+00  0.0000E+00  0.0000E+00  0.0000E+00  0.0000E+00  0.0000E+00  0.0000E+00  0.0000E+00  0.0000E+00
    -23.362  0.0000E+00  0.0000E+00  0.0000E+00  0.0000E+00  0.0000E+00  0.0000E+00  0.0000E+00  0.0000E+00  0.0000E+00
    -23.326  0.0000E+00  0.0000E+00  0.0000E+00  0.0000E+00  0.0000E+00  0.0000E+00  0.0000E+00  0.0000E+00  0.0000E+00
    -23.291  0.0000E+00  0.0000E+00  0.0000E+00  0.0000E+00  0.0000E+00  0.0000E+00  0.0000E+00  0.0000E+00  0.0000E+00
    -23.255  0.0000E+00  0.0000E+00  0.0000E+00  0.0000E+00  0.0000E+00  0.0000E+00  0.0000E+00  0.0000E+00  0.0000E+00
    -23.219  0.0000E+00  0.0000E+00  0.0000E+00  0.0000E+00  0.0000E+00  0.0000E+00  0.0000E+00  0.0000E+00  0.0000E+00
    -23.184  0.0000E+00  0.0000E+00  0.0000E+00  0.0000E+00  0.0000E+00  0.0000E+00  0.0000E+00  0.0000E+00  0.0000E+00
    -23.148  0.0000E+00  0.0000E+00  0.0000E+00  0.0000E+00  0.0000E+00  0.0000E+00  0.0000E+00  0.0000E+00  0.0000E+00
    -23.112  0.0000E+00  0.0000E+00  0.0000E+00  0.0000E+00  0.0000E+00  0.0000E+00  0.0000E+00  0.0000E+00  0.0000E+00
    -23.077  0.0000E+00  0.0000E+00  0.0000E+00  0.0000E+00  0.0000E+00  0.0000E+00  0.0000E+00  0.0000E+00  0.0000E+00
    -23.041  0.0000E+00  0.0000E+00  0.0000E+00  0.0000E+00  0.0000E+00  0.0000E+00  0.0000E+00  0.0000E+00  0.0000E+00
    -23.005  0.0000E+00  0.0000E+00  0.0000E+00  0.0000E+00  0.0000E+00  0.0000E+00  0.0000E+00  0.0000E+00  0.0000E+00
    -22.970  0.0000E+00  0.0000E+00  0.0000E+00  0.0000E+00  0.0000E+00  0.0000E+00  0.0000E+00  0.0000E+00  0.0000E+00
    -22.934  0.0000E+00  0.0000E+00  0.0000E+00  0.0000E+00  0.0000E+00  0.0000E+00  0.0000E+00  0.0000E+00  0.0000E+00
    -22.899  0.0000E+00  0.0000E+00  0.0000E+00  0.0000E+00  0.0000E+00  0.0000E+00  0.0000E+00  0.0000E+00  0.0000E+00
    -22.863  0.0000E+00  0.0000E+00  0.0000E+00  0.0000E+00  0.0000E+00  0.0000E+00  0.0000E+00  0.0000E+00  0.0000E+00
    -22.827  0.0000E+00  0.0000E+00  0.0000E+00  0.0000E+00  0.0000E+00  0.0000E+00  0.0000E+00  0.0000E+00  0.0000E+00
    -22.792  0.0000E+00  0.0000E+00  0.0000E+00  0.0000E+00  0.0000E+00  0.0000E+00  0.0000E+00  0.0000E+00  0.0000E+00
    -22.756  0.0000E+00  0.0000E+00  0.0000E+00  0.0000E+00  0.0000E+00  0.0000E+00  0.0000E+00  0.0000E+00  0.0000E+00
    -22.720  0.0000E+00  0.0000E+00  0.0000E+00  0.0000E+00  0.0000E+00  0.0000E+00  0.0000E+00  0.0000E+00  0.0000E+00
    -22.685  0.0000E+00  0.0000E+00  0.0000E+00  0.0000E+00  0.0000E+00  0.0000E+00  0.0000E+00  0.0000E+00  0.0000E+00
    -22.649  0.0000E+00  0.0000E+00  0.0000E+00  0.0000E+00  0.0000E+00  0.0000E+00  0.0000E+00  0.0000E+00  0.0000E+00
    -22.613  0.0000E+00  0.0000E+00  0.0000E+00  0.0000E+00  0.0000E+00  0.0000E+00  0.0000E+00  0.0000E+00  0.0000E+00
    -22.578  0.0000E+00  0.0000E+00  0.0000E+00  0.0000E+00  0.0000E+00  0.0000E+00  0.0000E+00  0.0000E+00  0.0000E+00
    -22.542  0.0000E+00  0.0000E+00  0.0000E+00  0.0000E+00  0.0000E+00  0.0000E+00  0.0000E+00  0.0000E+00  0.0000E+00
    -22.506  0.0000E+00  0.0000E+00  0.0000E+00  0.0000E+00  0.0000E+00  0.0000E+00  0.0000E+00  0.0000E+00  0.0000E+00
    -22.471  0.0000E+00  0.0000E+00  0.0000E+00  0.0000E+00  0.0000E+00  0.0000E+00  0.0000E+00  0.0000E+00  0.0000E+00
    -22.435  0.0000E+00  0.0000E+00  0.0000E+00  0.0000E+00  0.0000E+00  0.0000E+00  0.0000E+00  0.0000E+00  0.0000E+00
    -22.399  0.0000E+00  0.0000E+00  0.0000E+00  0.0000E+00  0.0000E+00  0.0000E+00  0.0000E+00  0.0000E+00  0.0000E+00
    -22.364  0.0000E+00  0.0000E+00  0.0000E+00  0.0000E+00  0.0000E+00  0.0000E+00  0.0000E+00  0.0000E+00  0.0000E+00
    -22.328  0.0000E+00  0.0000E+00  0.0000E+00  0.0000E+00  0.0000E+00  0.0000E+00  0.0000E+00  0.0000E+00  0.0000E+00
    -22.292  0.0000E+00  0.0000E+00  0.0000E+00  0.0000E+00  0.0000E+00  0.0000E+00  0.0000E+00  0.0000E+00  0.0000E+00
    -22.257  0.0000E+00  0.0000E+00  0.0000E+00  0.0000E+00  0.0000E+00  0.0000E+00  0.0000E+00  0.0000E+00  0.0000E+00
    -22.221  0.0000E+00  0.0000E+00  0.0000E+00  0.0000E+00  0.0000E+00  0.0000E+00  0.0000E+00  0.0000E+00  0.0000E+00
    -22.185  0.0000E+00  0.0000E+00  0.0000E+00  0.0000E+00  0.0000E+00  0.0000E+00  0.0000E+00  0.0000E+00  0.0000E+00
    -22.150  0.0000E+00  0.0000E+00  0.0000E+00  0.0000E+00  0.0000E+00  0.0000E+00  0.0000E+00  0.0000E+00  0.0000E+00
    -22.114  0.0000E+00  0.0000E+00  0.0000E+00  0.0000E+00  0.0000E+00  0.0000E+00  0.0000E+00  0.0000E+00  0.0000E+00
    -22.078  0.0000E+00  0.0000E+00  0.0000E+00  0.0000E+00  0.0000E+00  0.0000E+00  0.0000E+00  0.0000E+00  0.0000E+00
    -22.043  0.0000E+00  0.0000E+00  0.0000E+00  0.0000E+00  0.0000E+00  0.0000E+00  0.0000E+00  0.0000E+00  0.0000E+00
    -22.007  0.0000E+00  0.0000E+00  0.0000E+00  0.0000E+00  0.0000E+00  0.0000E+00  0.0000E+00  0.0000E+00  0.0000E+00
    -21.971  0.0000E+00  0.0000E+00  0.0000E+00  0.0000E+00  0.0000E+00  0.0000E+00  0.0000E+00  0.0000E+00  0.0000E+00
    -21.936  0.0000E+00  0.0000E+00  0.0000E+00  0.0000E+00  0.0000E+00  0.0000E+00  0.0000E+00  0.0000E+00  0.0000E+00
    -21.900  0.0000E+00  0.0000E+00  0.0000E+00  0.0000E+00  0.0000E+00  0.0000E+00  0.0000E+00  0.0000E+00  0.0000E+00
    -21.864  0.0000E+00  0.0000E+00  0.0000E+00  0.0000E+00  0.0000E+00  0.0000E+00  0.0000E+00  0.0000E+00  0.0000E+00
    -21.829  0.0000E+00  0.0000E+00  0.0000E+00  0.0000E+00  0.0000E+00  0.0000E+00  0.0000E+00  0.0000E+00  0.0000E+00
    -21.793  0.0000E+00  0.0000E+00  0.0000E+00  0.0000E+00  0.0000E+00  0.0000E+00  0.0000E+00  0.0000E+00  0.0000E+00
    -21.757  0.0000E+00  0.0000E+00  0.0000E+00  0.0000E+00  0.0000E+00  0.0000E+00  0.0000E+00  0.0000E+00  0.0000E+00
    -21.722  0.0000E+00  0.0000E+00  0.0000E+00  0.0000E+00  0.0000E+00  0.0000E+00  0.0000E+00  0.0000E+00  0.0000E+00
    -21.686  0.0000E+00  0.0000E+00  0.0000E+00  0.0000E+00  0.0000E+00  0.0000E+00  0.0000E+00  0.0000E+00  0.0000E+00
    -21.650  0.0000E+00  0.0000E+00  0.0000E+00  0.0000E+00  0.0000E+00  0.0000E+00  0.0000E+00  0.0000E+00  0.0000E+00
    -21.615  0.0000E+00  0.0000E+00  0.0000E+00  0.0000E+00  0.0000E+00  0.0000E+00  0.0000E+00  0.0000E+00  0.0000E+00
    -21.579  0.0000E+00  0.0000E+00  0.0000E+00  0.0000E+00  0.0000E+00  0.0000E+00  0.0000E+00  0.0000E+00  0.0000E+00
    -21.543  0.0000E+00  0.0000E+00  0.0000E+00  0.0000E+00  0.0000E+00  0.0000E+00  0.0000E+00  0.0000E+00  0.0000E+00
    -21.508  0.0000E+00  0.0000E+00  0.0000E+00  0.0000E+00  0.0000E+00  0.0000E+00  0.0000E+00  0.0000E+00  0.0000E+00
    -21.472  0.0000E+00  0.0000E+00  0.0000E+00  0.0000E+00  0.0000E+00  0.0000E+00  0.0000E+00  0.0000E+00  0.0000E+00
    -21.436  0.0000E+00  0.0000E+00  0.0000E+00  0.0000E+00  0.0000E+00  0.0000E+00  0.0000E+00  0.0000E+00  0.0000E+00
    -21.401  0.0000E+00  0.0000E+00  0.0000E+00  0.0000E+00  0.0000E+00  0.0000E+00  0.0000E+00  0.0000E+00  0.0000E+00
    -21.365  0.0000E+00  0.0000E+00  0.0000E+00  0.0000E+00  0.0000E+00  0.0000E+00  0.0000E+00  0.0000E+00  0.0000E+00
    -21.329  0.0000E+00  0.0000E+00  0.0000E+00  0.0000E+00  0.0000E+00  0.0000E+00  0.0000E+00  0.0000E+00  0.0000E+00
    -21.294  0.0000E+00  0.0000E+00  0.0000E+00  0.0000E+00  0.0000E+00  0.0000E+00  0.0000E+00  0.0000E+00  0.0000E+00
    -21.258  0.0000E+00  0.0000E+00  0.0000E+00  0.0000E+00  0.0000E+00  0.0000E+00  0.0000E+00  0.0000E+00  0.0000E+00
    -21.222  0.0000E+00  0.0000E+00  0.0000E+00  0.0000E+00  0.0000E+00  0.0000E+00  0.0000E+00  0.0000E+00  0.0000E+00
    -21.187  0.0000E+00  0.0000E+00  0.0000E+00  0.0000E+00  0.0000E+00  0.0000E+00  0.0000E+00  0.0000E+00  0.0000E+00
    -21.151  0.0000E+00  0.0000E+00  0.0000E+00  0.0000E+00  0.0000E+00  0.0000E+00  0.0000E+00  0.0000E+00  0.0000E+00
    -21.115  0.0000E+00  0.0000E+00  0.0000E+00  0.0000E+00  0.0000E+00  0.0000E+00  0.0000E+00  0.0000E+00  0.0000E+00
    -21.080  0.0000E+00  0.0000E+00  0.0000E+00  0.0000E+00  0.0000E+00  0.0000E+00  0.0000E+00  0.0000E+00  0.0000E+00
    -21.044  0.0000E+00  0.0000E+00  0.0000E+00  0.0000E+00  0.0000E+00  0.0000E+00  0.0000E+00  0.0000E+00  0.0000E+00
    -21.008  0.0000E+00  0.0000E+00  0.0000E+00  0.0000E+00  0.0000E+00  0.0000E+00  0.0000E+00  0.0000E+00  0.0000E+00
    -20.973  0.0000E+00  0.0000E+00  0.0000E+00  0.0000E+00  0.0000E+00  0.0000E+00  0.0000E+00  0.0000E+00  0.0000E+00
    -20.937  0.0000E+00  0.0000E+00  0.0000E+00  0.0000E+00  0.0000E+00  0.0000E+00  0.0000E+00  0.0000E+00  0.0000E+00
    -20.901  0.0000E+00  0.0000E+00  0.0000E+00  0.0000E+00  0.0000E+00  0.0000E+00  0.0000E+00  0.0000E+00  0.0000E+00
    -20.866  0.0000E+00  0.0000E+00  0.0000E+00  0.0000E+00  0.0000E+00  0.0000E+00  0.0000E+00  0.0000E+00  0.0000E+00
    -20.830  0.0000E+00  0.0000E+00  0.0000E+00  0.0000E+00  0.0000E+00  0.0000E+00  0.0000E+00  0.0000E+00  0.0000E+00
    -20.794  0.0000E+00  0.0000E+00  0.0000E+00  0.0000E+00  0.0000E+00  0.0000E+00  0.0000E+00  0.0000E+00  0.0000E+00
    -20.759  0.0000E+00  0.0000E+00  0.0000E+00  0.0000E+00  0.0000E+00  0.0000E+00  0.0000E+00  0.0000E+00  0.0000E+00
    -20.723  0.0000E+00  0.0000E+00  0.0000E+00  0.0000E+00  0.0000E+00  0.0000E+00  0.0000E+00  0.0000E+00  0.0000E+00
    -20.687  0.0000E+00  0.0000E+00  0.0000E+00  0.0000E+00  0.0000E+00  0.0000E+00  0.0000E+00  0.0000E+00  0.0000E+00
    -20.652  0.0000E+00  0.0000E+00  0.0000E+00  0.0000E+00  0.0000E+00  0.0000E+00  0.0000E+00  0.0000E+00  0.0000E+00
    -20.616  0.0000E+00  0.0000E+00  0.0000E+00  0.0000E+00  0.0000E+00  0.0000E+00  0.0000E+00  0.0000E+00  0.0000E+00
    -20.580  0.0000E+00  0.0000E+00  0.0000E+00  0.0000E+00  0.0000E+00  0.0000E+00  0.0000E+00  0.0000E+00  0.0000E+00
    -20.545  0.0000E+00  0.0000E+00  0.0000E+00  0.0000E+00  0.0000E+00  0.0000E+00  0.0000E+00  0.0000E+00  0.0000E+00
    -20.509  0.0000E+00  0.0000E+00  0.0000E+00  0.0000E+00  0.0000E+00  0.0000E+00  0.0000E+00  0.0000E+00  0.0000E+00
    -20.474  0.0000E+00  0.0000E+00  0.0000E+00  0.0000E+00  0.0000E+00  0.0000E+00  0.0000E+00  0.0000E+00  0.0000E+00
    -20.438  0.0000E+00  0.0000E+00  0.0000E+00  0.0000E+00  0.0000E+00  0.0000E+00  0.0000E+00  0.0000E+00  0.0000E+00
    -20.402  0.0000E+00  0.0000E+00  0.0000E+00  0.0000E+00  0.0000E+00  0.0000E+00  0.0000E+00  0.0000E+00  0.0000E+00
    -20.367  0.0000E+00  0.0000E+00  0.0000E+00  0.0000E+00  0.0000E+00  0.0000E+00  0.0000E+00  0.0000E+00  0.0000E+00
    -20.331  0.0000E+00  0.0000E+00  0.0000E+00  0.0000E+00  0.0000E+00  0.0000E+00  0.0000E+00  0.0000E+00  0.0000E+00
    -20.295  0.0000E+00  0.0000E+00  0.0000E+00  0.0000E+00  0.0000E+00  0.0000E+00  0.0000E+00  0.0000E+00  0.0000E+00
    -20.260  0.0000E+00  0.0000E+00  0.0000E+00  0.0000E+00  0.0000E+00  0.0000E+00  0.0000E+00  0.0000E+00  0.0000E+00
    -20.224  0.8356E-27  0.1038E-27  0.1508E-27  0.7779E-28  0.3056E-27  0.1072E-26  0.2466E-28  0.2966E-28  0.1674E-28
    -20.188  0.3342E-26  0.4153E-27  0.6034E-27  0.3112E-27  0.1222E-26  0.4288E-26  0.9862E-28  0.1186E-27  0.6698E-28
    -20.153  0.2590E-25  0.3219E-26  0.4676E-26  0.2412E-26  0.9474E-26  0.3323E-25  0.7643E-27  0.9194E-27  0.5191E-27
    -20.117  0.1888E-24  0.2347E-25  0.3409E-25  0.1758E-25  0.6907E-25  0.2422E-24  0.5572E-26  0.6703E-26  0.3784E-26
    -20.081  0.1270E-23  0.1578E-24  0.2293E-24  0.1182E-24  0.4645E-24  0.1629E-23  0.3748E-25  0.4508E-25  0.2545E-25
    -20.046  0.8032E-23  0.9981E-24  0.1450E-23  0.7477E-24  0.2937E-23  0.1030E-22  0.2370E-24  0.2851E-24  0.1609E-24
    -20.010  0.4767E-22  0.5924E-23  0.8606E-23  0.4438E-23  0.1743E-22  0.6115E-22  0.1407E-23  0.1692E-23  0.9552E-24
    -19.974  0.2656E-21  0.3300E-22  0.4794E-22  0.2472E-22  0.9713E-22  0.3407E-21  0.7836E-23  0.9426E-23  0.5322E-23
    -19.939  0.1389E-20  0.1726E-21  0.2507E-21  0.1293E-21  0.5079E-21  0.1782E-20  0.4098E-22  0.4929E-22  0.2783E-22
    -19.903  0.6817E-20  0.8471E-21  0.1231E-20  0.6346E-21  0.2493E-20  0.8745E-20  0.2012E-21  0.2420E-21  0.1366E-21
    -19.867  0.3141E-19  0.3903E-20  0.5671E-20  0.2924E-20  0.1149E-19  0.4029E-19  0.9268E-21  0.1115E-20  0.6294E-21
    -19.832  0.1359E-18  0.1688E-19  0.2453E-19  0.1265E-19  0.4969E-19  0.1743E-18  0.4009E-20  0.4822E-20  0.2722E-20
    -19.796  0.5516E-18  0.6854E-19  0.9957E-19  0.5135E-19  0.2017E-18  0.7075E-18  0.1627E-19  0.1958E-19  0.1105E-19
    -19.760  0.2102E-17  0.2612E-18  0.3795E-18  0.1957E-18  0.7687E-18  0.2696E-17  0.6202E-19  0.7461E-19  0.4212E-19
    -19.725  0.7519E-17  0.9344E-18  0.1357E-17  0.7000E-18  0.2750E-17  0.9646E-17  0.2219E-18  0.2669E-18  0.1507E-18
    -19.689  0.2525E-16  0.3138E-17  0.4558E-17  0.2351E-17  0.9234E-17  0.3239E-16  0.7450E-18  0.8962E-18  0.5060E-18
    -19.653  0.7959E-16  0.9890E-17  0.1437E-16  0.7409E-17  0.2911E-16  0.1021E-15  0.2348E-17  0.2825E-17  0.1595E-17
    -19.618  0.2355E-15  0.2926E-16  0.4251E-16  0.2192E-16  0.8612E-16  0.3021E-15  0.6948E-17  0.8358E-17  0.4719E-17
    -19.582  0.6540E-15  0.8127E-16  0.1181E-15  0.6089E-16  0.2392E-15  0.8390E-15  0.1930E-16  0.2321E-16  0.1311E-16
    -19.546  0.1705E-14  0.2119E-15  0.3078E-15  0.1587E-15  0.6236E-15  0.2187E-14  0.5031E-16  0.6052E-16  0.3417E-16
    -19.511  0.4173E-14  0.5185E-15  0.7533E-15  0.3885E-15  0.1526E-14  0.5353E-14  0.1231E-15  0.1481E-15  0.8362E-16
    -19.475  0.9586E-14  0.1191E-14  0.1731E-14  0.8924E-15  0.3506E-14  0.1230E-13  0.2828E-15  0.3402E-15  0.1921E-15
    -19.439  0.2067E-13  0.2569E-14  0.3732E-14  0.1924E-14  0.7560E-14  0.2652E-13  0.6099E-15  0.7337E-15  0.4142E-15
    -19.404  0.4184E-13  0.5200E-14  0.7554E-14  0.3895E-14  0.1530E-13  0.5368E-13  0.1235E-14  0.1485E-14  0.8385E-15
    -19.368  0.7951E-13  0.9880E-14  0.1435E-13  0.7402E-14  0.2908E-13  0.1020E-12  0.2346E-14  0.2822E-14  0.1593E-14
    -19.332  0.1418E-12  0.1762E-13  0.2560E-13  0.1320E-13  0.5187E-13  0.1819E-12  0.4185E-14  0.5034E-14  0.2842E-14
    -19.297  0.2375E-12  0.2951E-13  0.4287E-13  0.2211E-13  0.8684E-13  0.3046E-12  0.7006E-14  0.8428E-14  0.4758E-14
    -19.261  0.3732E-12  0.4638E-13  0.6737E-13  0.3474E-13  0.1365E-12  0.4787E-12  0.1101E-13  0.1325E-13  0.7478E-14
    -19.225  0.5506E-12  0.6842E-13  0.9940E-13  0.5126E-13  0.2014E-12  0.7063E-12  0.1625E-13  0.1954E-13  0.1103E-13
    -19.190  0.7626E-12  0.9476E-13  0.1377E-12  0.7099E-13  0.2789E-12  0.9782E-12  0.2250E-13  0.2707E-13  0.1528E-13
    -19.154  0.9914E-12  0.1232E-12  0.1790E-12  0.9229E-13  0.3626E-12  0.1272E-11  0.2925E-13  0.3519E-13  0.1987E-13
    -19.118  0.1210E-11  0.1503E-12  0.2184E-12  0.1126E-12  0.4425E-12  0.1552E-11  0.3570E-13  0.4294E-13  0.2424E-13
    -19.083  0.1386E-11  0.1722E-12  0.2502E-12  0.1290E-12  0.5069E-12  0.1778E-11  0.4089E-13  0.4919E-13  0.2777E-13
    -19.047  0.1490E-11  0.1852E-12  0.2690E-12  0.1387E-12  0.5451E-12  0.1912E-11  0.4398E-13  0.5290E-13  0.2986E-13
    -19.011  0.1504E-11  0.1869E-12  0.2716E-12  0.1401E-12  0.5502E-12  0.1930E-11  0.4439E-13  0.5340E-13  0.3015E-13
    -18.976  0.1426E-11  0.1771E-12  0.2573E-12  0.1327E-12  0.5214E-12  0.1829E-11  0.4206E-13  0.5060E-13  0.2857E-13
    -18.940  0.1268E-11  0.1576E-12  0.2289E-12  0.1180E-12  0.4637E-12  0.1627E-11  0.3741E-13  0.4501E-13  0.2541E-13
    -18.904  0.1059E-11  0.1316E-12  0.1911E-12  0.9856E-13  0.3872E-12  0.1358E-11  0.3124E-13  0.3758E-13  0.2122E-13
    -18.869  0.8298E-12  0.1031E-12  0.1498E-12  0.7725E-13  0.3035E-12  0.1064E-11  0.2449E-13  0.2945E-13  0.1663E-13
    -18.833  0.6106E-12  0.7587E-13  0.1102E-12  0.5684E-13  0.2233E-12  0.7832E-12  0.1802E-13  0.2167E-13  0.1223E-13
    -18.797  0.4217E-12  0.5240E-13  0.7612E-13  0.3926E-13  0.1542E-12  0.5409E-12  0.1244E-13  0.1497E-13  0.8450E-14
    -18.762  0.2734E-12  0.3397E-13  0.4935E-13  0.2545E-13  0.9998E-13  0.3507E-12  0.8067E-14  0.9704E-14  0.5478E-14
    -18.726  0.1664E-12  0.2067E-13  0.3004E-13  0.1549E-13  0.6085E-13  0.2134E-12  0.4909E-14  0.5905E-14  0.3334E-14
    -18.690  0.9505E-13  0.1181E-13  0.1716E-13  0.8848E-14  0.3476E-13  0.1219E-12  0.2805E-14  0.3374E-14  0.1905E-14
    -18.655  0.5097E-13  0.6334E-14  0.9201E-14  0.4745E-14  0.1864E-13  0.6538E-13  0.1504E-14  0.1809E-14  0.1021E-14
    -18.619  0.2566E-13  0.3188E-14  0.4632E-14  0.2389E-14  0.9384E-14  0.3291E-13  0.7571E-15  0.9107E-15  0.5141E-15
    -18.583  0.1212E-13  0.1507E-14  0.2189E-14  0.1129E-14  0.4434E-14  0.1555E-13  0.3577E-15  0.4303E-15  0.2429E-15
    -18.548  0.5378E-14  0.6683E-15  0.9708E-15  0.5006E-15  0.1967E-14  0.6898E-14  0.1587E-15  0.1909E-15  0.1078E-15
    -18.512  0.2239E-14  0.2782E-15  0.4042E-15  0.2084E-15  0.8189E-15  0.2872E-14  0.6607E-16  0.7948E-16  0.4487E-16
    -18.476  0.8751E-15  0.1087E-15  0.1580E-15  0.8147E-16  0.3201E-15  0.1123E-14  0.2582E-16  0.3106E-16  0.1754E-16
    -18.441  0.3211E-15  0.3990E-16  0.5796E-16  0.2989E-16  0.1174E-15  0.4119E-15  0.9474E-17  0.1140E-16  0.6434E-17
    -18.405  0.1106E-15  0.1374E-16  0.1996E-16  0.1029E-16  0.4044E-16  0.1418E-15  0.3263E-17  0.3925E-17  0.2216E-17
    -18.369  0.3575E-16  0.4442E-17  0.6453E-17  0.3328E-17  0.1307E-16  0.4585E-16  0.1055E-17  0.1269E-17  0.7163E-18
    -18.334  0.1085E-16  0.1348E-17  0.1958E-17  0.1010E-17  0.3967E-17  0.1391E-16  0.3201E-18  0.3850E-18  0.2174E-18
    -18.298  0.3091E-17  0.3840E-18  0.5579E-18  0.2877E-18  0.1130E-17  0.3964E-17  0.9118E-19  0.1098E-18  0.6199E-19
    -18.262  0.8300E-18  0.1029E-18  0.1496E-18  0.7709E-19  0.3034E-18  0.1060E-17  0.2443E-19  0.2999E-19  0.1698E-19
    -18.227  0.2273E-18  0.2719E-19  0.3954E-19  0.2025E-19  0.8217E-19  0.2681E-18  0.6387E-20  0.1080E-19  0.6365E-20
    -18.191  0.1455E-18  0.1299E-19  0.1905E-19  0.9130E-20  0.4860E-19  0.7284E-19  0.2745E-20  0.1843E-19  0.1171E-19
    -18.156  0.4510E-18  0.3288E-19  0.4855E-19  0.2188E-19  0.1440E-18  0.6023E-19  0.6259E-20  0.7648E-19  0.4909E-19
    -18.120  0.1885E-17  0.1352E-18  0.1997E-18  0.8951E-19  0.5998E-18  0.2012E-18  0.2547E-19  0.3255E-18  0.2091E-18
    -18.084  0.7558E-17  0.5415E-18  0.8002E-18  0.3585E-18  0.2405E-17  0.7968E-18  0.1020E-18  0.1307E-17  0.8392E-18
    -18.049  0.2848E-16  0.2041E-17  0.3015E-17  0.1351E-17  0.9063E-17  0.3001E-17  0.3844E-18  0.4924E-17  0.3163E-17
    -18.013  0.1008E-15  0.7218E-17  0.1067E-16  0.4779E-17  0.3206E-16  0.1061E-16  0.1360E-17  0.1742E-16  0.1119E-16
    -17.977  0.3345E-15  0.2397E-16  0.3542E-16  0.1587E-16  0.1065E-15  0.3525E-16  0.4515E-17  0.5784E-16  0.3715E-16
    -17.942  0.1043E-14  0.7471E-16  0.1104E-15  0.4946E-16  0.3318E-15  0.1099E-15  0.1407E-16  0.1803E-15  0.1158E-15
    -17.906  0.3051E-14  0.2186E-15  0.3230E-15  0.1447E-15  0.9708E-15  0.3214E-15  0.4118E-16  0.5275E-15  0.3388E-15
    -17.870  0.8379E-14  0.6004E-15  0.8871E-15  0.3975E-15  0.2666E-14  0.8828E-15  0.1131E-15  0.1449E-14  0.9305E-15
    -17.835  0.2160E-13  0.1548E-14  0.2287E-14  0.1025E-14  0.6874E-14  0.2276E-14  0.2916E-15  0.3735E-14  0.2399E-14
    -17.799  0.5228E-13  0.3746E-14  0.5535E-14  0.2480E-14  0.1663E-13  0.5508E-14  0.7056E-15  0.9038E-14  0.5805E-14
    -17.763  0.1188E-12  0.8509E-14  0.1257E-13  0.5634E-14  0.3779E-13  0.1251E-13  0.1603E-14  0.2053E-13  0.1319E-13
    -17.728  0.2533E-12  0.1814E-13  0.2681E-13  0.1201E-13  0.8058E-13  0.2668E-13  0.3418E-14  0.4378E-13  0.2812E-13
    -17.692  0.5069E-12  0.3632E-13  0.5367E-13  0.2405E-13  0.1613E-12  0.5341E-13  0.6842E-14  0.8764E-13  0.5629E-13
    -17.656  0.9525E-12  0.6825E-13  0.1008E-12  0.4518E-13  0.3031E-12  0.1004E-12  0.1286E-13  0.1647E-12  0.1058E-12
    -17.621  0.1680E-11  0.1204E-12  0.1779E-12  0.7970E-13  0.5346E-12  0.1770E-12  0.2268E-13  0.2905E-12  0.1866E-12
    -17.585  0.2782E-11  0.1993E-12  0.2945E-12  0.1320E-12  0.8851E-12  0.2931E-12  0.3754E-13  0.4809E-12  0.3089E-12
    -17.549  0.4323E-11  0.3098E-12  0.4577E-12  0.2051E-12  0.1376E-11  0.4555E-12  0.5835E-13  0.7474E-12  0.4801E-12
    -17.514  0.6308E-11  0.4519E-12  0.6678E-12  0.2992E-12  0.2007E-11  0.6645E-12  0.8513E-13  0.1090E-11  0.7004E-12
    -17.478  0.8639E-11  0.6189E-12  0.9145E-12  0.4098E-12  0.2749E-11  0.9101E-12  0.1166E-12  0.1493E-11  0.9592E-12
    -17.442  0.1111E-10  0.7957E-12  0.1176E-11  0.5268E-12  0.3534E-11  0.1170E-11  0.1499E-12  0.1920E-11  0.1233E-11
    -17.407  0.1340E-10  0.9602E-12  0.1419E-11  0.6357E-12  0.4264E-11  0.1412E-11  0.1809E-12  0.2317E-11  0.1488E-11
    -17.371  0.1518E-10  0.1088E-11  0.1607E-11  0.7202E-12  0.4831E-11  0.1600E-11  0.2049E-12  0.2625E-11  0.1686E-11
    -17.335  0.1614E-10  0.1157E-11  0.1709E-11  0.7658E-12  0.5137E-11  0.1701E-11  0.2179E-12  0.2791E-11  0.1793E-11
    -17.300  0.1612E-10  0.1155E-11  0.1706E-11  0.7644E-12  0.5128E-11  0.1698E-11  0.2175E-12  0.2786E-11  0.1789E-11
    -17.264  0.1510E-10  0.1082E-11  0.1599E-11  0.7163E-12  0.4805E-11  0.1591E-11  0.2038E-12  0.2611E-11  0.1677E-11
    -17.228  0.1328E-10  0.9516E-12  0.1406E-11  0.6301E-12  0.4226E-11  0.1399E-11  0.1793E-12  0.2296E-11  0.1475E-11
    -17.193  0.1097E-10  0.7857E-12  0.1161E-11  0.5202E-12  0.3490E-11  0.1155E-11  0.1480E-12  0.1896E-11  0.1218E-11
    -17.157  0.8500E-11  0.6090E-12  0.8999E-12  0.4032E-12  0.2705E-11  0.8955E-12  0.1147E-12  0.1470E-11  0.9439E-12
    -17.121  0.6184E-11  0.4431E-12  0.6547E-12  0.2934E-12  0.1968E-11  0.6516E-12  0.8347E-13  0.1069E-11  0.6867E-12
    -17.086  0.4224E-11  0.3026E-12  0.4472E-12  0.2004E-12  0.1344E-11  0.4450E-12  0.5701E-13  0.7302E-12  0.4690E-12
    -17.050  0.2708E-11  0.1940E-12  0.2867E-12  0.1284E-12  0.8616E-12  0.2853E-12  0.3655E-13  0.4681E-12  0.3007E-12
    -17.014  0.1630E-11  0.1168E-12  0.1725E-12  0.7730E-13  0.5185E-12  0.1717E-12  0.2199E-13  0.2817E-12  0.1810E-12
    -16.979  0.9206E-12  0.6596E-13  0.9746E-13  0.4367E-13  0.2929E-12  0.9699E-13  0.1242E-13  0.1592E-12  0.1022E-12
    -16.943  0.4882E-12  0.3498E-13  0.5168E-13  0.2316E-13  0.1553E-12  0.5143E-13  0.6589E-14  0.8440E-13  0.5421E-13
    -16.907  0.2430E-12  0.1741E-13  0.2573E-13  0.1153E-13  0.7732E-13  0.2560E-13  0.3280E-14  0.4201E-13  0.2698E-13
    -16.872  0.1136E-12  0.8136E-14  0.1202E-13  0.5386E-14  0.3613E-13  0.1196E-13  0.1533E-14  0.1963E-13  0.1261E-13
    -16.836  0.4981E-13  0.3568E-14  0.5273E-14  0.2363E-14  0.1585E-13  0.5247E-14  0.6722E-15  0.8611E-14  0.5531E-14
    -16.800  0.2051E-13  0.1469E-14  0.2171E-14  0.9728E-15  0.6525E-14  0.2161E-14  0.2768E-15  0.3545E-14  0.2277E-14
    -16.765  0.7926E-14  0.5679E-15  0.8391E-15  0.3760E-15  0.2522E-14  0.8350E-15  0.1070E-15  0.1370E-14  0.8801E-15
    -16.729  0.2876E-14  0.2060E-15  0.3044E-15  0.1364E-15  0.9150E-15  0.3030E-15  0.3881E-16  0.4971E-15  0.3193E-15
    -16.693  0.9793E-15  0.7016E-16  0.1037E-15  0.4645E-16  0.3116E-15  0.1032E-15  0.1322E-16  0.1693E-15  0.1087E-15
    -16.658  0.3131E-15  0.2243E-16  0.3314E-16  0.1485E-16  0.9961E-16  0.3298E-16  0.4225E-17  0.5412E-16  0.3476E-16
    -16.622  0.9394E-16  0.6731E-17  0.9945E-17  0.4456E-17  0.2989E-16  0.9897E-17  0.1268E-17  0.1624E-16  0.1043E-16
    -16.586  0.2646E-16  0.1896E-17  0.2801E-17  0.1255E-17  0.8420E-17  0.2788E-17  0.3571E-18  0.4575E-17  0.2938E-17
    -16.551  0.6996E-17  0.5013E-18  0.7407E-18  0.3319E-18  0.2226E-17  0.7371E-18  0.9443E-19  0.1210E-17  0.7769E-18
    -16.515  0.1736E-17  0.1244E-18  0.1838E-18  0.8237E-19  0.5525E-18  0.1829E-18  0.2344E-19  0.3002E-18  0.1928E-18
    -16.479  0.4045E-18  0.2898E-19  0.4283E-19  0.1919E-19  0.1287E-18  0.4262E-19  0.5460E-20  0.6994E-19  0.4492E-19
    -16.444  0.8847E-19  0.6338E-20  0.9366E-20  0.4197E-20  0.2815E-19  0.9321E-20  0.1194E-20  0.1529E-19  0.9824E-20
    -16.408  0.1816E-19  0.1301E-20  0.1923E-20  0.8614E-21  0.5778E-20  0.1913E-20  0.2451E-21  0.3140E-20  0.2017E-20
    -16.372  0.3499E-20  0.2507E-21  0.3705E-21  0.1660E-21  0.1113E-20  0.3687E-21  0.4723E-22  0.6049E-21  0.3886E-21
    -16.337  0.6329E-21  0.4534E-22  0.6700E-22  0.3002E-22  0.2014E-21  0.6668E-22  0.8542E-23  0.1094E-21  0.7028E-22
    -16.301  0.1075E-21  0.7699E-23  0.1138E-22  0.5097E-23  0.3419E-22  0.1132E-22  0.1450E-23  0.1858E-22  0.1193E-22
    -16.265  0.1711E-22  0.1226E-23  0.1811E-23  0.8116E-24  0.5444E-23  0.1803E-23  0.2309E-24  0.2958E-23  0.1900E-23
    -16.230  0.2573E-23  0.1843E-24  0.2724E-24  0.1220E-24  0.8186E-24  0.2710E-24  0.3472E-25  0.4448E-24  0.2857E-24
    -16.194  0.3598E-24  0.2578E-25  0.3809E-25  0.1707E-25  0.1145E-24  0.3791E-25  0.4856E-26  0.6220E-25  0.3995E-25
    -16.158  0.5397E-25  0.3867E-26  0.5714E-26  0.2560E-26  0.1717E-25  0.5686E-26  0.7284E-27  0.9331E-26  0.5993E-26
    -16.123  0.1503E-24  0.1578E-26  0.3092E-25  0.7319E-26  0.3444E-28  0.1176E-25  0.2494E-25  0.1108E-25  0.1670E-26
    -16.087  0.9517E-24  0.9996E-26  0.1958E-24  0.4636E-25  0.2181E-27  0.7446E-25  0.1579E-24  0.7018E-25  0.1058E-25
    -16.051  0.6963E-23  0.7313E-25  0.1433E-23  0.3391E-24  0.1596E-26  0.5447E-24  0.1155E-23  0.5134E-24  0.7737E-25
    -16.016  0.4784E-22  0.5024E-24  0.9843E-23  0.2330E-23  0.1096E-25  0.3742E-23  0.7939E-23  0.3527E-23  0.5316E-24
    -15.980  0.3070E-21  0.3224E-23  0.6317E-22  0.1495E-22  0.7035E-25  0.2402E-22  0.5095E-22  0.2264E-22  0.3412E-23
    -15.944  0.1851E-20  0.1944E-22  0.3808E-21  0.9016E-22  0.4242E-24  0.1448E-21  0.3072E-21  0.1365E-21  0.2057E-22
    -15.909  0.1047E-19  0.1100E-21  0.2155E-20  0.5102E-21  0.2400E-23  0.8194E-21  0.1738E-20  0.7723E-21  0.1164E-21
    -15.873  0.5564E-19  0.5844E-21  0.1145E-19  0.2710E-20  0.1275E-22  0.4353E-20  0.9234E-20  0.4103E-20  0.6183E-21
    -15.838  0.2774E-18  0.2914E-20  0.5708E-19  0.1351E-19  0.6358E-22  0.2170E-19  0.4604E-19  0.2046E-19  0.3083E-20
    -15.802  0.1298E-17  0.1364E-19  0.2672E-18  0.6324E-19  0.2976E-21  0.1016E-18  0.2155E-18  0.9574E-19  0.1443E-19
    -15.766  0.5704E-17  0.5991E-19  0.1174E-17  0.2778E-18  0.1307E-20  0.4463E-18  0.9467E-18  0.4206E-18  0.6339E-19
    -15.731  0.2352E-16  0.2471E-18  0.4840E-17  0.1146E-17  0.5391E-20  0.1840E-17  0.3904E-17  0.1735E-17  0.2614E-18
    -15.695  0.9106E-16  0.9564E-18  0.1874E-16  0.4435E-17  0.2087E-19  0.7124E-17  0.1511E-16  0.6715E-17  0.1012E-17
    -15.659  0.3309E-15  0.3475E-17  0.6808E-16  0.1612E-16  0.7583E-19  0.2589E-16  0.5491E-16  0.2440E-16  0.3677E-17
    -15.624  0.1129E-14  0.1185E-16  0.2322E-15  0.5497E-16  0.2586E-18  0.8829E-16  0.1873E-15  0.8322E-16  0.1254E-16
    -15.588  0.3613E-14  0.3795E-16  0.7435E-15  0.1760E-15  0.8281E-18  0.2827E-15  0.5997E-15  0.2664E-15  0.4016E-16
    -15.552  0.1086E-13  0.1141E-15  0.2235E-14  0.5290E-15  0.2489E-17  0.8496E-15  0.1802E-14  0.8008E-15  0.1207E-15
    -15.517  0.3064E-13  0.3218E-15  0.6304E-14  0.1492E-14  0.7021E-17  0.2397E-14  0.5084E-14  0.2259E-14  0.3405E-15
    -15.481  0.8113E-13  0.8521E-15  0.1669E-13  0.3952E-14  0.1859E-16  0.6347E-14  0.1346E-13  0.5983E-14  0.9016E-15
    -15.445  0.2017E-12  0.2118E-14  0.4150E-13  0.9824E-14  0.4622E-16  0.1578E-13  0.3347E-13  0.1487E-13  0.2241E-14
    -15.410  0.4706E-12  0.4943E-14  0.9683E-13  0.2292E-13  0.1078E-15  0.3682E-13  0.7810E-13  0.3470E-13  0.5230E-14
    -15.374  0.1031E-11  0.1083E-13  0.2121E-12  0.5021E-13  0.2362E-15  0.8065E-13  0.1711E-12  0.7601E-13  0.1146E-13
    -15.338  0.2120E-11  0.2226E-13  0.4361E-12  0.1032E-12  0.4857E-15  0.1658E-12  0.3517E-12  0.1563E-12  0.2355E-13
    -15.303  0.4091E-11  0.4297E-13  0.8417E-12  0.1993E-12  0.9375E-15  0.3200E-12  0.6789E-12  0.3017E-12  0.4546E-13
    -15.267  0.7412E-11  0.7784E-13  0.1525E-11  0.3610E-12  0.1699E-14  0.5798E-12  0.1230E-11  0.5465E-12  0.8237E-13
    -15.231  0.1261E-10  0.1324E-12  0.2594E-11  0.6140E-12  0.2889E-14  0.9862E-12  0.2092E-11  0.9295E-12  0.1401E-12
    -15.196  0.2012E-10  0.2114E-12  0.4141E-11  0.9802E-12  0.4612E-14  0.1574E-11  0.3340E-11  0.1484E-11  0.2236E-12
    -15.160  0.3016E-10  0.3167E-12  0.6205E-11  0.1469E-11  0.6911E-14  0.2359E-11  0.5005E-11  0.2224E-11  0.3351E-12
    -15.124  0.4243E-10  0.4456E-12  0.8729E-11  0.2066E-11  0.9722E-14  0.3319E-11  0.7041E-11  0.3128E-11  0.4715E-12
    -15.089  0.5602E-10  0.5884E-12  0.1153E-10  0.2729E-11  0.1284E-13  0.4383E-11  0.9297E-11  0.4131E-11  0.6226E-12
    -15.053  0.6945E-10  0.7294E-12  0.1429E-10  0.3383E-11  0.1591E-13  0.5433E-11  0.1153E-10  0.5121E-11  0.7718E-12
    -15.017  0.8081E-10  0.8487E-12  0.1663E-10  0.3936E-11  0.1852E-13  0.6322E-11  0.1341E-10  0.5959E-11  0.8980E-12
    -14.982  0.8827E-10  0.9270E-12  0.1816E-10  0.4299E-11  0.2023E-13  0.6905E-11  0.1465E-10  0.6509E-11  0.9809E-12
    -14.946  0.9050E-10  0.9505E-12  0.1862E-10  0.4408E-11  0.2074E-13  0.7080E-11  0.1502E-10  0.6673E-11  0.1006E-11
    -14.910  0.8711E-10  0.9149E-12  0.1792E-10  0.4243E-11  0.1996E-13  0.6815E-11  0.1446E-10  0.6423E-11  0.9680E-12
    -14.875  0.7870E-10  0.8266E-12  0.1619E-10  0.3834E-11  0.1804E-13  0.6157E-11  0.1306E-10  0.5803E-11  0.8746E-12
    -14.839  0.6675E-10  0.7011E-12  0.1373E-10  0.3251E-11  0.1530E-13  0.5222E-11  0.1108E-10  0.4922E-11  0.7418E-12
    -14.803  0.5314E-10  0.5581E-12  0.1093E-10  0.2589E-11  0.1218E-13  0.4158E-11  0.8819E-11  0.3919E-11  0.5906E-12
    -14.768  0.3972E-10  0.4171E-12  0.8172E-11  0.1935E-11  0.9102E-14  0.3107E-11  0.6591E-11  0.2929E-11  0.4414E-12
    -14.732  0.2786E-10  0.2926E-12  0.5733E-11  0.1357E-11  0.6385E-14  0.2180E-11  0.4624E-11  0.2054E-11  0.3096E-12
    -14.696  0.1835E-10  0.1927E-12  0.3775E-11  0.8937E-12  0.4205E-14  0.1435E-11  0.3045E-11  0.1353E-11  0.2039E-12
    -14.661  0.1134E-10  0.1191E-12  0.2334E-11  0.5525E-12  0.2599E-14  0.8873E-12  0.1882E-11  0.8364E-12  0.1260E-12
    -14.625  0.6582E-11  0.6913E-13  0.1354E-11  0.3206E-12  0.1508E-14  0.5149E-12  0.1092E-11  0.4853E-12  0.7314E-13
    -14.589  0.3585E-11  0.3765E-13  0.7377E-12  0.1746E-12  0.8216E-15  0.2805E-12  0.5950E-12  0.2644E-12  0.3984E-13
    -14.554  0.1833E-11  0.1925E-13  0.3772E-12  0.8929E-13  0.4201E-15  0.1434E-12  0.3042E-12  0.1352E-12  0.2037E-13
    -14.518  0.8799E-12  0.9241E-14  0.1810E-12  0.4286E-13  0.2017E-15  0.6883E-13  0.1460E-12  0.6488E-13  0.9778E-14
    -14.482  0.3964E-12  0.4166E-14  0.8157E-13  0.1931E-13  0.9110E-16  0.3101E-13  0.6579E-13  0.2923E-13  0.4406E-14
    -14.447  0.1678E-12  0.1772E-14  0.3450E-13  0.8168E-14  0.3953E-16  0.1312E-13  0.2783E-13  0.1236E-13  0.1866E-14
    -14.411  0.6698E-13  0.7451E-15  0.1371E-13  0.3249E-14  0.1984E-16  0.5214E-14  0.1107E-13  0.4909E-14  0.7496E-15
    -14.375  0.2643E-13  0.4390E-15  0.5143E-14  0.1234E-14  0.2345E-16  0.1967E-14  0.4212E-14  0.1834E-14  0.3141E-15
    -14.340  0.1461E-13  0.7405E-15  0.1927E-14  0.5151E-15  0.6665E-16  0.7745E-15  0.1789E-14  0.6574E-15  0.2362E-15
    -14.304  0.2311E-13  0.2248E-14  0.1070E-14  0.4546E-15  0.2216E-15  0.5498E-15  0.1664E-14  0.2700E-15  0.5091E-15
    -14.268  0.6585E-13  0.7124E-14  0.1732E-14  0.1055E-14  0.7086E-15  0.1117E-14  0.3966E-14  0.2569E-15  0.1541E-14
    -14.233  0.1958E-12  0.2142E-13  0.4723E-14  0.3061E-14  0.2132E-14  0.3176E-14  0.1154E-13  0.5972E-15  0.4611E-14
    -14.197  0.5527E-12  0.6051E-13  0.1321E-13  0.8617E-14  0.6025E-14  0.8922E-14  0.3251E-13  0.1640E-14  0.1302E-13
    -14.161  0.1466E-11  0.1605E-12  0.3501E-13  0.2285E-13  0.1598E-13  0.2365E-13  0.8620E-13  0.4337E-14  0.3454E-13
    -14.126  0.3649E-11  0.3996E-12  0.8715E-13  0.5688E-13  0.3979E-13  0.5889E-13  0.2146E-12  0.1079E-13  0.8600E-13
    -14.090  0.8529E-11  0.9340E-12  0.2037E-12  0.1329E-12  0.9300E-13  0.1376E-12  0.5016E-12  0.2523E-13  0.2010E-12
    -14.054  0.1871E-10  0.2049E-11  0.4469E-12  0.2917E-12  0.2040E-12  0.3019E-12  0.1100E-11  0.5535E-13  0.4409E-12
    -14.019  0.3854E-10  0.4220E-11  0.9203E-12  0.6007E-12  0.4202E-12  0.6218E-12  0.2266E-11  0.1140E-12  0.9081E-12
    -13.983  0.7449E-10  0.8157E-11  0.1779E-11  0.1161E-11  0.8122E-12  0.1202E-11  0.4381E-11  0.2203E-12  0.1755E-11
    -13.947  0.1352E-09  0.1480E-10  0.3228E-11  0.2107E-11  0.1474E-11  0.2181E-11  0.7949E-11  0.3998E-12  0.3185E-11
    -13.912  0.2303E-09  0.2521E-10  0.5499E-11  0.3589E-11  0.2511E-11  0.3715E-11  0.1354E-10  0.6811E-12  0.5426E-11
    -13.876  0.3682E-09  0.4032E-10  0.8793E-11  0.5739E-11  0.4015E-11  0.5941E-11  0.2165E-10  0.1089E-11  0.8676E-11
    -13.840  0.5527E-09  0.6052E-10  0.1320E-10  0.8614E-11  0.6026E-11  0.8917E-11  0.3250E-10  0.1635E-11  0.1302E-10
    -13.805  0.7787E-09  0.8527E-10  0.1860E-10  0.1214E-10  0.8490E-11  0.1256E-10  0.4579E-10  0.2303E-11  0.1835E-10
    -13.769  0.1030E-08  0.1128E-09  0.2460E-10  0.1605E-10  0.1123E-10  0.1662E-10  0.6056E-10  0.3046E-11  0.2427E-10
    -13.733  0.1279E-08  0.1400E-09  0.3054E-10  0.1993E-10  0.1394E-10  0.2063E-10  0.7519E-10  0.3782E-11  0.3013E-10
    -13.698  0.1490E-08  0.1632E-09  0.3559E-10  0.2323E-10  0.1625E-10  0.2405E-10  0.8763E-10  0.4408E-11  0.3512E-10
    -13.662  0.1630E-08  0.1785E-09  0.3894E-10  0.2541E-10  0.1778E-10  0.2631E-10  0.9587E-10  0.4822E-11  0.3842E-10
    -13.626  0.1674E-08  0.1833E-09  0.3999E-10  0.2610E-10  0.1826E-10  0.2702E-10  0.9846E-10  0.4952E-11  0.3946E-10
    -13.591  0.1614E-08  0.1767E-09  0.3855E-10  0.2516E-10  0.1760E-10  0.2604E-10  0.9492E-10  0.4774E-11  0.3804E-10
    -13.555  0.1461E-08  0.1599E-09  0.3488E-10  0.2277E-10  0.1593E-10  0.2357E-10  0.8589E-10  0.4320E-11  0.3442E-10
    -13.520  0.1241E-08  0.1359E-09  0.2963E-10  0.1934E-10  0.1353E-10  0.2002E-10  0.7296E-10  0.3670E-11  0.2924E-10
    -13.484  0.9894E-09  0.1083E-09  0.2363E-10  0.1542E-10  0.1079E-10  0.1596E-10  0.5818E-10  0.2927E-11  0.2331E-10
    -13.448  0.7406E-09  0.8110E-10  0.1769E-10  0.1154E-10  0.8075E-11  0.1195E-10  0.4355E-10  0.2191E-11  0.1745E-10
    -13.413  0.5204E-09  0.5698E-10  0.1243E-10  0.8111E-11  0.5674E-11  0.8397E-11  0.3060E-10  0.1539E-11  0.1226E-10
    -13.377  0.3432E-09  0.3758E-10  0.8197E-11  0.5350E-11  0.3742E-11  0.5538E-11  0.2018E-10  0.1015E-11  0.8088E-11
    -13.341  0.2125E-09  0.2327E-10  0.5075E-11  0.3312E-11  0.2317E-11  0.3429E-11  0.1250E-10  0.6286E-12  0.5008E-11
    -13.306  0.1235E-09  0.1352E-10  0.2950E-11  0.1925E-11  0.1347E-11  0.1993E-11  0.7263E-11  0.3653E-12  0.2910E-11
    -13.270  0.6739E-10  0.7379E-11  0.1609E-11  0.1050E-11  0.7347E-12  0.1087E-11  0.3963E-11  0.1993E-12  0.1588E-11
    -13.234  0.3451E-10  0.3779E-11  0.8241E-12  0.5379E-12  0.3763E-12  0.5568E-12  0.2029E-11  0.1021E-12  0.8132E-12
    -13.199  0.1659E-10  0.1817E-11  0.3962E-12  0.2586E-12  0.1809E-12  0.2677E-12  0.9756E-12  0.4907E-13  0.3909E-12
    -13.163  0.7487E-11  0.8198E-12  0.1788E-12  0.1167E-12  0.8163E-13  0.1208E-12  0.4402E-12  0.2214E-13  0.1764E-12
    -13.127  0.3171E-11  0.3473E-12  0.7573E-13  0.4943E-13  0.3458E-13  0.5117E-13  0.1865E-12  0.9380E-14  0.7473E-13
    -13.092  0.1262E-11  0.1381E-12  0.3012E-13  0.1966E-13  0.1375E-13  0.2035E-13  0.7416E-13  0.3730E-14  0.2972E-13
    -13.056  0.4737E-12  0.5163E-13  0.1128E-13  0.7356E-14  0.5152E-14  0.7625E-14  0.2774E-13  0.1395E-14  0.1110E-13
    -13.020  0.1798E-12  0.1850E-13  0.4145E-14  0.2669E-14  0.1899E-14  0.2811E-14  0.1001E-13  0.5036E-15  0.3953E-14
    -12.985  0.1241E-12  0.8021E-14  0.2267E-14  0.1307E-14  0.1066E-14  0.1579E-14  0.4679E-14  0.2348E-15  0.1593E-14
    -12.949  0.3248E-12  0.1100E-13  0.4677E-14  0.2293E-14  0.2274E-14  0.3371E-14  0.7556E-14  0.3770E-15  0.1783E-14
    -12.913  0.1281E-11  0.3842E-13  0.1779E-13  0.8480E-14  0.8705E-14  0.1290E-13  0.2753E-13  0.1369E-14  0.5857E-14
    -12.878  0.4974E-11  0.1472E-12  0.6862E-13  0.3266E-13  0.3365E-13  0.4977E-13  0.1064E-12  0.5267E-14  0.2234E-13
    -12.842  0.1823E-10  0.5355E-12  0.2498E-12  0.1191E-12  0.1229E-12  0.1812E-12  0.3906E-12  0.1921E-13  0.8145E-13
    -12.806  0.6305E-10  0.1831E-11  0.8539E-12  0.4086E-12  0.4222E-12  0.6200E-12  0.1355E-11  0.6593E-13  0.2796E-12
    -12.771  0.2063E-09  0.5879E-11  0.2740E-11  0.1319E-11  0.1367E-11  0.1992E-11  0.4461E-11  0.2130E-12  0.9034E-12
    -12.735  0.6417E-09  0.1772E-10  0.8254E-11  0.4010E-11  0.4181E-11  0.6010E-11  0.1401E-10  0.6488E-12  0.2753E-11
    -12.699  0.1913E-08  0.5018E-10  0.2334E-10  0.1152E-10  0.1213E-10  0.1705E-10  0.4240E-10  0.1869E-11  0.7940E-11
    -12.664  0.5523E-08  0.1335E-09  0.6195E-10  0.3143E-10  0.3356E-10  0.4549E-10  0.1251E-09  0.5121E-11  0.2178E-10
    -12.628  0.1566E-07  0.3339E-09  0.1543E-09  0.8188E-10  0.8949E-10  0.1143E-09  0.3654E-09  0.1343E-10  0.5725E-10
    -12.592  0.4423E-07  0.7861E-09  0.3610E-09  0.2058E-09  0.2327E-09  0.2715E-09  0.1069E-08  0.3412E-10  0.1459E-09
    -12.557  0.1256E-06  0.1745E-08  0.7925E-09  0.5054E-09  0.5990E-09  0.6113E-09  0.3152E-08  0.8504E-10  0.3651E-09
    -12.521  0.3592E-06  0.3665E-08  0.1633E-08  0.1231E-08  0.1544E-08  0.1314E-08  0.9329E-08  0.2110E-09  0.9105E-09
    -12.485  0.1027E-05  0.7317E-08  0.3159E-08  0.3005E-08  0.4012E-08  0.2719E-08  0.2742E-07  0.5262E-09  0.2284E-08
    -12.450  0.2895E-05  0.1399E-07  0.5737E-08  0.7396E-08  0.1047E-07  0.5489E-08  0.7887E-07  0.1322E-08  0.5770E-08
    -12.414  0.7937E-05  0.2589E-07  0.9780E-08  0.1826E-07  0.2710E-07  0.1096E-07  0.2192E-06  0.3321E-08  0.1456E-07
    -12.378  0.2091E-04  0.4703E-07  0.1565E-07  0.4466E-07  0.6871E-07  0.2194E-07  0.5824E-06  0.8232E-08  0.3623E-07
    -12.343  0.5248E-04  0.8502E-07  0.2350E-07  0.1067E-06  0.1682E-06  0.4423E-07  0.1470E-05  0.1986E-07  0.8760E-07
    -12.307  0.1248E-03  0.1545E-06  0.3314E-07  0.2460E-06  0.3939E-06  0.8955E-07  0.3505E-05  0.4606E-07  0.2035E-06
    -12.271  0.2800E-03  0.2829E-06  0.4386E-07  0.5417E-06  0.8759E-06  0.1800E-06  0.7881E-05  0.1018E-06  0.4502E-06
    -12.236  0.5917E-03  0.5178E-06  0.5450E-07  0.1132E-05  0.1841E-05  0.3542E-06  0.1668E-04  0.2132E-06  0.9433E-06
    -12.200  0.1176E-02  0.9356E-06  0.6356E-07  0.2235E-05  0.3647E-05  0.6734E-06  0.3317E-04  0.4215E-06  0.1866E-05
    -12.164  0.2197E-02  0.1645E-05  0.6958E-07  0.4158E-05  0.6800E-05  0.1224E-05  0.6198E-04  0.7848E-06  0.3475E-05
    -12.129  0.3855E-02  0.2780E-05  0.7151E-07  0.7278E-05  0.1192E-04  0.2113E-05  0.1088E-03  0.1375E-05  0.6086E-05
    -12.093  0.6352E-02  0.4478E-05  0.6899E-07  0.1198E-04  0.1963E-04  0.3448E-05  0.1793E-03  0.2262E-05  0.1002E-04
    -12.057  0.9827E-02  0.6836E-05  0.6249E-07  0.1851E-04  0.3035E-04  0.5304E-05  0.2774E-03  0.3498E-05  0.1549E-04
    -12.022  0.1427E-01  0.9850E-05  0.5320E-07  0.2688E-04  0.4407E-04  0.7679E-05  0.4029E-03  0.5079E-05  0.2249E-04
    -11.986  0.1946E-01  0.1337E-04  0.4271E-07  0.3664E-04  0.6009E-04  0.1045E-04  0.5494E-03  0.6923E-05  0.3066E-04
    -11.950  0.2491E-01  0.1707E-04  0.3297E-07  0.4689E-04  0.7691E-04  0.1336E-04  0.7032E-03  0.8861E-05  0.3924E-04
    -11.915  0.2994E-01  0.2048E-04  0.2665E-07  0.5634E-04  0.9241E-04  0.1604E-04  0.8450E-03  0.1065E-04  0.4715E-04
    -11.879  0.3377E-01  0.2311E-04  0.2942E-07  0.6356E-04  0.1042E-03  0.1809E-04  0.9533E-03  0.1201E-04  0.5318E-04
    -11.843  0.3576E-01  0.2454E-04  0.5664E-07  0.6734E-04  0.1104E-03  0.1915E-04  0.1010E-02  0.1272E-04  0.5632E-04
    -11.808  0.3555E-01  0.2464E-04  0.1509E-06  0.6704E-04  0.1098E-03  0.1905E-04  0.1004E-02  0.1265E-04  0.5601E-04
    -11.772  0.3320E-01  0.2369E-04  0.4243E-06  0.6285E-04  0.1027E-03  0.1780E-04  0.9396E-03  0.1183E-04  0.5235E-04
    -11.736  0.2914E-01  0.2259E-04  0.1150E-05  0.5583E-04  0.9042E-04  0.1567E-04  0.8293E-03  0.1043E-04  0.4608E-04
    -11.701  0.2413E-01  0.2317E-04  0.2947E-05  0.4784E-04  0.7558E-04  0.1309E-04  0.6978E-03  0.8734E-05  0.3846E-04
    -11.665  0.1902E-01  0.2858E-04  0.7102E-05  0.4143E-04  0.6119E-04  0.1059E-04  0.5765E-03  0.7125E-05  0.3102E-04
    -11.629  0.1465E-01  0.4415E-04  0.1608E-04  0.3988E-04  0.5058E-04  0.8752E-05  0.5030E-03  0.6013E-05  0.2544E-04
    -11.594  0.1177E-01  0.7825E-04  0.3421E-04  0.4744E-04  0.4729E-04  0.8225E-05  0.5226E-03  0.5867E-05  0.2348E-04
    -11.558  0.1108E-01  0.1431E-03  0.6835E-04  0.6961E-04  0.5526E-04  0.9732E-05  0.6928E-03  0.7233E-05  0.2707E-04
    -11.522  0.1321E-01  0.2548E-03  0.1282E-03  0.1132E-03  0.7895E-04  0.1413E-04  0.1087E-02  0.1077E-04  0.3841E-04
    -11.487  0.1882E-01  0.4312E-03  0.2258E-03  0.1858E-03  0.1232E-03  0.2239E-04  0.1792E-02  0.1721E-04  0.5993E-04
    -11.451  0.2852E-01  0.6880E-03  0.3733E-03  0.2941E-03  0.1925E-03  0.3541E-04  0.2895E-02  0.2724E-04  0.9379E-04
    -11.415  0.4258E-01  0.1032E-02  0.5796E-03  0.4409E-03  0.2889E-03  0.5373E-04  0.4456E-02  0.4125E-04  0.1411E-03
    -11.380  0.6073E-01  0.1454E-02  0.8447E-03  0.6228E-03  0.4105E-03  0.7714E-04  0.6469E-02  0.5906E-04  0.2011E-03
    -11.344  0.8179E-01  0.1924E-02  0.1156E-02  0.8272E-03  0.5496E-03  0.1042E-03  0.8833E-02  0.7956E-04  0.2698E-03
    -11.308  0.1036E+00  0.2389E-02  0.1485E-02  0.1033E-02  0.6924E-03  0.1324E-03  0.1133E-01  0.1007E-03  0.3405E-03
    -11.273  0.1234E+00  0.2787E-02  0.1791E-02  0.1212E-02  0.8213E-03  0.1580E-03  0.1365E-01  0.1199E-03  0.4041E-03
    -11.237  0.1381E+00  0.3053E-02  0.2028E-02  0.1339E-02  0.9190E-03  0.1774E-03  0.1543E-01  0.1340E-03  0.4517E-03
    -11.202  0.1451E+00  0.3143E-02  0.2156E-02  0.1398E-02  0.9746E-03  0.1876E-03  0.1639E-01  0.1410E-03  0.4769E-03
    -11.166  0.1432E+00  0.3044E-02  0.2154E-02  0.1387E-02  0.9887E-03  0.1880E-03  0.1636E-01  0.1401E-03  0.4785E-03
    -11.130  0.1329E+00  0.2784E-02  0.2023E-02  0.1324E-02  0.9763E-03  0.1813E-03  0.1536E-01  0.1324E-03  0.4621E-03
    -11.095  0.1162E+00  0.2420E-02  0.1791E-02  0.1245E-02  0.9664E-03  0.1742E-03  0.1360E-01  0.1218E-03  0.4395E-03
    -11.059  0.9621E-01  0.2031E-02  0.1504E-02  0.1196E-02  0.9964E-03  0.1784E-03  0.1147E-01  0.1141E-03  0.4270E-03
    -11.023  0.7623E-01  0.1703E-02  0.1218E-02  0.1223E-02  0.1105E-02  0.2116E-03  0.9375E-02  0.1181E-03  0.4419E-03
    -10.988  0.5939E-01  0.1509E-02  0.9872E-03  0.1362E-02  0.1320E-02  0.2976E-03  0.7771E-02  0.1449E-03  0.4994E-03
    -10.952  0.4798E-01  0.1507E-02  0.8582E-03  0.1632E-02  0.1655E-02  0.4666E-03  0.7033E-02  0.2083E-03  0.6091E-03
    -10.916  0.4341E-01  0.1734E-02  0.8650E-03  0.2026E-02  0.2099E-02  0.7517E-03  0.7456E-02  0.3236E-03  0.7734E-03
    -10.881  0.4616E-01  0.2203E-02  0.1027E-02  0.2515E-02  0.2617E-02  0.1183E-02  0.9222E-02  0.5061E-03  0.9866E-03
    -10.845  0.5586E-01  0.2899E-02  0.1345E-02  0.3049E-02  0.3160E-02  0.1775E-02  0.1237E-01  0.7676E-03  0.1237E-02
    -10.809  0.7134E-01  0.3774E-02  0.1799E-02  0.3568E-02  0.3675E-02  0.2520E-02  0.1675E-01  0.1113E-02  0.1509E-02
    -10.774  0.9056E-01  0.4743E-02  0.2346E-02  0.4014E-02  0.4127E-02  0.3372E-02  0.2198E-01  0.1539E-02  0.1791E-02
    -10.738  0.1107E+00  0.5690E-02  0.2920E-02  0.4339E-02  0.4524E-02  0.4253E-02  0.2750E-01  0.2037E-02  0.2087E-02
    -10.702  0.1287E+00  0.6483E-02  0.3444E-02  0.4516E-02  0.4948E-02  0.5064E-02  0.3261E-01  0.2601E-02  0.2432E-02
    -10.667  0.1412E+00  0.7003E-02  0.3843E-02  0.4547E-02  0.5602E-02  0.5711E-02  0.3668E-01  0.3238E-02  0.2927E-02
    -10.631  0.1462E+00  0.7170E-02  0.4069E-02  0.4467E-02  0.6861E-02  0.6134E-02  0.3940E-01  0.3983E-02  0.3789E-02
    -10.595  0.1426E+00  0.6975E-02  0.4107E-02  0.4336E-02  0.9361E-02  0.6331E-02  0.4095E-01  0.4904E-02  0.5424E-02
    -10.560  0.1314E+00  0.6479E-02  0.3989E-02  0.4237E-02  0.1409E-01  0.6375E-02  0.4218E-01  0.6093E-02  0.8542E-02
    -10.524  0.1149E+00  0.5805E-02  0.3773E-02  0.4260E-02  0.2250E-01  0.6407E-02  0.4453E-01  0.7660E-02  0.1431E-01
    -10.488  0.9624E-01  0.5102E-02  0.3533E-02  0.4481E-02  0.3661E-01  0.6638E-02  0.4991E-01  0.9726E-02  0.2451E-01
    -10.453  0.7883E-01  0.4513E-02  0.3330E-02  0.4945E-02  0.5905E-01  0.7360E-02  0.6032E-01  0.1244E-01  0.4177E-01
    -10.417  0.6540E-01  0.4143E-02  0.3199E-02  0.5655E-02  0.9296E-01  0.9000E-02  0.7750E-01  0.1607E-01  0.6963E-01
    -10.381  0.5767E-01  0.4049E-02  0.3150E-02  0.6567E-02  0.1418E+00  0.1222E-01  0.1026E+00  0.2108E-01  0.1125E+00
    -10.346  0.5625E-01  0.4246E-02  0.3170E-02  0.7608E-02  0.2089E+00  0.1807E-01  0.1357E+00  0.2832E-01  0.1753E+00
    -10.310  0.6074E-01  0.4723E-02  0.3246E-02  0.8692E-02  0.2968E+00  0.2812E-01  0.1765E+00  0.3920E-01  0.2624E+00
    -10.274  0.7006E-01  0.5462E-02  0.3377E-02  0.9750E-02  0.4062E+00  0.4467E-01  0.2239E+00  0.5576E-01  0.3769E+00
    -10.239  0.8267E-01  0.6446E-02  0.3582E-02  0.1075E-01  0.5356E+00  0.7071E-01  0.2768E+00  0.8072E-01  0.5185E+00
    -10.203  0.9685E-01  0.7663E-02  0.3899E-02  0.1168E-01  0.6801E+00  0.1098E+00  0.3346E+00  0.1173E+00  0.6823E+00
    -10.167  0.1108E+00  0.9086E-02  0.4376E-02  0.1257E-01  0.8319E+00  0.1659E+00  0.3974E+00  0.1689E+00  0.8583E+00
    -10.132  0.1230E+00  0.1067E-01  0.5049E-02  0.1345E-01  0.9800E+00  0.2421E+00  0.4658E+00  0.2384E+00  0.1032E+01
    -10.096  0.1320E+00  0.1232E-01  0.5928E-02  0.1431E-01  0.1112E+01  0.3406E+00  0.5397E+00  0.3278E+00  0.1185E+01
    -10.060  0.1368E+00  0.1392E-01  0.6987E-02  0.1513E-01  0.1217E+01  0.4608E+00  0.6183E+00  0.4369E+00  0.1302E+01
    -10.025  0.1372E+00  0.1535E-01  0.8162E-02  0.1586E-01  0.1285E+01  0.5991E+00  0.6992E+00  0.5632E+00  0.1369E+01
     -9.989  0.1333E+00  0.1651E-01  0.9365E-02  0.1645E-01  0.1313E+01  0.7482E+00  0.7788E+00  0.7012E+00  0.1384E+01
     -9.953  0.1260E+00  0.1735E-01  0.1051E-01  0.1690E-01  0.1302E+01  0.8976E+00  0.8532E+00  0.8430E+00  0.1349E+01
     -9.918  0.1167E+00  0.1791E-01  0.1151E-01  0.1721E-01  0.1259E+01  0.1035E+01  0.9199E+00  0.9787E+00  0.1277E+01
     -9.882  0.1067E+00  0.1828E-01  0.1235E-01  0.1746E-01  0.1199E+01  0.1149E+01  0.9783E+00  0.1098E+01  0.1188E+01
     -9.846  0.9724E-01  0.1859E-01  0.1302E-01  0.1771E-01  0.1134E+01  0.1231E+01  0.1030E+01  0.1194E+01  0.1101E+01
     -9.811  0.8912E-01  0.1893E-01  0.1356E-01  0.1804E-01  0.1079E+01  0.1277E+01  0.1080E+01  0.1259E+01  0.1033E+01
     -9.775  0.8269E-01  0.1936E-01  0.1401E-01  0.1846E-01  0.1044E+01  0.1288E+01  0.1132E+01  0.1294E+01  0.9951E+00
     -9.739  0.7787E-01  0.1987E-01  0.1439E-01  0.1896E-01  0.1033E+01  0.1271E+01  0.1190E+01  0.1301E+01  0.9913E+00
     -9.704  0.7430E-01  0.2037E-01  0.1471E-01  0.1945E-01  0.1046E+01  0.1236E+01  0.1256E+01  0.1286E+01  0.1019E+01
     -9.668  0.7154E-01  0.2074E-01  0.1496E-01  0.1987E-01  0.1078E+01  0.1195E+01  0.1328E+01  0.1259E+01  0.1069E+01
     -9.632  0.6916E-01  0.2089E-01  0.1510E-01  0.2013E-01  0.1120E+01  0.1158E+01  0.1402E+01  0.1226E+01  0.1133E+01
     -9.597  0.6688E-01  0.2078E-01  0.1513E-01  0.2019E-01  0.1164E+01  0.1132E+01  0.1472E+01  0.1195E+01  0.1198E+01
     -9.561  0.6451E-01  0.2043E-01  0.1502E-01  0.2008E-01  0.1201E+01  0.1126E+01  0.1531E+01  0.1172E+01  0.1256E+01
     -9.525  0.6197E-01  0.1995E-01  0.1482E-01  0.1987E-01  0.1225E+01  0.1140E+01  0.1575E+01  0.1163E+01  0.1299E+01
     -9.490  0.5926E-01  0.1951E-01  0.1455E-01  0.1966E-01  0.1233E+01  0.1177E+01  0.1599E+01  0.1172E+01  0.1325E+01
     -9.454  0.5642E-01  0.1924E-01  0.1428E-01  0.1958E-01  0.1226E+01  0.1235E+01  0.1604E+01  0.1202E+01  0.1331E+01
     -9.418  0.5350E-01  0.1928E-01  0.1403E-01  0.1972E-01  0.1205E+01  0.1313E+01  0.1591E+01  0.1256E+01  0.1319E+01
     -9.383  0.5057E-01  0.1965E-01  0.1381E-01  0.2010E-01  0.1175E+01  0.1406E+01  0.1562E+01  0.1335E+01  0.1290E+01
     -9.347  0.4769E-01  0.2030E-01  0.1361E-01  0.2069E-01  0.1139E+01  0.1510E+01  0.1519E+01  0.1434E+01  0.1249E+01
     -9.311  0.4490E-01  0.2110E-01  0.1338E-01  0.2137E-01  0.1102E+01  0.1618E+01  0.1464E+01  0.1546E+01  0.1198E+01
     -9.276  0.4220E-01  0.2187E-01  0.1307E-01  0.2199E-01  0.1067E+01  0.1721E+01  0.1400E+01  0.1661E+01  0.1142E+01
     -9.240  0.3961E-01  0.2243E-01  0.1263E-01  0.2240E-01  0.1036E+01  0.1813E+01  0.1330E+01  0.1768E+01  0.1086E+01
     -9.204  0.3714E-01  0.2266E-01  0.1205E-01  0.2249E-01  0.1012E+01  0.1884E+01  0.1259E+01  0.1854E+01  0.1033E+01
     -9.169  0.3486E-01  0.2252E-01  0.1134E-01  0.2221E-01  0.9944E+00  0.1928E+01  0.1193E+01  0.1914E+01  0.9850E+00
     -9.133  0.3287E-01  0.2200E-01  0.1052E-01  0.2162E-01  0.9849E+00  0.1942E+01  0.1139E+01  0.1941E+01  0.9439E+00
     -9.097  0.3128E-01  0.2119E-01  0.9663E-02  0.2079E-01  0.9831E+00  0.1926E+01  0.1104E+01  0.1936E+01  0.9099E+00
     -9.062  0.3021E-01  0.2018E-01  0.8814E-02  0.1983E-01  0.9878E+00  0.1881E+01  0.1091E+01  0.1902E+01  0.8825E+00
     -9.026  0.2965E-01  0.1902E-01  0.8020E-02  0.1884E-01  0.9968E+00  0.1812E+01  0.1098E+01  0.1843E+01  0.8613E+00
     -8.990  0.2953E-01  0.1779E-01  0.7305E-02  0.1786E-01  0.1008E+01  0.1721E+01  0.1120E+01  0.1761E+01  0.8466E+00
     -8.955  0.2965E-01  0.1648E-01  0.6669E-02  0.1690E-01  0.1018E+01  0.1613E+01  0.1148E+01  0.1658E+01  0.8390E+00
     -8.919  0.2976E-01  0.1512E-01  0.6093E-02  0.1590E-01  0.1025E+01  0.1489E+01  0.1172E+01  0.1537E+01  0.8399E+00
     -8.883  0.2960E-01  0.1370E-01  0.5546E-02  0.1483E-01  0.1028E+01  0.1352E+01  0.1180E+01  0.1399E+01  0.8498E+00
     -8.848  0.2894E-01  0.1223E-01  0.5003E-02  0.1363E-01  0.1025E+01  0.1204E+01  0.1165E+01  0.1246E+01  0.8675E+00
     -8.812  0.2767E-01  0.1076E-01  0.4447E-02  0.1231E-01  0.1016E+01  0.1049E+01  0.1123E+01  0.1083E+01  0.8893E+00
     -8.777  0.2581E-01  0.9331E-02  0.3877E-02  0.1088E-01  0.9976E+00  0.8912E+00  0.1053E+01  0.9159E+00  0.9087E+00
     -8.741  0.2350E-01  0.7990E-02  0.3309E-02  0.9432E-02  0.9665E+00  0.7366E+00  0.9589E+00  0.7528E+00  0.9177E+00
     -8.705  0.2102E-01  0.6805E-02  0.2766E-02  0.8046E-02  0.9192E+00  0.5912E+00  0.8459E+00  0.6005E+00  0.9081E+00
     -8.670  0.1869E-01  0.5836E-02  0.2270E-02  0.6829E-02  0.8534E+00  0.4601E+00  0.7216E+00  0.4647E+00  0.8741E+00
     -8.634  0.1688E-01  0.5140E-02  0.1842E-02  0.5869E-02  0.7693E+00  0.3471E+00  0.5942E+00  0.3493E+00  0.8141E+00
     -8.598  0.1591E-01  0.4755E-02  0.1491E-02  0.5226E-02  0.6706E+00  0.2538E+00  0.4713E+00  0.2554E+00  0.7306E+00
     -8.563  0.1596E-01  0.4689E-02  0.1220E-02  0.4917E-02  0.5636E+00  0.1800E+00  0.3596E+00  0.1823E+00  0.6307E+00
     -8.527  0.1709E-01  0.4912E-02  0.1026E-02  0.4908E-02  0.4562E+00  0.1240E+00  0.2636E+00  0.1279E+00  0.5234E+00
     -8.491  0.1913E-01  0.5345E-02  0.9039E-03  0.5123E-02  0.3560E+00  0.8339E-01  0.1858E+00  0.8893E-01  0.4182E+00
     -8.456  0.2179E-01  0.5874E-02  0.8497E-03  0.5456E-02  0.2687E+00  0.5501E-01  0.1263E+00  0.6213E-01  0.3226E+00
     -8.420  0.2467E-01  0.6363E-02  0.8686E-03  0.5791E-02  0.1974E+00  0.3594E-01  0.8359E-01  0.4420E-01  0.2413E+00
     -8.384  0.2746E-01  0.6692E-02  0.9778E-03  0.6031E-02  0.1424E+00  0.2355E-01  0.5484E-01  0.3239E-01  0.1761E+00
     -8.349  0.2996E-01  0.6782E-02  0.1209E-02  0.6119E-02  0.1018E+00  0.1569E-01  0.3693E-01  0.2450E-01  0.1261E+00
     -8.313  0.3224E-01  0.6625E-02  0.1602E-02  0.6042E-02  0.7288E-01  0.1078E-01  0.2693E-01  0.1900E-01  0.8908E-01
     -8.277  0.3464E-01  0.6290E-02  0.2202E-02  0.5834E-02  0.5275E-01  0.7760E-02  0.2239E-01  0.1493E-01  0.6239E-01
     -8.242  0.3764E-01  0.5910E-02  0.3034E-02  0.5558E-02  0.3889E-01  0.5969E-02  0.2146E-01  0.1181E-01  0.4344E-01
     -8.206  0.4177E-01  0.5661E-02  0.4094E-02  0.5291E-02  0.2951E-01  0.5059E-02  0.2280E-01  0.9409E-02  0.3018E-01
     -8.170  0.4744E-01  0.5722E-02  0.5333E-02  0.5109E-02  0.2344E-01  0.4869E-02  0.2535E-01  0.7679E-02  0.2109E-01
     -8.135  0.5478E-01  0.6241E-02  0.6655E-02  0.5070E-02  0.1997E-01  0.5329E-02  0.2821E-01  0.6587E-02  0.1506E-01
     -8.099  0.6359E-01  0.7304E-02  0.7927E-02  0.5210E-02  0.1859E-01  0.6389E-02  0.3061E-01  0.6077E-02  0.1128E-01
     -8.063  0.7328E-01  0.8901E-02  0.9006E-02  0.5534E-02  0.1886E-01  0.7966E-02  0.3191E-01  0.6040E-02  0.9124E-02
     -8.028  0.8291E-01  0.1091E-01  0.9766E-02  0.6014E-02  0.2029E-01  0.9909E-02  0.3172E-01  0.6328E-02  0.8101E-02
     -7.992  0.9131E-01  0.1310E-01  0.1013E-01  0.6590E-02  0.2230E-01  0.1199E-01  0.2996E-01  0.6776E-02  0.7807E-02
     -7.956  0.9731E-01  0.1515E-01  0.1006E-01  0.7186E-02  0.2430E-01  0.1393E-01  0.2686E-01  0.7229E-02  0.7940E-02
     -7.921  0.9998E-01  0.1674E-01  0.9609E-02  0.7732E-02  0.2573E-01  0.1544E-01  0.2289E-01  0.7568E-02  0.8302E-02
     -7.885  0.9887E-01  0.1762E-01  0.8859E-02  0.8189E-02  0.2622E-01  0.1628E-01  0.1863E-01  0.7733E-02  0.8812E-02
     -7.849  0.9429E-01  0.1766E-01  0.7941E-02  0.8571E-02  0.2565E-01  0.1636E-01  0.1464E-01  0.7731E-02  0.9504E-02
     -7.814  0.8723E-01  0.1693E-01  0.7005E-02  0.8944E-02  0.2417E-01  0.1572E-01  0.1139E-01  0.7624E-02  0.1051E-01
     -7.778  0.7927E-01  0.1565E-01  0.6207E-02  0.9405E-02  0.2214E-01  0.1458E-01  0.9197E-02  0.7513E-02  0.1198E-01
     -7.742  0.7220E-01  0.1415E-01  0.5696E-02  0.1003E-01  0.2003E-01  0.1325E-01  0.8243E-02  0.7501E-02  0.1407E-01
     -7.707  0.6766E-01  0.1273E-01  0.5602E-02  0.1085E-01  0.1824E-01  0.1209E-01  0.8617E-02  0.7666E-02  0.1676E-01
     -7.671  0.6677E-01  0.1163E-01  0.6018E-02  0.1179E-01  0.1702E-01  0.1139E-01  0.1033E-01  0.8040E-02  0.1990E-01
     -7.635  0.6994E-01  0.1095E-01  0.6989E-02  0.1270E-01  0.1639E-01  0.1136E-01  0.1329E-01  0.8607E-02  0.2313E-01
     -7.600  0.7676E-01  0.1063E-01  0.8485E-02  0.1338E-01  0.1618E-01  0.1204E-01  0.1733E-01  0.9310E-02  0.2596E-01
     -7.564  0.8611E-01  0.1055E-01  0.1039E-01  0.1366E-01  0.1608E-01  0.1334E-01  0.2210E-01  0.1006E-01  0.2790E-01
     -7.528  0.9630E-01  0.1051E-01  0.1250E-01  0.1340E-01  0.1579E-01  0.1502E-01  0.2707E-01  0.1077E-01  0.2856E-01
     -7.493  0.1053E+00  0.1034E-01  0.1452E-01  0.1260E-01  0.1509E-01  0.1673E-01  0.3159E-01  0.1132E-01  0.2776E-01
     -7.457  0.1113E+00  0.9949E-02  0.1611E-01  0.1134E-01  0.1388E-01  0.1811E-01  0.3496E-01  0.1163E-01  0.2560E-01
     -7.421  0.1127E+00  0.9284E-02  0.1702E-01  0.9813E-02  0.1222E-01  0.1884E-01  0.3662E-01  0.1165E-01  0.2240E-01
     -7.386  0.1088E+00  0.8386E-02  0.1705E-01  0.8250E-02  0.1031E-01  0.1872E-01  0.3624E-01  0.1138E-01  0.1863E-01
     -7.350  0.1001E+00  0.7357E-02  0.1623E-01  0.6891E-02  0.8379E-02  0.1777E-01  0.3385E-01  0.1093E-01  0.1483E-01
     -7.314  0.8773E-01  0.6339E-02  0.1474E-01  0.5953E-02  0.6688E-02  0.1616E-01  0.2986E-01  0.1047E-01  0.1148E-01
     -7.279  0.7364E-01  0.5490E-02  0.1290E-01  0.5610E-02  0.5444E-02  0.1422E-01  0.2490E-01  0.1023E-01  0.8937E-02
     -7.243  0.5990E-01  0.4958E-02  0.1108E-01  0.5986E-02  0.4789E-02  0.1234E-01  0.1969E-01  0.1045E-01  0.7442E-02
     -7.207  0.4828E-01  0.4851E-02  0.9614E-02  0.7137E-02  0.4782E-02  0.1082E-01  0.1489E-01  0.1130E-01  0.7099E-02
     -7.172  0.3987E-01  0.5214E-02  0.8693E-02  0.9032E-02  0.5398E-02  0.9860E-02  0.1091E-01  0.1283E-01  0.7898E-02
     -7.136  0.3495E-01  0.6015E-02  0.8358E-02  0.1153E-01  0.6524E-02  0.9461E-02  0.7944E-02  0.1490E-01  0.9722E-02
     -7.100  0.3303E-01  0.7142E-02  0.8499E-02  0.1440E-01  0.7973E-02  0.9489E-02  0.5935E-02  0.1724E-01  0.1234E-01
     -7.065  0.3311E-01  0.8413E-02  0.8901E-02  0.1726E-01  0.9501E-02  0.9716E-02  0.4695E-02  0.1945E-01  0.1541E-01
     -7.029  0.3398E-01  0.9612E-02  0.9314E-02  0.1973E-01  0.1084E-01  0.9899E-02  0.3973E-02  0.2113E-01  0.1850E-01
     -6.993  0.3454E-01  0.1052E-01  0.9519E-02  0.2141E-01  0.1175E-01  0.9852E-02  0.3532E-02  0.2193E-01  0.2113E-01
     -6.958  0.3397E-01  0.1097E-01  0.9373E-02  0.2203E-01  0.1205E-01  0.9490E-02  0.3194E-02  0.2167E-01  0.2288E-01
     -6.922  0.3193E-01  0.1087E-01  0.8836E-02  0.2146E-01  0.1169E-01  0.8831E-02  0.2852E-02  0.2036E-01  0.2342E-01
     -6.886  0.2851E-01  0.1024E-01  0.7965E-02  0.1980E-01  0.1072E-01  0.7971E-02  0.2468E-02  0.1818E-01  0.2265E-01
     -6.851  0.2411E-01  0.9164E-02  0.6877E-02  0.1729E-01  0.9301E-02  0.7040E-02  0.2048E-02  0.1544E-01  0.2070E-01
     -6.815  0.1929E-01  0.7816E-02  0.5718E-02  0.1433E-01  0.7637E-02  0.6155E-02  0.1627E-02  0.1252E-01  0.1787E-01
     -6.779  0.1463E-01  0.6385E-02  0.4624E-02  0.1133E-01  0.5949E-02  0.5396E-02  0.1243E-02  0.9750E-02  0.1461E-01
     -6.744  0.1056E-01  0.5047E-02  0.3700E-02  0.8651E-02  0.4422E-02  0.4797E-02  0.9318E-03  0.7395E-02  0.1137E-01
     -6.708  0.7356E-02  0.3942E-02  0.3010E-02  0.6598E-02  0.3177E-02  0.4359E-02  0.7172E-03  0.5625E-02  0.8529E-02
     -6.672  0.5098E-02  0.3162E-02  0.2587E-02  0.5354E-02  0.2278E-02  0.4074E-02  0.6127E-03  0.4514E-02  0.6354E-02
     -6.637  0.3750E-02  0.2748E-02  0.2437E-02  0.5007E-02  0.1731E-02  0.3938E-02  0.6235E-03  0.4069E-02  0.4975E-02
     -6.601  0.3192E-02  0.2703E-02  0.2548E-02  0.5551E-02  0.1505E-02  0.3956E-02  0.7468E-03  0.4244E-02  0.4400E-02
     -6.565  0.3259E-02  0.2989E-02  0.2889E-02  0.6893E-02  0.1547E-02  0.4132E-02  0.9708E-03  0.4946E-02  0.4540E-02
     -6.530  0.3770E-02  0.3533E-02  0.3405E-02  0.8844E-02  0.1785E-02  0.4450E-02  0.1271E-02  0.6032E-02  0.5230E-02
     -6.494  0.4529E-02  0.4226E-02  0.4010E-02  0.1112E-01  0.2138E-02  0.4858E-02  0.1611E-02  0.7311E-02  0.6251E-02
     -6.459  0.5340E-02  0.4934E-02  0.4595E-02  0.1335E-01  0.2516E-02  0.5268E-02  0.1940E-02  0.8551E-02  0.7352E-02
     -6.423  0.6020E-02  0.5512E-02  0.5043E-02  0.1516E-01  0.2833E-02  0.5571E-02  0.2204E-02  0.9516E-02  0.8282E-02
     -6.387  0.6424E-02  0.5838E-02  0.5255E-02  0.1621E-01  0.3021E-02  0.5666E-02  0.2357E-02  0.1001E-01  0.8834E-02
     -6.352  0.6475E-02  0.5837E-02  0.5172E-02  0.1629E-01  0.3035E-02  0.5491E-02  0.2370E-02  0.9914E-02  0.8880E-02
     -6.316  0.6183E-02  0.5502E-02  0.4798E-02  0.1540E-01  0.2871E-02  0.5040E-02  0.2242E-02  0.9238E-02  0.8401E-02
     -6.280  0.5652E-02  0.4898E-02  0.4189E-02  0.1369E-01  0.2561E-02  0.4368E-02  0.1998E-02  0.8091E-02  0.7485E-02
     -6.245  0.5061E-02  0.4144E-02  0.3442E-02  0.1150E-01  0.2166E-02  0.3567E-02  0.1686E-02  0.6659E-02  0.6304E-02
     -6.209  0.4643E-02  0.3389E-02  0.2669E-02  0.9180E-02  0.1762E-02  0.2749E-02  0.1362E-02  0.5152E-02  0.5063E-02
     -6.173  0.4659E-02  0.2789E-02  0.1970E-02  0.7103E-02  0.1424E-02  0.2010E-02  0.1082E-02  0.3752E-02  0.3963E-02
     -6.138  0.5376E-02  0.2486E-02  0.1420E-02  0.5544E-02  0.1216E-02  0.1423E-02  0.8911E-03  0.2585E-02  0.3160E-02
     -6.102  0.7068E-02  0.2606E-02  0.1073E-02  0.4679E-02  0.1184E-02  0.1032E-02  0.8242E-03  0.1712E-02  0.2748E-02
     -6.066  0.1002E-01  0.3263E-02  0.9670E-03  0.4581E-02  0.1355E-02  0.8647E-03  0.9063E-03  0.1141E-02  0.2759E-02
     -6.031  0.1452E-01  0.4560E-02  0.1145E-02  0.5248E-02  0.1732E-02  0.9484E-03  0.1160E-02  0.8490E-03  0.3163E-02
     -5.995  0.2090E-01  0.6582E-02  0.1664E-02  0.6617E-02  0.2295E-02  0.1318E-02  0.1609E-02  0.8068E-03  0.3879E-02
     -5.959  0.2946E-01  0.9382E-02  0.2597E-02  0.8584E-02  0.3000E-02  0.2019E-02  0.2280E-02  0.9887E-03  0.4788E-02
     -5.924  0.4039E-01  0.1294E-01  0.4014E-02  0.1101E-01  0.3774E-02  0.3094E-02  0.3198E-02  0.1375E-02  0.5740E-02
     -5.888  0.5361E-01  0.1714E-01  0.5955E-02  0.1374E-01  0.4533E-02  0.4557E-02  0.4371E-02  0.1944E-02  0.6586E-02
     -5.852  0.6863E-01  0.2174E-01  0.8386E-02  0.1658E-01  0.5188E-02  0.6363E-02  0.5774E-02  0.2658E-02  0.7202E-02
     -5.817  0.8438E-01  0.2637E-01  0.1117E-01  0.1934E-01  0.5672E-02  0.8383E-02  0.7336E-02  0.3455E-02  0.7513E-02
     -5.781  0.9929E-01  0.3061E-01  0.1406E-01  0.2180E-01  0.5956E-02  0.1040E-01  0.8929E-02  0.4244E-02  0.7513E-02
     -5.745  0.1115E+00  0.3404E-01  0.1671E-01  0.2377E-01  0.6065E-02  0.1215E-01  0.1039E-01  0.4922E-02  0.7255E-02
     -5.710  0.1193E+00  0.3636E-01  0.1875E-01  0.2509E-01  0.6079E-02  0.1336E-01  0.1153E-01  0.5388E-02  0.6842E-02
     -5.674  0.1215E+00  0.3747E-01  0.1990E-01  0.2565E-01  0.6126E-02  0.1382E-01  0.1222E-01  0.5575E-02  0.6390E-02
     -5.638  0.1183E+00  0.3751E-01  0.1998E-01  0.2545E-01  0.6353E-02  0.1345E-01  0.1239E-01  0.5460E-02  0.6006E-02
     -5.603  0.1105E+00  0.3678E-01  0.1902E-01  0.2458E-01  0.6895E-02  0.1233E-01  0.1206E-01  0.5079E-02  0.5765E-02
     -5.567  0.1001E+00  0.3566E-01  0.1722E-01  0.2324E-01  0.7840E-02  0.1066E-01  0.1136E-01  0.4509E-02  0.5707E-02
     -5.531  0.8910E-01  0.3447E-01  0.1488E-01  0.2167E-01  0.9194E-02  0.8724E-02  0.1046E-01  0.3853E-02  0.5837E-02
     -5.496  0.7943E-01  0.3338E-01  0.1237E-01  0.2013E-01  0.1087E-01  0.6813E-02  0.9534E-02  0.3217E-02  0.6135E-02
     -5.460  0.7213E-01  0.3239E-01  0.1001E-01  0.1885E-01  0.1268E-01  0.5161E-02  0.8705E-02  0.2690E-02  0.6570E-02
     -5.424  0.6741E-01  0.3136E-01  0.8045E-02  0.1795E-01  0.1440E-01  0.3916E-02  0.8038E-02  0.2333E-02  0.7106E-02
     -5.389  0.6477E-01  0.3014E-01  0.6632E-02  0.1749E-01  0.1578E-01  0.3131E-02  0.7528E-02  0.2179E-02  0.7707E-02
     -5.353  0.6330E-01  0.2859E-01  0.5815E-02  0.1742E-01  0.1665E-01  0.2784E-02  0.7130E-02  0.2233E-02  0.8335E-02
     -5.317  0.6207E-01  0.2670E-01  0.5565E-02  0.1766E-01  0.1690E-01  0.2797E-02  0.6786E-02  0.2477E-02  0.8954E-02
     -5.282  0.6040E-01  0.2453E-01  0.5798E-02  0.1812E-01  0.1655E-01  0.3068E-02  0.6457E-02  0.2874E-02  0.9527E-02
     -5.246  0.5804E-01  0.2224E-01  0.6403E-02  0.1872E-01  0.1572E-01  0.3490E-02  0.6136E-02  0.3373E-02  0.1002E-01
     -5.210  0.5512E-01  0.2006E-01  0.7271E-02  0.1945E-01  0.1459E-01  0.3969E-02  0.5844E-02  0.3920E-02  0.1043E-01
     -5.175  0.5213E-01  0.1825E-01  0.8311E-02  0.2031E-01  0.1338E-01  0.4428E-02  0.5621E-02  0.4462E-02  0.1074E-01
     -5.139  0.4973E-01  0.1708E-01  0.9464E-02  0.2135E-01  0.1232E-01  0.4818E-02  0.5506E-02  0.4957E-02  0.1097E-01
     -5.103  0.4857E-01  0.1685E-01  0.1070E-01  0.2259E-01  0.1160E-01  0.5115E-02  0.5515E-02  0.5377E-02  0.1115E-01
     -5.068  0.4916E-01  0.1782E-01  0.1202E-01  0.2402E-01  0.1135E-01  0.5315E-02  0.5636E-02  0.5704E-02  0.1128E-01
     -5.032  0.5174E-01  0.2020E-01  0.1341E-01  0.2558E-01  0.1164E-01  0.5435E-02  0.5828E-02  0.5929E-02  0.1137E-01
     -4.996  0.5622E-01  0.2404E-01  0.1488E-01  0.2717E-01  0.1247E-01  0.5498E-02  0.6027E-02  0.6041E-02  0.1142E-01
     -4.961  0.6223E-01  0.2925E-01  0.1644E-01  0.2869E-01  0.1379E-01  0.5533E-02  0.6171E-02  0.6035E-02  0.1142E-01
     -4.925  0.6909E-01  0.3549E-01  0.1811E-01  0.3009E-01  0.1545E-01  0.5563E-02  0.6211E-02  0.5915E-02  0.1137E-01
     -4.889  0.7595E-01  0.4216E-01  0.1996E-01  0.3133E-01  0.1727E-01  0.5602E-02  0.6127E-02  0.5697E-02  0.1131E-01
     -4.854  0.8179E-01  0.4848E-01  0.2207E-01  0.3242E-01  0.1900E-01  0.5655E-02  0.5928E-02  0.5417E-02  0.1126E-01
     -4.818  0.8565E-01  0.5357E-01  0.2448E-01  0.3335E-01  0.2036E-01  0.5713E-02  0.5645E-02  0.5125E-02  0.1130E-01
     -4.782  0.8674E-01  0.5665E-01  0.2718E-01  0.3412E-01  0.2111E-01  0.5760E-02  0.5319E-02  0.4879E-02  0.1145E-01
     -4.747  0.8474E-01  0.5721E-01  0.2996E-01  0.3471E-01  0.2106E-01  0.5776E-02  0.4994E-02  0.4726E-02  0.1174E-01
     -4.711  0.7991E-01  0.5519E-01  0.3248E-01  0.3508E-01  0.2020E-01  0.5745E-02  0.4705E-02  0.4694E-02  0.1215E-01
     -4.675  0.7312E-01  0.5095E-01  0.3428E-01  0.3519E-01  0.1865E-01  0.5659E-02  0.4477E-02  0.4786E-02  0.1261E-01
     -4.640  0.6572E-01  0.4518E-01  0.3491E-01  0.3495E-01  0.1668E-01  0.5513E-02  0.4319E-02  0.4986E-02  0.1305E-01
     -4.604  0.5924E-01  0.3873E-01  0.3405E-01  0.3426E-01  0.1461E-01  0.5311E-02  0.4230E-02  0.5261E-02  0.1334E-01
     -4.568  0.5501E-01  0.3239E-01  0.3166E-01  0.3298E-01  0.1276E-01  0.5058E-02  0.4209E-02  0.5579E-02  0.1338E-01
     -4.533  0.5384E-01  0.2675E-01  0.2796E-01  0.3100E-01  0.1136E-01  0.4765E-02  0.4262E-02  0.5910E-02  0.1311E-01
     -4.497  0.5585E-01  0.2211E-01  0.2340E-01  0.2832E-01  0.1049E-01  0.4444E-02  0.4424E-02  0.6227E-02  0.1253E-01
     -4.461  0.6045E-01  0.1854E-01  0.1857E-01  0.2504E-01  0.1011E-01  0.4108E-02  0.4760E-02  0.6499E-02  0.1169E-01
     -4.426  0.6652E-01  0.1592E-01  0.1398E-01  0.2137E-01  0.1006E-01  0.3764E-02  0.5365E-02  0.6683E-02  0.1069E-01
     -4.390  0.7265E-01  0.1403E-01  0.1003E-01  0.1762E-01  0.1012E-01  0.3415E-02  0.6336E-02  0.6725E-02  0.9638E-02
     -4.354  0.7752E-01  0.1263E-01  0.6904E-02  0.1407E-01  0.1008E-01  0.3058E-02  0.7730E-02  0.6573E-02  0.8611E-02
     -4.319  0.8015E-01  0.1147E-01  0.4628E-02  0.1095E-01  0.9773E-02  0.2687E-02  0.9523E-02  0.6195E-02  0.7643E-02
     -4.283  0.8005E-01  0.1038E-01  0.3099E-02  0.8397E-02  0.9113E-02  0.2303E-02  0.1157E-01  0.5595E-02  0.6729E-02
     -4.247  0.7720E-01  0.9250E-02  0.2168E-02  0.6450E-02  0.8114E-02  0.1912E-02  0.1364E-01  0.4818E-02  0.5844E-02
     -4.212  0.7203E-01  0.8083E-02  0.1700E-02  0.5108E-02  0.6870E-02  0.1534E-02  0.1541E-01  0.3943E-02  0.4971E-02
     -4.176  0.6520E-01  0.6950E-02  0.1614E-02  0.4349E-02  0.5522E-02  0.1194E-02  0.1661E-01  0.3065E-02  0.4116E-02
     -4.141  0.5754E-01  0.5988E-02  0.1903E-02  0.4166E-02  0.4215E-02  0.9211E-03  0.1710E-01  0.2270E-02  0.3310E-02
     -4.105  0.4992E-01  0.5365E-02  0.2627E-02  0.4572E-02  0.3068E-02  0.7409E-03  0.1693E-01  0.1620E-02  0.2606E-02
     -4.069  0.4326E-01  0.5239E-02  0.3910E-02  0.5576E-02  0.2155E-02  0.6765E-03  0.1635E-01  0.1146E-02  0.2059E-02
     -4.034  0.3839E-01  0.5732E-02  0.5908E-02  0.7155E-02  0.1503E-02  0.7464E-03  0.1576E-01  0.8501E-03  0.1720E-02
     -3.998  0.3601E-01  0.6896E-02  0.8788E-02  0.9223E-02  0.1102E-02  0.9644E-03  0.1562E-01  0.7150E-03  0.1615E-02
     -3.962  0.3651E-01  0.8697E-02  0.1268E-01  0.1162E-01  0.9184E-03  0.1337E-02  0.1625E-01  0.7137E-03  0.1752E-02
     -3.927  0.3985E-01  0.1101E-01  0.1763E-01  0.1413E-01  0.9104E-03  0.1857E-02  0.1778E-01  0.8168E-03  0.2106E-02
     -3.891  0.4546E-01  0.1361E-01  0.2353E-01  0.1654E-01  0.1035E-02  0.2501E-02  0.2006E-01  0.9958E-03  0.2630E-02
     -3.855  0.5237E-01  0.1624E-01  0.3008E-01  0.1865E-01  0.1254E-02  0.3218E-02  0.2269E-01  0.1224E-02  0.3252E-02
     -3.820  0.5929E-01  0.1861E-01  0.3675E-01  0.2037E-01  0.1535E-02  0.3932E-02  0.2512E-01  0.1476E-02  0.3889E-02
     -3.784  0.6496E-01  0.2047E-01  0.4285E-01  0.2171E-01  0.1853E-02  0.4556E-02  0.2680E-01  0.1726E-02  0.4462E-02
     -3.748  0.6839E-01  0.2168E-01  0.4760E-01  0.2274E-01  0.2187E-02  0.4998E-02  0.2730E-01  0.1953E-02  0.4909E-02
     -3.713  0.6905E-01  0.2219E-01  0.5031E-01  0.2356E-01  0.2518E-02  0.5192E-02  0.2645E-01  0.2139E-02  0.5197E-02
     -3.677  0.6695E-01  0.2204E-01  0.5053E-01  0.2420E-01  0.2824E-02  0.5109E-02  0.2436E-01  0.2278E-02  0.5322E-02
     -3.641  0.6255E-01  0.2135E-01  0.4822E-01  0.2464E-01  0.3082E-02  0.4769E-02  0.2133E-01  0.2374E-02  0.5307E-02
     -3.606  0.5655E-01  0.2023E-01  0.4373E-01  0.2475E-01  0.3267E-02  0.4235E-02  0.1783E-01  0.2443E-02  0.5188E-02
     -3.570  0.4973E-01  0.1877E-01  0.3776E-01  0.2441E-01  0.3355E-02  0.3601E-02  0.1430E-01  0.2511E-02  0.5007E-02
     -3.534  0.4278E-01  0.1708E-01  0.3116E-01  0.2351E-01  0.3334E-02  0.2963E-02  0.1110E-01  0.2607E-02  0.4808E-02
     -3.499  0.3622E-01  0.1523E-01  0.2478E-01  0.2210E-01  0.3214E-02  0.2407E-02  0.8468E-02  0.2756E-02  0.4638E-02
     -3.463  0.3045E-01  0.1336E-01  0.1932E-01  0.2039E-01  0.3028E-02  0.1990E-02  0.6494E-02  0.2968E-02  0.4554E-02
     -3.427  0.2575E-01  0.1163E-01  0.1521E-01  0.1870E-01  0.2835E-02  0.1738E-02  0.5171E-02  0.3238E-02  0.4611E-02
     -3.392  0.2228E-01  0.1021E-01  0.1262E-01  0.1744E-01  0.2705E-02  0.1652E-02  0.4417E-02  0.3539E-02  0.4862E-02
     -3.356  0.2013E-01  0.9302E-02  0.1154E-01  0.1697E-01  0.2703E-02  0.1712E-02  0.4112E-02  0.3834E-02  0.5334E-02
     -3.320  0.1931E-01  0.9046E-02  0.1176E-01  0.1752E-01  0.2877E-02  0.1893E-02  0.4118E-02  0.4083E-02  0.6017E-02
     -3.285  0.1970E-01  0.9556E-02  0.1299E-01  0.1914E-01  0.3238E-02  0.2162E-02  0.4294E-02  0.4255E-02  0.6858E-02
     -3.249  0.2106E-01  0.1092E-01  0.1487E-01  0.2170E-01  0.3764E-02  0.2486E-02  0.4514E-02  0.4336E-02  0.7766E-02
     -3.213  0.2307E-01  0.1320E-01  0.1697E-01  0.2495E-01  0.4394E-02  0.2832E-02  0.4677E-02  0.4328E-02  0.8631E-02
     -3.178  0.2531E-01  0.1651E-01  0.1889E-01  0.2863E-01  0.5049E-02  0.3164E-02  0.4725E-02  0.4246E-02  0.9353E-02
     -3.142  0.2734E-01  0.2092E-01  0.2024E-01  0.3252E-01  0.5643E-02  0.3450E-02  0.4644E-02  0.4109E-02  0.9859E-02
     -3.106  0.2877E-01  0.2650E-01  0.2077E-01  0.3646E-01  0.6100E-02  0.3666E-02  0.4458E-02  0.3936E-02  0.1012E-01
     -3.071  0.2937E-01  0.3316E-01  0.2033E-01  0.4034E-01  0.6371E-02  0.3805E-02  0.4213E-02  0.3741E-02  0.1014E-01
     -3.035  0.2914E-01  0.4059E-01  0.1897E-01  0.4402E-01  0.6437E-02  0.3875E-02  0.3959E-02  0.3538E-02  0.9958E-02
     -2.999  0.2839E-01  0.4827E-01  0.1689E-01  0.4730E-01  0.6315E-02  0.3902E-02  0.3735E-02  0.3343E-02  0.9594E-02
     -2.964  0.2774E-01  0.5545E-01  0.1439E-01  0.4990E-01  0.6053E-02  0.3927E-02  0.3559E-02  0.3179E-02  0.9078E-02
     -2.928  0.2800E-01  0.6135E-01  0.1182E-01  0.5150E-01  0.5725E-02  0.4000E-02  0.3436E-02  0.3075E-02  0.8432E-02
     -2.892  0.3003E-01  0.6531E-01  0.9508E-02  0.5186E-01  0.5426E-02  0.4172E-02  0.3358E-02  0.3071E-02  0.7687E-02
     -2.857  0.3458E-01  0.6702E-01  0.7732E-02  0.5093E-01  0.5259E-02  0.4497E-02  0.3321E-02  0.3210E-02  0.6894E-02
     -2.821  0.4215E-01  0.6655E-01  0.6673E-02  0.4885E-01  0.5326E-02  0.5018E-02  0.3320E-02  0.3545E-02  0.6126E-02
     -2.785  0.5288E-01  0.6437E-01  0.6430E-02  0.4594E-01  0.5716E-02  0.5764E-02  0.3359E-02  0.4122E-02  0.5470E-02
     -2.750  0.6649E-01  0.6113E-01  0.7034E-02  0.4263E-01  0.6484E-02  0.6728E-02  0.3446E-02  0.4977E-02  0.5007E-02
     -2.714  0.8237E-01  0.5750E-01  0.8449E-02  0.3935E-01  0.7638E-02  0.7861E-02  0.3600E-02  0.6118E-02  0.4790E-02
     -2.678  0.9956E-01  0.5394E-01  0.1058E-01  0.3643E-01  0.9124E-02  0.9058E-02  0.3851E-02  0.7508E-02  0.4830E-02
     -2.643  0.1170E+00  0.5068E-01  0.1326E-01  0.3409E-01  0.1082E-01  0.1018E-01  0.4254E-02  0.9059E-02  0.5092E-02
     -2.607  0.1333E+00  0.4775E-01  0.1627E-01  0.3240E-01  0.1254E-01  0.1106E-01  0.4881E-02  0.1063E-01  0.5498E-02
     -2.571  0.1475E+00  0.4507E-01  0.1932E-01  0.3132E-01  0.1408E-01  0.1156E-01  0.5813E-02  0.1207E-01  0.5948E-02
     -2.536  0.1584E+00  0.4258E-01  0.2211E-01  0.3074E-01  0.1520E-01  0.1159E-01  0.7111E-02  0.1319E-01  0.6340E-02
     -2.500  0.1651E+00  0.4026E-01  0.2436E-01  0.3051E-01  0.1574E-01  0.1113E-01  0.8775E-02  0.1385E-01  0.6586E-02
     -2.464  0.1672E+00  0.3811E-01  0.2585E-01  0.3046E-01  0.1559E-01  0.1024E-01  0.1071E-01  0.1398E-01  0.6624E-02
     -2.429  0.1642E+00  0.3612E-01  0.2649E-01  0.3039E-01  0.1478E-01  0.9022E-02  0.1273E-01  0.1354E-01  0.6432E-02
     -2.393  0.1561E+00  0.3417E-01  0.2631E-01  0.3017E-01  0.1342E-01  0.7618E-02  0.1456E-01  0.1261E-01  0.6024E-02
     -2.357  0.1435E+00  0.3215E-01  0.2543E-01  0.2973E-01  0.1169E-01  0.6166E-02  0.1588E-01  0.1127E-01  0.5446E-02
     -2.322  0.1272E+00  0.2990E-01  0.2405E-01  0.2910E-01  0.9810E-02  0.4787E-02  0.1645E-01  0.9689E-02  0.4771E-02
     -2.286  0.1085E+00  0.2739E-01  0.2235E-01  0.2842E-01  0.7985E-02  0.3569E-02  0.1614E-01  0.8014E-02  0.4083E-02
     -2.250  0.8882E-01  0.2469E-01  0.2049E-01  0.2793E-01  0.6359E-02  0.2566E-02  0.1497E-01  0.6395E-02  0.3466E-02
     -2.215  0.6968E-01  0.2199E-01  0.1856E-01  0.2789E-01  0.5017E-02  0.1798E-02  0.1313E-01  0.4955E-02  0.2991E-02
     -2.179  0.5233E-01  0.1952E-01  0.1663E-01  0.2850E-01  0.3978E-02  0.1257E-02  0.1089E-01  0.3778E-02  0.2704E-02
     -2.143  0.3765E-01  0.1749E-01  0.1475E-01  0.2983E-01  0.3218E-02  0.9174E-03  0.8570E-02  0.2903E-02  0.2616E-02
     -2.108  0.2604E-01  0.1599E-01  0.1296E-01  0.3174E-01  0.2684E-02  0.7411E-03  0.6418E-02  0.2328E-02  0.2700E-02
     -2.072  0.1746E-01  0.1497E-01  0.1132E-01  0.3385E-01  0.2317E-02  0.6862E-03  0.4610E-02  0.2013E-02  0.2897E-02
     -2.036  0.1159E-01  0.1429E-01  0.9891E-02  0.3565E-01  0.2062E-02  0.7109E-03  0.3228E-02  0.1897E-02  0.3127E-02
     -2.001  0.7937E-02  0.1370E-01  0.8711E-02  0.3658E-01  0.1871E-02  0.7779E-03  0.2273E-02  0.1908E-02  0.3305E-02
     -1.965  0.5994E-02  0.1301E-01  0.7816E-02  0.3618E-01  0.1709E-02  0.8573E-03  0.1698E-02  0.1982E-02  0.3366E-02
     -1.929  0.5315E-02  0.1210E-01  0.7241E-02  0.3429E-01  0.1554E-02  0.9307E-03  0.1435E-02  0.2071E-02  0.3272E-02
     -1.894  0.5528E-02  0.1096E-01  0.7042E-02  0.3105E-01  0.1396E-02  0.9947E-03  0.1414E-02  0.2155E-02  0.3024E-02
     -1.858  0.6326E-02  0.9687E-02  0.7309E-02  0.2687E-01  0.1236E-02  0.1064E-02  0.1568E-02  0.2237E-02  0.2657E-02
     -1.823  0.7434E-02  0.8423E-02  0.8169E-02  0.2232E-01  0.1082E-02  0.1173E-02  0.1837E-02  0.2334E-02  0.2222E-02
     -1.787  0.8583E-02  0.7319E-02  0.9758E-02  0.1795E-01  0.9414E-03  0.1374E-02  0.2161E-02  0.2464E-02  0.1780E-02
     -1.751  0.9521E-02  0.6478E-02  0.1218E-01  0.1419E-01  0.8234E-03  0.1730E-02  0.2490E-02  0.2636E-02  0.1378E-02
     -1.716  0.1004E-01  0.5935E-02  0.1547E-01  0.1128E-01  0.7322E-03  0.2303E-02  0.2781E-02  0.2840E-02  0.1050E-02
     -1.680  0.1001E-01  0.5670E-02  0.1953E-01  0.9267E-02  0.6685E-03  0.3140E-02  0.3012E-02  0.3054E-02  0.8109E-03
     -1.644  0.9413E-02  0.5632E-02  0.2416E-01  0.8081E-02  0.6306E-03  0.4247E-02  0.3176E-02  0.3246E-02  0.6625E-03
     -1.609  0.8364E-02  0.5764E-02  0.2900E-01  0.7595E-02  0.6156E-03  0.5577E-02  0.3290E-02  0.3394E-02  0.5979E-03
     -1.573  0.7051E-02  0.6022E-02  0.3365E-01  0.7674E-02  0.6215E-03  0.7025E-02  0.3381E-02  0.3484E-02  0.6064E-03
     -1.537  0.5715E-02  0.6378E-02  0.3765E-01  0.8197E-02  0.6476E-03  0.8431E-02  0.3483E-02  0.3521E-02  0.6763E-03
     -1.502  0.4600E-02  0.6818E-02  0.4063E-01  0.9062E-02  0.6962E-03  0.9616E-02  0.3620E-02  0.3515E-02  0.7960E-03
     -1.466  0.3918E-02  0.7341E-02  0.4232E-01  0.1017E-01  0.7740E-03  0.1041E-01  0.3809E-02  0.3480E-02  0.9545E-03
     -1.430  0.3832E-02  0.7972E-02  0.4261E-01  0.1143E-01  0.8945E-03  0.1070E-01  0.4047E-02  0.3423E-02  0.1142E-02
     -1.395  0.4451E-02  0.8782E-02  0.4155E-01  0.1276E-01  0.1083E-02  0.1046E-01  0.4324E-02  0.3342E-02  0.1353E-02
     -1.359  0.5818E-02  0.9918E-02  0.3930E-01  0.1409E-01  0.1379E-02  0.9738E-02  0.4617E-02  0.3232E-02  0.1587E-02
     -1.323  0.7892E-02  0.1163E-01  0.3614E-01  0.1544E-01  0.1847E-02  0.8649E-02  0.4902E-02  0.3089E-02  0.1854E-02
     -1.288  0.1054E-01  0.1427E-01  0.3239E-01  0.1688E-01  0.2566E-02  0.7351E-02  0.5151E-02  0.2923E-02  0.2176E-02
     -1.252  0.1352E-01  0.1825E-01  0.2842E-01  0.1858E-01  0.3632E-02  0.6004E-02  0.5342E-02  0.2753E-02  0.2586E-02
     -1.216  0.1654E-01  0.2396E-01  0.2464E-01  0.2075E-01  0.5129E-02  0.4743E-02  0.5455E-02  0.2617E-02  0.3122E-02
     -1.181  0.1929E-01  0.3163E-01  0.2141E-01  0.2359E-01  0.7107E-02  0.3667E-02  0.5476E-02  0.2555E-02  0.3816E-02
     -1.145  0.2154E-01  0.4118E-01  0.1905E-01  0.2722E-01  0.9543E-02  0.2830E-02  0.5403E-02  0.2608E-02  0.4680E-02
     -1.109  0.2325E-01  0.5211E-01  0.1774E-01  0.3159E-01  0.1232E-01  0.2248E-02  0.5244E-02  0.2802E-02  0.5692E-02
     -1.074  0.2461E-01  0.6352E-01  0.1749E-01  0.3648E-01  0.1520E-01  0.1909E-02  0.5018E-02  0.3148E-02  0.6790E-02
     -1.038  0.2602E-01  0.7420E-01  0.1819E-01  0.4145E-01  0.1789E-01  0.1781E-02  0.4755E-02  0.3632E-02  0.7879E-02
     -1.002  0.2804E-01  0.8286E-01  0.1960E-01  0.4600E-01  0.2005E-01  0.1820E-02  0.4484E-02  0.4224E-02  0.8847E-02
     -0.967  0.3124E-01  0.8846E-01  0.2136E-01  0.4958E-01  0.2143E-01  0.1980E-02  0.4228E-02  0.4874E-02  0.9595E-02
     -0.931  0.3605E-01  0.9038E-01  0.2313E-01  0.5181E-01  0.2186E-01  0.2214E-02  0.4002E-02  0.5519E-02  0.1006E-01
     -0.895  0.4261E-01  0.8859E-01  0.2455E-01  0.5246E-01  0.2135E-01  0.2478E-02  0.3812E-02  0.6093E-02  0.1025E-01
     -0.860  0.5067E-01  0.8356E-01  0.2530E-01  0.5155E-01  0.2008E-01  0.2732E-02  0.3658E-02  0.6527E-02  0.1024E-01
     -0.824  0.5958E-01  0.7613E-01  0.2517E-01  0.4930E-01  0.1833E-01  0.2946E-02  0.3543E-02  0.6765E-02  0.1015E-01
     -0.788  0.6835E-01  0.6723E-01  0.2408E-01  0.4603E-01  0.1641E-01  0.3105E-02  0.3476E-02  0.6777E-02  0.1013E-01
     -0.753  0.7580E-01  0.5775E-01  0.2208E-01  0.4208E-01  0.1461E-01  0.3209E-02  0.3476E-02  0.6562E-02  0.1033E-01
     -0.717  0.8083E-01  0.4835E-01  0.1937E-01  0.3774E-01  0.1310E-01  0.3275E-02  0.3569E-02  0.6159E-02  0.1084E-01
     -0.681  0.8265E-01  0.3952E-01  0.1625E-01  0.3325E-01  0.1197E-01  0.3332E-02  0.3775E-02  0.5635E-02  0.1168E-01
     -0.646  0.8090E-01  0.3155E-01  0.1307E-01  0.2876E-01  0.1115E-01  0.3405E-02  0.4099E-02  0.5081E-02  0.1275E-01
     -0.610  0.7579E-01  0.2459E-01  0.1015E-01  0.2441E-01  0.1055E-01  0.3511E-02  0.4519E-02  0.4591E-02  0.1389E-01
     -0.574  0.6798E-01  0.1874E-01  0.7762E-02  0.2035E-01  0.1002E-01  0.3650E-02  0.4982E-02  0.4249E-02  0.1487E-01
     -0.539  0.5843E-01  0.1402E-01  0.6056E-02  0.1674E-01  0.9423E-02  0.3808E-02  0.5405E-02  0.4111E-02  0.1544E-01
     -0.503  0.4821E-01  0.1043E-01  0.5083E-02  0.1381E-01  0.8679E-02  0.3964E-02  0.5700E-02  0.4197E-02  0.1542E-01
     -0.467  0.3828E-01  0.7915E-02  0.4802E-02  0.1175E-01  0.7769E-02  0.4097E-02  0.5792E-02  0.4487E-02  0.1476E-01
     -0.432  0.2940E-01  0.6419E-02  0.5102E-02  0.1080E-01  0.6735E-02  0.4193E-02  0.5648E-02  0.4922E-02  0.1352E-01
     -0.396  0.2205E-01  0.5884E-02  0.5827E-02  0.1112E-01  0.5673E-02  0.4242E-02  0.5285E-02  0.5413E-02  0.1189E-01
     -0.360  0.1647E-01  0.6256E-02  0.6802E-02  0.1285E-01  0.4699E-02  0.4237E-02  0.4777E-02  0.5855E-02  0.1013E-01
     -0.325  0.1272E-01  0.7474E-02  0.7853E-02  0.1599E-01  0.3933E-02  0.4167E-02  0.4228E-02  0.6153E-02  0.8528E-02
     -0.289  0.1082E-01  0.9445E-02  0.8819E-02  0.2039E-01  0.3469E-02  0.4022E-02  0.3750E-02  0.6240E-02  0.7297E-02
     -0.253  0.1078E-01  0.1202E-01  0.9569E-02  0.2570E-01  0.3364E-02  0.3796E-02  0.3436E-02  0.6095E-02  0.6559E-02
     -0.218  0.1268E-01  0.1497E-01  0.1001E-01  0.3142E-01  0.3636E-02  0.3493E-02  0.3339E-02  0.5743E-02  0.6328E-02
     -0.182  0.1658E-01  0.1801E-01  0.1011E-01  0.3692E-01  0.4256E-02  0.3136E-02  0.3469E-02  0.5247E-02  0.6526E-02
     -0.146  0.2247E-01  0.2081E-01  0.9854E-02  0.4159E-01  0.5155E-02  0.2758E-02  0.3790E-02  0.4690E-02  0.7016E-02
     -0.111  0.3009E-01  0.2306E-01  0.9304E-02  0.4494E-01  0.6227E-02  0.2402E-02  0.4240E-02  0.4150E-02  0.7639E-02
     -0.075  0.3886E-01  0.2452E-01  0.8546E-02  0.4666E-01  0.7333E-02  0.2106E-02  0.4734E-02  0.3686E-02  0.8244E-02
     -0.039  0.4783E-01  0.2504E-01  0.7691E-02  0.4667E-01  0.8323E-02  0.1899E-02  0.5184E-02  0.3330E-02  0.8711E-02
     -0.004  0.5583E-01  0.2461E-01  0.6855E-02  0.4509E-01  0.9057E-02  0.1798E-02  0.5509E-02  0.3084E-02  0.8972E-02
      0.032  0.6172E-01  0.2335E-01  0.6137E-02  0.4218E-01  0.9443E-02  0.1811E-02  0.5650E-02  0.2933E-02  0.9015E-02
      0.068  0.6473E-01  0.2149E-01  0.5617E-02  0.3833E-01  0.9461E-02  0.1950E-02  0.5578E-02  0.2855E-02  0.8900E-02
      0.103  0.6468E-01  0.1935E-01  0.5355E-02  0.3402E-01  0.9183E-02  0.2237E-02  0.5304E-02  0.2832E-02  0.8753E-02
      0.139  0.6216E-01  0.1732E-01  0.5415E-02  0.2978E-01  0.8767E-02  0.2711E-02  0.4875E-02  0.2861E-02  0.8755E-02
      0.175  0.5837E-01  0.1578E-01  0.5877E-02  0.2616E-01  0.8418E-02  0.3427E-02  0.4366E-02  0.2953E-02  0.9112E-02
      0.210  0.5478E-01  0.1507E-01  0.6858E-02  0.2366E-01  0.8338E-02  0.4436E-02  0.3864E-02  0.3135E-02  0.9999E-02
      0.246  0.5275E-01  0.1538E-01  0.8498E-02  0.2258E-01  0.8660E-02  0.5760E-02  0.3446E-02  0.3431E-02  0.1150E-01
      0.282  0.5307E-01  0.1674E-01  0.1092E-01  0.2301E-01  0.9408E-02  0.7364E-02  0.3163E-02  0.3854E-02  0.1357E-01
      0.317  0.5577E-01  0.1891E-01  0.1417E-01  0.2470E-01  0.1047E-01  0.9129E-02  0.3036E-02  0.4393E-02  0.1596E-01
      0.353  0.6011E-01  0.2147E-01  0.1813E-01  0.2715E-01  0.1163E-01  0.1086E-01  0.3058E-02  0.4998E-02  0.1832E-01
      0.389  0.6487E-01  0.2387E-01  0.2252E-01  0.2967E-01  0.1260E-01  0.1230E-01  0.3214E-02  0.5594E-02  0.2019E-01
      0.424  0.6882E-01  0.2560E-01  0.2686E-01  0.3155E-01  0.1313E-01  0.1322E-01  0.3497E-02  0.6090E-02  0.2119E-01
      0.460  0.7119E-01  0.2630E-01  0.3059E-01  0.3229E-01  0.1308E-01  0.1345E-01  0.3935E-02  0.6407E-02  0.2107E-01
      0.495  0.7206E-01  0.2590E-01  0.3323E-01  0.3167E-01  0.1242E-01  0.1293E-01  0.4592E-02  0.6501E-02  0.1981E-01
      0.531  0.7240E-01  0.2464E-01  0.3450E-01  0.2984E-01  0.1129E-01  0.1178E-01  0.5561E-02  0.6376E-02  0.1762E-01
      0.567  0.7386E-01  0.2296E-01  0.3443E-01  0.2724E-01  0.9946E-02  0.1019E-01  0.6923E-02  0.6090E-02  0.1490E-01
      0.602  0.7826E-01  0.2139E-01  0.3338E-01  0.2442E-01  0.8652E-02  0.8422E-02  0.8710E-02  0.5731E-02  0.1208E-01
      0.638  0.8701E-01  0.2040E-01  0.3194E-01  0.2193E-01  0.7649E-02  0.6721E-02  0.1086E-01  0.5391E-02  0.9573E-02
      0.674  0.1006E+00  0.2023E-01  0.3070E-01  0.2008E-01  0.7084E-02  0.5265E-02  0.1319E-01  0.5135E-02  0.7656E-02
      0.709  0.1182E+00  0.2088E-01  0.3015E-01  0.1900E-01  0.6990E-02  0.4137E-02  0.1545E-01  0.4985E-02  0.6473E-02
      0.745  0.1379E+00  0.2214E-01  0.3047E-01  0.1857E-01  0.7297E-02  0.3336E-02  0.1731E-01  0.4916E-02  0.6038E-02
      0.781  0.1570E+00  0.2366E-01  0.3160E-01  0.1854E-01  0.7863E-02  0.2802E-02  0.1852E-01  0.4874E-02  0.6274E-02
      0.816  0.1725E+00  0.2511E-01  0.3322E-01  0.1864E-01  0.8520E-02  0.2457E-02  0.1889E-01  0.4802E-02  0.7052E-02
      0.852  0.1821E+00  0.2619E-01  0.3496E-01  0.1865E-01  0.9111E-02  0.2234E-02  0.1840E-01  0.4663E-02  0.8222E-02
      0.888  0.1842E+00  0.2674E-01  0.3647E-01  0.1844E-01  0.9526E-02  0.2098E-02  0.1717E-01  0.4463E-02  0.9627E-02
      0.923  0.1786E+00  0.2671E-01  0.3760E-01  0.1802E-01  0.9711E-02  0.2048E-02  0.1545E-01  0.4248E-02  0.1111E-01
      0.959  0.1665E+00  0.2615E-01  0.3847E-01  0.1747E-01  0.9672E-02  0.2107E-02  0.1353E-01  0.4097E-02  0.1251E-01
      0.995  0.1495E+00  0.2514E-01  0.3944E-01  0.1691E-01  0.9455E-02  0.2314E-02  0.1172E-01  0.4099E-02  0.1370E-01
      1.030  0.1300E+00  0.2380E-01  0.4102E-01  0.1647E-01  0.9132E-02  0.2699E-02  0.1028E-01  0.4330E-02  0.1453E-01
      1.066  0.1101E+00  0.2221E-01  0.4375E-01  0.1623E-01  0.8774E-02  0.3275E-02  0.9403E-02  0.4836E-02  0.1494E-01
      1.102  0.9142E-01  0.2049E-01  0.4796E-01  0.1619E-01  0.8439E-02  0.4029E-02  0.9214E-02  0.5611E-02  0.1488E-01
      1.137  0.7517E-01  0.1870E-01  0.5367E-01  0.1630E-01  0.8166E-02  0.4914E-02  0.9765E-02  0.6598E-02  0.1436E-01
      1.173  0.6193E-01  0.1692E-01  0.6051E-01  0.1647E-01  0.7972E-02  0.5855E-02  0.1104E-01  0.7691E-02  0.1343E-01
      1.209  0.5195E-01  0.1521E-01  0.6780E-01  0.1658E-01  0.7857E-02  0.6759E-02  0.1294E-01  0.8756E-02  0.1221E-01
      1.244  0.4528E-01  0.1361E-01  0.7471E-01  0.1655E-01  0.7804E-02  0.7529E-02  0.1530E-01  0.9653E-02  0.1080E-01
      1.280  0.4191E-01  0.1219E-01  0.8052E-01  0.1637E-01  0.7783E-02  0.8087E-02  0.1790E-01  0.1027E-01  0.9336E-02
      1.316  0.4176E-01  0.1099E-01  0.8478E-01  0.1604E-01  0.7753E-02  0.8388E-02  0.2044E-01  0.1053E-01  0.7919E-02
      1.351  0.4454E-01  0.1005E-01  0.8742E-01  0.1564E-01  0.7669E-02  0.8436E-02  0.2263E-01  0.1042E-01  0.6633E-02
      1.387  0.4967E-01  0.9391E-02  0.8865E-01  0.1524E-01  0.7493E-02  0.8283E-02  0.2418E-01  0.9992E-02  0.5520E-02
      1.423  0.5613E-01  0.8981E-02  0.8886E-01  0.1490E-01  0.7206E-02  0.8020E-02  0.2491E-01  0.9321E-02  0.4597E-02
      1.458  0.6260E-01  0.8770E-02  0.8845E-01  0.1465E-01  0.6811E-02  0.7764E-02  0.2470E-01  0.8528E-02  0.3855E-02
      1.494  0.6764E-01  0.8697E-02  0.8769E-01  0.1452E-01  0.6337E-02  0.7643E-02  0.2358E-01  0.7747E-02  0.3282E-02
      1.530  0.7007E-01  0.8728E-02  0.8680E-01  0.1450E-01  0.5845E-02  0.7777E-02  0.2168E-01  0.7112E-02  0.2874E-02
      1.565  0.6922E-01  0.8892E-02  0.8595E-01  0.1465E-01  0.5414E-02  0.8259E-02  0.1923E-01  0.6740E-02  0.2643E-02
      1.601  0.6518E-01  0.9290E-02  0.8534E-01  0.1508E-01  0.5143E-02  0.9141E-02  0.1650E-01  0.6718E-02  0.2619E-02
      1.637  0.5872E-01  0.1009E-01  0.8520E-01  0.1597E-01  0.5134E-02  0.1040E-01  0.1378E-01  0.7076E-02  0.2846E-02
      1.672  0.5107E-01  0.1150E-01  0.8563E-01  0.1750E-01  0.5471E-02  0.1194E-01  0.1130E-01  0.7774E-02  0.3366E-02
      1.708  0.4356E-01  0.1368E-01  0.8647E-01  0.1980E-01  0.6199E-02  0.1354E-01  0.9254E-02  0.8698E-02  0.4202E-02
      1.744  0.3729E-01  0.1668E-01  0.8726E-01  0.2287E-01  0.7300E-02  0.1496E-01  0.7709E-02  0.9667E-02  0.5342E-02
      1.779  0.3295E-01  0.2044E-01  0.8720E-01  0.2652E-01  0.8684E-02  0.1590E-01  0.6654E-02  0.1047E-01  0.6730E-02
      1.815  0.3082E-01  0.2470E-01  0.8549E-01  0.3035E-01  0.1020E-01  0.1618E-01  0.6008E-02  0.1092E-01  0.8267E-02
      1.851  0.3087E-01  0.2914E-01  0.8148E-01  0.3389E-01  0.1167E-01  0.1569E-01  0.5662E-02  0.1090E-01  0.9826E-02
      1.886  0.3294E-01  0.3340E-01  0.7501E-01  0.3667E-01  0.1293E-01  0.1455E-01  0.5508E-02  0.1037E-01  0.1129E-01
      1.922  0.3686E-01  0.3723E-01  0.6642E-01  0.3841E-01  0.1389E-01  0.1296E-01  0.5466E-02  0.9441E-02  0.1256E-01
      1.958  0.4248E-01  0.4055E-01  0.5650E-01  0.3907E-01  0.1455E-01  0.1124E-01  0.5489E-02  0.8267E-02  0.1359E-01
      1.993  0.4962E-01  0.4348E-01  0.4624E-01  0.3886E-01  0.1496E-01  0.9714E-02  0.5547E-02  0.7057E-02  0.1440E-01
      2.029  0.5796E-01  0.4619E-01  0.3663E-01  0.3819E-01  0.1526E-01  0.8614E-02  0.5623E-02  0.6002E-02  0.1499E-01
      2.065  0.6700E-01  0.4884E-01  0.2840E-01  0.3748E-01  0.1551E-01  0.8052E-02  0.5694E-02  0.5239E-02  0.1540E-01
      2.100  0.7609E-01  0.5137E-01  0.2199E-01  0.3702E-01  0.1576E-01  0.8002E-02  0.5743E-02  0.4834E-02  0.1563E-01
      2.136  0.8454E-01  0.5351E-01  0.1751E-01  0.3695E-01  0.1596E-01  0.8323E-02  0.5764E-02  0.4789E-02  0.1567E-01
      2.172  0.9183E-01  0.5477E-01  0.1485E-01  0.3717E-01  0.1602E-01  0.8813E-02  0.5775E-02  0.5054E-02  0.1550E-01
      2.207  0.9769E-01  0.5469E-01  0.1377E-01  0.3748E-01  0.1582E-01  0.9271E-02  0.5822E-02  0.5560E-02  0.1512E-01
      2.243  0.1021E+00  0.5293E-01  0.1400E-01  0.3768E-01  0.1531E-01  0.9545E-02  0.5963E-02  0.6233E-02  0.1457E-01
      2.279  0.1053E+00  0.4952E-01  0.1523E-01  0.3760E-01  0.1449E-01  0.9565E-02  0.6252E-02  0.7006E-02  0.1391E-01
      2.314  0.1075E+00  0.4482E-01  0.1715E-01  0.3721E-01  0.1346E-01  0.9341E-02  0.6706E-02  0.7809E-02  0.1323E-01
      2.350  0.1086E+00  0.3950E-01  0.1941E-01  0.3653E-01  0.1233E-01  0.8939E-02  0.7285E-02  0.8566E-02  0.1264E-01
      2.386  0.1083E+00  0.3429E-01  0.2158E-01  0.3563E-01  0.1122E-01  0.8444E-02  0.7894E-02  0.9187E-02  0.1218E-01
      2.421  0.1065E+00  0.2991E-01  0.2327E-01  0.3456E-01  0.1026E-01  0.7932E-02  0.8404E-02  0.9579E-02  0.1189E-01
      2.457  0.1028E+00  0.2685E-01  0.2409E-01  0.3338E-01  0.9475E-02  0.7453E-02  0.8688E-02  0.9669E-02  0.1175E-01
      2.493  0.9719E-01  0.2535E-01  0.2384E-01  0.3212E-01  0.8899E-02  0.7037E-02  0.8663E-02  0.9427E-02  0.1174E-01
      2.528  0.9018E-01  0.2539E-01  0.2252E-01  0.3084E-01  0.8520E-02  0.6704E-02  0.8317E-02  0.8887E-02  0.1181E-01
      2.564  0.8248E-01  0.2674E-01  0.2033E-01  0.2961E-01  0.8312E-02  0.6467E-02  0.7708E-02  0.8138E-02  0.1192E-01
      2.600  0.7490E-01  0.2897E-01  0.1763E-01  0.2849E-01  0.8241E-02  0.6338E-02  0.6944E-02  0.7307E-02  0.1199E-01
      2.635  0.6810E-01  0.3156E-01  0.1483E-01  0.2756E-01  0.8261E-02  0.6314E-02  0.6149E-02  0.6516E-02  0.1196E-01
      2.671  0.6241E-01  0.3393E-01  0.1229E-01  0.2682E-01  0.8321E-02  0.6371E-02  0.5429E-02  0.5860E-02  0.1179E-01
      2.707  0.5786E-01  0.3556E-01  0.1031E-01  0.2628E-01  0.8371E-02  0.6468E-02  0.4866E-02  0.5378E-02  0.1142E-01
      2.742  0.5430E-01  0.3605E-01  0.9068E-02  0.2594E-01  0.8373E-02  0.6560E-02  0.4517E-02  0.5067E-02  0.1089E-01
      2.778  0.5168E-01  0.3526E-01  0.8710E-02  0.2581E-01  0.8318E-02  0.6623E-02  0.4437E-02  0.4895E-02  0.1025E-01
      2.814  0.5009E-01  0.3328E-01  0.9368E-02  0.2594E-01  0.8230E-02  0.6671E-02  0.4695E-02  0.4828E-02  0.9614E-02
      2.849  0.4986E-01  0.3047E-01  0.1118E-01  0.2641E-01  0.8164E-02  0.6761E-02  0.5373E-02  0.4844E-02  0.9138E-02
      2.885  0.5138E-01  0.2731E-01  0.1428E-01  0.2728E-01  0.8192E-02  0.6978E-02  0.6544E-02  0.4938E-02  0.8960E-02
      2.920  0.5490E-01  0.2430E-01  0.1871E-01  0.2858E-01  0.8381E-02  0.7400E-02  0.8230E-02  0.5116E-02  0.9174E-02
      2.956  0.6034E-01  0.2185E-01  0.2435E-01  0.3024E-01  0.8770E-02  0.8067E-02  0.1036E-01  0.5381E-02  0.9797E-02
      2.992  0.6716E-01  0.2018E-01  0.3093E-01  0.3212E-01  0.9350E-02  0.8948E-02  0.1275E-01  0.5725E-02  0.1075E-01
      3.027  0.7446E-01  0.1932E-01  0.3800E-01  0.3400E-01  0.1006E-01  0.9950E-02  0.1512E-01  0.6126E-02  0.1187E-01
      3.063  0.8112E-01  0.1915E-01  0.4507E-01  0.3563E-01  0.1079E-01  0.1094E-01  0.1712E-01  0.6560E-02  0.1296E-01
      3.099  0.8608E-01  0.1951E-01  0.5176E-01  0.3676E-01  0.1141E-01  0.1177E-01  0.1846E-01  0.7005E-02  0.1383E-01
      3.134  0.8859E-01  0.2022E-01  0.5783E-01  0.3727E-01  0.1183E-01  0.1236E-01  0.1894E-01  0.7452E-02  0.1435E-01
      3.170  0.8838E-01  0.2115E-01  0.6328E-01  0.3712E-01  0.1196E-01  0.1268E-01  0.1853E-01  0.7895E-02  0.1451E-01
      3.206  0.8572E-01  0.2224E-01  0.6818E-01  0.3646E-01  0.1183E-01  0.1275E-01  0.1737E-01  0.8324E-02  0.1440E-01
      3.241  0.8125E-01  0.2342E-01  0.7255E-01  0.3551E-01  0.1150E-01  0.1264E-01  0.1571E-01  0.8708E-02  0.1419E-01
      3.277  0.7583E-01  0.2460E-01  0.7625E-01  0.3457E-01  0.1110E-01  0.1241E-01  0.1382E-01  0.8999E-02  0.1405E-01
      3.313  0.7023E-01  0.2567E-01  0.7892E-01  0.3392E-01  0.1073E-01  0.1206E-01  0.1196E-01  0.9135E-02  0.1413E-01
      3.348  0.6501E-01  0.2649E-01  0.8012E-01  0.3375E-01  0.1049E-01  0.1158E-01  0.1030E-01  0.9065E-02  0.1449E-01
      3.384  0.6039E-01  0.2694E-01  0.7952E-01  0.3419E-01  0.1040E-01  0.1093E-01  0.8910E-02  0.8764E-02  0.1507E-01
      3.420  0.5628E-01  0.2696E-01  0.7702E-01  0.3523E-01  0.1043E-01  0.1009E-01  0.7810E-02  0.8249E-02  0.1572E-01
      3.455  0.5248E-01  0.2659E-01  0.7287E-01  0.3681E-01  0.1050E-01  0.9065E-02  0.6976E-02  0.7573E-02  0.1625E-01
      3.491  0.4871E-01  0.2591E-01  0.6754E-01  0.3873E-01  0.1049E-01  0.7898E-02  0.6370E-02  0.6806E-02  0.1644E-01
      3.527  0.4483E-01  0.2503E-01  0.6162E-01  0.4072E-01  0.1034E-01  0.6669E-02  0.5945E-02  0.6018E-02  0.1614E-01
      3.562  0.4085E-01  0.2402E-01  0.5558E-01  0.4241E-01  0.9976E-02  0.5464E-02  0.5651E-02  0.5261E-02  0.1529E-01
      3.598  0.3695E-01  0.2288E-01  0.4971E-01  0.4340E-01  0.9393E-02  0.4357E-02  0.5426E-02  0.4563E-02  0.1395E-01
      3.634  0.3343E-01  0.2157E-01  0.4411E-01  0.4330E-01  0.8621E-02  0.3400E-02  0.5205E-02  0.3933E-02  0.1223E-01
      3.669  0.3068E-01  0.2004E-01  0.3872E-01  0.4185E-01  0.7722E-02  0.2611E-02  0.4933E-02  0.3370E-02  0.1034E-01
      3.705  0.2904E-01  0.1826E-01  0.3348E-01  0.3902E-01  0.6781E-02  0.1991E-02  0.4579E-02  0.2871E-02  0.8472E-02
      3.741  0.2879E-01  0.1632E-01  0.2839E-01  0.3505E-01  0.5891E-02  0.1521E-02  0.4145E-02  0.2435E-02  0.6807E-02
      3.776  0.3005E-01  0.1436E-01  0.2359E-01  0.3038E-01  0.5138E-02  0.1178E-02  0.3670E-02  0.2066E-02  0.5469E-02
      3.812  0.3282E-01  0.1255E-01  0.1928E-01  0.2558E-01  0.4590E-02  0.9382E-03  0.3213E-02  0.1768E-02  0.4521E-02
      3.848  0.3690E-01  0.1108E-01  0.1574E-01  0.2119E-01  0.4286E-02  0.7784E-03  0.2846E-02  0.1541E-02  0.3969E-02
      3.883  0.4189E-01  0.1005E-01  0.1321E-01  0.1760E-01  0.4236E-02  0.6809E-03  0.2633E-02  0.1384E-02  0.3773E-02
      3.919  0.4722E-01  0.9494E-02  0.1190E-01  0.1500E-01  0.4411E-02  0.6330E-03  0.2623E-02  0.1298E-02  0.3869E-02
      3.955  0.5217E-01  0.9380E-02  0.1193E-01  0.1338E-01  0.4755E-02  0.6277E-03  0.2846E-02  0.1285E-02  0.4186E-02
      3.990  0.5594E-01  0.9650E-02  0.1335E-01  0.1259E-01  0.5186E-02  0.6629E-03  0.3312E-02  0.1355E-02  0.4655E-02
      4.026  0.5786E-01  0.1024E-01  0.1613E-01  0.1242E-01  0.5614E-02  0.7411E-03  0.4017E-02  0.1522E-02  0.5213E-02
      4.062  0.5749E-01  0.1110E-01  0.2015E-01  0.1266E-01  0.5956E-02  0.8678E-03  0.4938E-02  0.1808E-02  0.5806E-02
      4.097  0.5475E-01  0.1217E-01  0.2519E-01  0.1316E-01  0.6152E-02  0.1050E-02  0.6035E-02  0.2229E-02  0.6383E-02
      4.133  0.4998E-01  0.1335E-01  0.3091E-01  0.1379E-01  0.6179E-02  0.1293E-02  0.7243E-02  0.2794E-02  0.6898E-02
      4.169  0.4381E-01  0.1454E-01  0.3689E-01  0.1445E-01  0.6048E-02  0.1602E-02  0.8478E-02  0.3499E-02  0.7311E-02
      4.204  0.3704E-01  0.1557E-01  0.4262E-01  0.1506E-01  0.5802E-02  0.1977E-02  0.9636E-02  0.4317E-02  0.7599E-02
      4.240  0.3040E-01  0.1631E-01  0.4759E-01  0.1552E-01  0.5499E-02  0.2409E-02  0.1061E-01  0.5204E-02  0.7759E-02
      4.276  0.2444E-01  0.1665E-01  0.5135E-01  0.1579E-01  0.5194E-02  0.2882E-02  0.1131E-01  0.6096E-02  0.7809E-02
      4.311  0.1948E-01  0.1659E-01  0.5354E-01  0.1587E-01  0.4933E-02  0.3368E-02  0.1168E-01  0.6912E-02  0.7778E-02
      4.347  0.1562E-01  0.1622E-01  0.5399E-01  0.1583E-01  0.4747E-02  0.3831E-02  0.1168E-01  0.7568E-02  0.7698E-02
      4.383  0.1281E-01  0.1574E-01  0.5267E-01  0.1585E-01  0.4657E-02  0.4229E-02  0.1134E-01  0.7985E-02  0.7590E-02
      4.418  0.1093E-01  0.1542E-01  0.4975E-01  0.1618E-01  0.4688E-02  0.4527E-02  0.1070E-01  0.8109E-02  0.7469E-02
      4.454  0.9911E-02  0.1558E-01  0.4557E-01  0.1710E-01  0.4879E-02  0.4707E-02  0.9850E-02  0.7925E-02  0.7353E-02
      4.490  0.9728E-02  0.1655E-01  0.4058E-01  0.1894E-01  0.5290E-02  0.4777E-02  0.8876E-02  0.7469E-02  0.7278E-02
      4.525  0.1043E-01  0.1866E-01  0.3533E-01  0.2196E-01  0.5994E-02  0.4777E-02  0.7889E-02  0.6827E-02  0.7305E-02
      4.561  0.1213E-01  0.2216E-01  0.3040E-01  0.2634E-01  0.7055E-02  0.4768E-02  0.6995E-02  0.6115E-02  0.7513E-02
      4.597  0.1491E-01  0.2716E-01  0.2627E-01  0.3209E-01  0.8502E-02  0.4818E-02  0.6284E-02  0.5459E-02  0.7970E-02
      4.632  0.1878E-01  0.3353E-01  0.2327E-01  0.3907E-01  0.1030E-01  0.4979E-02  0.5814E-02  0.4961E-02  0.8699E-02
      4.668  0.2364E-01  0.4086E-01  0.2148E-01  0.4690E-01  0.1232E-01  0.5265E-02  0.5591E-02  0.4677E-02  0.9648E-02
      4.704  0.2917E-01  0.4845E-01  0.2074E-01  0.5503E-01  0.1437E-01  0.5644E-02  0.5574E-02  0.4610E-02  0.1069E-01
      4.739  0.3493E-01  0.5545E-01  0.2070E-01  0.6278E-01  0.1623E-01  0.6049E-02  0.5678E-02  0.4710E-02  0.1163E-01
      4.775  0.4035E-01  0.6099E-01  0.2091E-01  0.6941E-01  0.1768E-01  0.6393E-02  0.5805E-02  0.4900E-02  0.1227E-01
      4.811  0.4486E-01  0.6448E-01  0.2096E-01  0.7427E-01  0.1853E-01  0.6611E-02  0.5866E-02  0.5099E-02  0.1247E-01
      4.846  0.4802E-01  0.6567E-01  0.2056E-01  0.7686E-01  0.1872E-01  0.6677E-02  0.5801E-02  0.5251E-02  0.1216E-01
      4.882  0.4957E-01  0.6478E-01  0.1962E-01  0.7697E-01  0.1827E-01  0.6623E-02  0.5595E-02  0.5348E-02  0.1138E-01
      4.918  0.4952E-01  0.6234E-01  0.1826E-01  0.7469E-01  0.1730E-01  0.6527E-02  0.5267E-02  0.5432E-02  0.1028E-01
      4.953  0.4811E-01  0.5906E-01  0.1674E-01  0.7042E-01  0.1599E-01  0.6485E-02  0.4858E-02  0.5584E-02  0.9027E-02
      4.989  0.4578E-01  0.5557E-01  0.1538E-01  0.6477E-01  0.1456E-01  0.6576E-02  0.4418E-02  0.5899E-02  0.7834E-02
      5.025  0.4307E-01  0.5231E-01  0.1447E-01  0.5845E-01  0.1320E-01  0.6830E-02  0.3988E-02  0.6452E-02  0.6873E-02
      5.060  0.4048E-01  0.4942E-01  0.1422E-01  0.5219E-01  0.1210E-01  0.7213E-02  0.3601E-02  0.7261E-02  0.6258E-02
      5.096  0.3841E-01  0.4682E-01  0.1464E-01  0.4653E-01  0.1133E-01  0.7633E-02  0.3272E-02  0.8272E-02  0.6034E-02
      5.132  0.3702E-01  0.4431E-01  0.1559E-01  0.4181E-01  0.1093E-01  0.7964E-02  0.3008E-02  0.9356E-02  0.6174E-02
      5.167  0.3626E-01  0.4168E-01  0.1680E-01  0.3809E-01  0.1081E-01  0.8090E-02  0.2806E-02  0.1034E-01  0.6583E-02
      5.203  0.3587E-01  0.3880E-01  0.1792E-01  0.3516E-01  0.1085E-01  0.7931E-02  0.2657E-02  0.1102E-01  0.7121E-02
      5.238  0.3547E-01  0.3567E-01  0.1864E-01  0.3267E-01  0.1089E-01  0.7467E-02  0.2544E-02  0.1127E-01  0.7630E-02
      5.274  0.3468E-01  0.3243E-01  0.1872E-01  0.3025E-01  0.1079E-01  0.6740E-02  0.2452E-02  0.1100E-01  0.7964E-02
      5.310  0.3323E-01  0.2928E-01  0.1811E-01  0.2762E-01  0.1047E-01  0.5836E-02  0.2362E-02  0.1024E-01  0.8018E-02
      5.345  0.3101E-01  0.2642E-01  0.1687E-01  0.2466E-01  0.9899E-02  0.4862E-02  0.2260E-02  0.9069E-02  0.7747E-02
      5.381  0.2807E-01  0.2397E-01  0.1521E-01  0.2140E-01  0.9129E-02  0.3916E-02  0.2137E-02  0.7662E-02  0.7168E-02
      5.417  0.2464E-01  0.2196E-01  0.1337E-01  0.1802E-01  0.8234E-02  0.3070E-02  0.1988E-02  0.6185E-02  0.6352E-02
      5.452  0.2101E-01  0.2029E-01  0.1155E-01  0.1475E-01  0.7302E-02  0.2365E-02  0.1814E-02  0.4790E-02  0.5397E-02
      5.488  0.1745E-01  0.1881E-01  0.9899E-02  0.1177E-01  0.6410E-02  0.1809E-02  0.1621E-02  0.3581E-02  0.4405E-02
      5.524  0.1419E-01  0.1735E-01  0.8490E-02  0.9200E-02  0.5603E-02  0.1388E-02  0.1417E-02  0.2609E-02  0.3464E-02
      5.559  0.1137E-01  0.1579E-01  0.7316E-02  0.7087E-02  0.4901E-02  0.1074E-02  0.1212E-02  0.1876E-02  0.2632E-02
      5.595  0.9035E-02  0.1408E-01  0.6330E-02  0.5404E-02  0.4300E-02  0.8395E-03  0.1013E-02  0.1352E-02  0.1939E-02
      5.631  0.7165E-02  0.1226E-01  0.5471E-02  0.4086E-02  0.3781E-02  0.6589E-03  0.8275E-03  0.9887E-03  0.1389E-02
      5.666  0.5687E-02  0.1039E-01  0.4690E-02  0.3060E-02  0.3319E-02  0.5141E-03  0.6604E-03  0.7394E-03  0.9718E-03
      5.702  0.4516E-02  0.8566E-02  0.3954E-02  0.2262E-02  0.2887E-02  0.3944E-03  0.5143E-03  0.5639E-03  0.6660E-03
      5.738  0.3572E-02  0.6866E-02  0.3253E-02  0.1640E-02  0.2470E-02  0.2944E-03  0.3901E-03  0.4339E-03  0.4485E-03
      5.773  0.2791E-02  0.5346E-02  0.2593E-02  0.1159E-02  0.2059E-02  0.2120E-03  0.2875E-03  0.3320E-03  0.2975E-03
      5.809  0.2136E-02  0.4035E-02  0.1993E-02  0.7937E-03  0.1660E-02  0.1464E-03  0.2053E-03  0.2491E-03  0.1947E-03
      5.845  0.1586E-02  0.2943E-02  0.1470E-02  0.5242E-03  0.1284E-02  0.9641E-04  0.1416E-03  0.1812E-03  0.1256E-03
      5.880  0.1134E-02  0.2067E-02  0.1036E-02  0.3326E-03  0.9481E-03  0.6041E-04  0.9397E-04  0.1267E-03  0.7957E-04
      5.916  0.7757E-03  0.1391E-02  0.6962E-03  0.2020E-03  0.6653E-03  0.3593E-04  0.5986E-04  0.8475E-04  0.4933E-04
      5.952  0.5052E-03  0.8946E-03  0.4446E-03  0.1172E-03  0.4421E-03  0.2026E-04  0.3649E-04  0.5397E-04  0.2973E-04
      5.987  0.3121E-03  0.5473E-03  0.2694E-03  0.6488E-04  0.2776E-03  0.1082E-04  0.2122E-04  0.3263E-04  0.1731E-04
      6.023  0.1824E-03  0.3176E-03  0.1545E-03  0.3419E-04  0.1644E-03  0.5466E-05  0.1175E-04  0.1869E-04  0.9680E-05
      6.059  0.1007E-03  0.1744E-03  0.8382E-04  0.1714E-04  0.9167E-04  0.2614E-05  0.6185E-05  0.1012E-04  0.5171E-05
      6.094  0.5236E-04  0.9042E-04  0.4294E-04  0.8163E-05  0.4810E-04  0.1183E-05  0.3087E-05  0.5181E-05  0.2628E-05
      6.130  0.2566E-04  0.4421E-04  0.2076E-04  0.3692E-05  0.2374E-04  0.5064E-06  0.1459E-05  0.2502E-05  0.1266E-05
      6.166  0.1183E-04  0.2036E-04  0.9457E-05  0.1584E-05  0.1101E-04  0.2053E-06  0.6521E-06  0.1139E-05  0.5767E-06
      6.201  0.5131E-05  0.8826E-05  0.4059E-05  0.6440E-06  0.4798E-05  0.7876E-07  0.2753E-06  0.4887E-06  0.2479E-06
      6.237  0.2092E-05  0.3598E-05  0.1640E-05  0.2480E-06  0.1964E-05  0.2862E-07  0.1097E-06  0.1974E-06  0.1005E-06
      6.273  0.8016E-06  0.1379E-05  0.6238E-06  0.9037E-07  0.7552E-06  0.9845E-08  0.4124E-07  0.7504E-07  0.3833E-07
      6.308  0.2886E-06  0.4965E-06  0.2231E-06  0.3114E-07  0.2727E-06  0.3208E-08  0.1461E-07  0.2683E-07  0.1376E-07
      6.344  0.9761E-07  0.1680E-06  0.7506E-07  0.1014E-07  0.9244E-07  0.9901E-09  0.4872E-08  0.9023E-08  0.4642E-08
      6.380  0.3101E-07  0.5338E-07  0.2373E-07  0.3116E-08  0.2942E-07  0.2894E-09  0.1529E-08  0.2853E-08  0.1472E-08
      6.415  0.9252E-08  0.1593E-07  0.7053E-08  0.9037E-09  0.8793E-08  0.8007E-10  0.4518E-09  0.8476E-09  0.4387E-09
      6.451  0.2592E-08  0.4465E-08  0.1970E-08  0.2471E-09  0.2467E-08  0.2097E-10  0.1255E-09  0.2366E-09  0.1228E-09
      6.487  0.6819E-09  0.1175E-08  0.5167E-09  0.6367E-10  0.6498E-09  0.5195E-11  0.3279E-10  0.6208E-10  0.3229E-10
      6.522  0.1684E-09  0.2903E-09  0.1273E-09  0.1545E-10  0.1607E-09  0.1217E-11  0.8052E-11  0.1530E-10  0.7972E-11
      6.558  0.3907E-10  0.6735E-10  0.2947E-10  0.3531E-11  0.3729E-10  0.2694E-12  0.1858E-11  0.3540E-11  0.1848E-11
      6.594  0.8506E-11  0.1467E-10  0.6407E-11  0.7590E-12  0.8124E-11  0.5633E-13  0.4029E-12  0.7695E-12  0.4023E-12
      6.629  0.1739E-11  0.2999E-11  0.1308E-11  0.1535E-12  0.1662E-11  0.1112E-13  0.8208E-13  0.1571E-12  0.8222E-13
      6.665  0.3337E-12  0.5756E-12  0.2507E-12  0.2919E-13  0.3190E-12  0.2070E-14  0.1570E-13  0.3011E-13  0.1578E-13
      6.701  0.6011E-13  0.1037E-12  0.4512E-13  0.5220E-14  0.5750E-13  0.3636E-15  0.2822E-14  0.5419E-14  0.2842E-14
      6.736  0.1017E-13  0.1754E-13  0.7623E-14  0.8761E-15  0.9727E-14  0.5985E-16  0.4762E-15  0.9154E-15  0.4805E-15
      6.772  0.1613E-14  0.2783E-14  0.1210E-14  0.1392E-15  0.1543E-14  0.9549E-17  0.7559E-16  0.1453E-15  0.7625E-16
      6.808  0.2417E-15  0.4174E-15  0.1805E-15  0.2017E-16  0.2317E-15  0.1266E-17  0.1121E-16  0.2168E-16  0.1142E-16
      6.843  0.3373E-16  0.5824E-16  0.2519E-16  0.2815E-17  0.3232E-16  0.1766E-18  0.1564E-17  0.3025E-17  0.1594E-17
      6.879  0.3748E-17  0.6471E-17  0.2799E-17  0.3128E-18  0.3592E-17  0.1963E-19  0.1737E-18  0.3361E-18  0.1771E-18
      6.915  0.0000E+00  0.0000E+00  0.0000E+00  0.0000E+00  0.0000E+00  0.0000E+00  0.0000E+00  0.0000E+00  0.0000E+00
      6.950  0.0000E+00  0.0000E+00  0.0000E+00  0.0000E+00  0.0000E+00  0.0000E+00  0.0000E+00  0.0000E+00  0.0000E+00
      6.986  0.0000E+00  0.0000E+00  0.0000E+00  0.0000E+00  0.0000E+00  0.0000E+00  0.0000E+00  0.0000E+00  0.0000E+00
      7.022  0.0000E+00  0.0000E+00  0.0000E+00  0.0000E+00  0.0000E+00  0.0000E+00  0.0000E+00  0.0000E+00  0.0000E+00
      7.057  0.0000E+00  0.0000E+00  0.0000E+00  0.0000E+00  0.0000E+00  0.0000E+00  0.0000E+00  0.0000E+00  0.0000E+00
      7.093  0.0000E+00  0.0000E+00  0.0000E+00  0.0000E+00  0.0000E+00  0.0000E+00  0.0000E+00  0.0000E+00  0.0000E+00
      7.129  0.0000E+00  0.0000E+00  0.0000E+00  0.0000E+00  0.0000E+00  0.0000E+00  0.0000E+00  0.0000E+00  0.0000E+00
      7.164  0.0000E+00  0.0000E+00  0.0000E+00  0.0000E+00  0.0000E+00  0.0000E+00  0.0000E+00  0.0000E+00  0.0000E+00
      7.200  0.0000E+00  0.0000E+00  0.0000E+00  0.0000E+00  0.0000E+00  0.0000E+00  0.0000E+00  0.0000E+00  0.0000E+00
      7.236  0.0000E+00  0.0000E+00  0.0000E+00  0.0000E+00  0.0000E+00  0.0000E+00  0.0000E+00  0.0000E+00  0.0000E+00
      7.271  0.0000E+00  0.0000E+00  0.0000E+00  0.0000E+00  0.0000E+00  0.0000E+00  0.0000E+00  0.0000E+00  0.0000E+00
      7.307  0.0000E+00  0.0000E+00  0.0000E+00  0.0000E+00  0.0000E+00  0.0000E+00  0.0000E+00  0.0000E+00  0.0000E+00
      7.343  0.0000E+00  0.0000E+00  0.0000E+00  0.0000E+00  0.0000E+00  0.0000E+00  0.0000E+00  0.0000E+00  0.0000E+00
      7.378  0.0000E+00  0.0000E+00  0.0000E+00  0.0000E+00  0.0000E+00  0.0000E+00  0.0000E+00  0.0000E+00  0.0000E+00
      7.414  0.0000E+00  0.0000E+00  0.0000E+00  0.0000E+00  0.0000E+00  0.0000E+00  0.0000E+00  0.0000E+00  0.0000E+00
      7.450  0.0000E+00  0.0000E+00  0.0000E+00  0.0000E+00  0.0000E+00  0.0000E+00  0.0000E+00  0.0000E+00  0.0000E+00
      7.485  0.0000E+00  0.0000E+00  0.0000E+00  0.0000E+00  0.0000E+00  0.0000E+00  0.0000E+00  0.0000E+00  0.0000E+00
      7.521  0.0000E+00  0.0000E+00  0.0000E+00  0.0000E+00  0.0000E+00  0.0000E+00  0.0000E+00  0.0000E+00  0.0000E+00
      7.556  0.0000E+00  0.0000E+00  0.0000E+00  0.0000E+00  0.0000E+00  0.0000E+00  0.0000E+00  0.0000E+00  0.0000E+00
      7.592  0.0000E+00  0.0000E+00  0.0000E+00  0.0000E+00  0.0000E+00  0.0000E+00  0.0000E+00  0.0000E+00  0.0000E+00
      7.628  0.0000E+00  0.0000E+00  0.0000E+00  0.0000E+00  0.0000E+00  0.0000E+00  0.0000E+00  0.0000E+00  0.0000E+00
      7.663  0.0000E+00  0.0000E+00  0.0000E+00  0.0000E+00  0.0000E+00  0.0000E+00  0.0000E+00  0.0000E+00  0.0000E+00
      7.699  0.0000E+00  0.0000E+00  0.0000E+00  0.0000E+00  0.0000E+00  0.0000E+00  0.0000E+00  0.0000E+00  0.0000E+00

