      5.23835943    -28.13525358 1000     -5.88614561      1.00000000
    -28.135  0.0000E+00  0.0000E+00  0.0000E+00  0.0000E+00  0.0000E+00  0.0000E+00  0.0000E+00  0.0000E+00  0.0000E+00
    -28.102  0.0000E+00  0.0000E+00  0.0000E+00  0.0000E+00  0.0000E+00  0.0000E+00  0.0000E+00  0.0000E+00  0.0000E+00
    -28.068  0.0000E+00  0.0000E+00  0.0000E+00  0.0000E+00  0.0000E+00  0.0000E+00  0.0000E+00  0.0000E+00  0.0000E+00
    -28.035  0.0000E+00  0.0000E+00  0.0000E+00  0.0000E+00  0.0000E+00  0.0000E+00  0.0000E+00  0.0000E+00  0.0000E+00
    -28.002  0.0000E+00  0.0000E+00  0.0000E+00  0.0000E+00  0.0000E+00  0.0000E+00  0.0000E+00  0.0000E+00  0.0000E+00
    -27.968  0.0000E+00  0.0000E+00  0.0000E+00  0.0000E+00  0.0000E+00  0.0000E+00  0.0000E+00  0.0000E+00  0.0000E+00
    -27.935  0.0000E+00  0.0000E+00  0.0000E+00  0.0000E+00  0.0000E+00  0.0000E+00  0.0000E+00  0.0000E+00  0.0000E+00
    -27.901  0.0000E+00  0.0000E+00  0.0000E+00  0.0000E+00  0.0000E+00  0.0000E+00  0.0000E+00  0.0000E+00  0.0000E+00
    -27.868  0.0000E+00  0.0000E+00  0.0000E+00  0.0000E+00  0.0000E+00  0.0000E+00  0.0000E+00  0.0000E+00  0.0000E+00
    -27.835  0.0000E+00  0.0000E+00  0.0000E+00  0.0000E+00  0.0000E+00  0.0000E+00  0.0000E+00  0.0000E+00  0.0000E+00
    -27.801  0.0000E+00  0.0000E+00  0.0000E+00  0.0000E+00  0.0000E+00  0.0000E+00  0.0000E+00  0.0000E+00  0.0000E+00
    -27.768  0.0000E+00  0.0000E+00  0.0000E+00  0.0000E+00  0.0000E+00  0.0000E+00  0.0000E+00  0.0000E+00  0.0000E+00
    -27.734  0.0000E+00  0.0000E+00  0.0000E+00  0.0000E+00  0.0000E+00  0.0000E+00  0.0000E+00  0.0000E+00  0.0000E+00
    -27.701  0.0000E+00  0.0000E+00  0.0000E+00  0.0000E+00  0.0000E+00  0.0000E+00  0.0000E+00  0.0000E+00  0.0000E+00
    -27.668  0.0000E+00  0.0000E+00  0.0000E+00  0.0000E+00  0.0000E+00  0.0000E+00  0.0000E+00  0.0000E+00  0.0000E+00
    -27.634  0.0000E+00  0.0000E+00  0.0000E+00  0.0000E+00  0.0000E+00  0.0000E+00  0.0000E+00  0.0000E+00  0.0000E+00
    -27.601  0.0000E+00  0.0000E+00  0.0000E+00  0.0000E+00  0.0000E+00  0.0000E+00  0.0000E+00  0.0000E+00  0.0000E+00
    -27.567  0.0000E+00  0.0000E+00  0.0000E+00  0.0000E+00  0.0000E+00  0.0000E+00  0.0000E+00  0.0000E+00  0.0000E+00
    -27.534  0.0000E+00  0.0000E+00  0.0000E+00  0.0000E+00  0.0000E+00  0.0000E+00  0.0000E+00  0.0000E+00  0.0000E+00
    -27.501  0.0000E+00  0.0000E+00  0.0000E+00  0.0000E+00  0.0000E+00  0.0000E+00  0.0000E+00  0.0000E+00  0.0000E+00
    -27.467  0.0000E+00  0.0000E+00  0.0000E+00  0.0000E+00  0.0000E+00  0.0000E+00  0.0000E+00  0.0000E+00  0.0000E+00
    -27.434  0.0000E+00  0.0000E+00  0.0000E+00  0.0000E+00  0.0000E+00  0.0000E+00  0.0000E+00  0.0000E+00  0.0000E+00
    -27.400  0.0000E+00  0.0000E+00  0.0000E+00  0.0000E+00  0.0000E+00  0.0000E+00  0.0000E+00  0.0000E+00  0.0000E+00
    -27.367  0.0000E+00  0.0000E+00  0.0000E+00  0.0000E+00  0.0000E+00  0.0000E+00  0.0000E+00  0.0000E+00  0.0000E+00
    -27.333  0.0000E+00  0.0000E+00  0.0000E+00  0.0000E+00  0.0000E+00  0.0000E+00  0.0000E+00  0.0000E+00  0.0000E+00
    -27.300  0.0000E+00  0.0000E+00  0.0000E+00  0.0000E+00  0.0000E+00  0.0000E+00  0.0000E+00  0.0000E+00  0.0000E+00
    -27.267  0.0000E+00  0.0000E+00  0.0000E+00  0.0000E+00  0.0000E+00  0.0000E+00  0.0000E+00  0.0000E+00  0.0000E+00
    -27.233  0.0000E+00  0.0000E+00  0.0000E+00  0.0000E+00  0.0000E+00  0.0000E+00  0.0000E+00  0.0000E+00  0.0000E+00
    -27.200  0.2223E-17  0.3560E-19  0.2624E-18  0.2289E-22  0.0000E+00  0.0000E+00  0.0000E+00  0.0000E+00  0.0000E+00
    -27.166  0.8779E-16  0.1406E-17  0.1037E-16  0.9042E-21  0.0000E+00  0.0000E+00  0.0000E+00  0.0000E+00  0.0000E+00
    -27.133  0.3252E-14  0.5208E-16  0.3839E-15  0.3349E-19  0.0000E+00  0.0000E+00  0.0000E+00  0.0000E+00  0.0000E+00
    -27.100  0.9604E-13  0.1538E-14  0.1134E-13  0.9892E-18  0.0000E+00  0.0000E+00  0.0000E+00  0.0000E+00  0.0000E+00
    -27.066  0.2275E-11  0.3644E-13  0.2686E-12  0.2343E-16  0.0000E+00  0.0000E+00  0.0000E+00  0.0000E+00  0.0000E+00
    -27.033  0.4323E-10  0.6924E-12  0.5104E-11  0.4452E-15  0.0000E+00  0.0000E+00  0.0000E+00  0.0000E+00  0.0000E+00
    -26.999  0.6589E-09  0.1055E-10  0.7779E-10  0.6786E-14  0.0000E+00  0.0000E+00  0.0000E+00  0.0000E+00  0.0000E+00
    -26.966  0.8059E-08  0.1291E-09  0.9515E-09  0.8300E-13  0.0000E+00  0.0000E+00  0.0000E+00  0.0000E+00  0.0000E+00
    -26.933  0.7909E-07  0.1267E-08  0.9338E-08  0.8146E-12  0.0000E+00  0.0000E+00  0.0000E+00  0.0000E+00  0.0000E+00
    -26.899  0.6230E-06  0.9979E-08  0.7356E-07  0.6417E-11  0.0000E+00  0.0000E+00  0.0000E+00  0.0000E+00  0.0000E+00
    -26.866  0.3939E-05  0.6309E-07  0.4651E-06  0.4057E-10  0.0000E+00  0.0000E+00  0.0000E+00  0.0000E+00  0.0000E+00
    -26.832  0.1999E-04  0.3203E-06  0.2361E-05  0.2059E-09  0.0000E+00  0.0000E+00  0.0000E+00  0.0000E+00  0.0000E+00
    -26.799  0.8149E-04  0.1305E-05  0.9621E-05  0.8393E-09  0.0000E+00  0.0000E+00  0.0000E+00  0.0000E+00  0.0000E+00
    -26.766  0.2667E-03  0.4271E-05  0.3149E-04  0.2747E-08  0.0000E+00  0.0000E+00  0.0000E+00  0.0000E+00  0.0000E+00
    -26.732  0.7008E-03  0.1123E-04  0.8275E-04  0.7218E-08  0.0000E+00  0.0000E+00  0.0000E+00  0.0000E+00  0.0000E+00
    -26.699  0.1479E-02  0.2369E-04  0.1747E-03  0.1524E-07  0.0000E+00  0.0000E+00  0.0000E+00  0.0000E+00  0.0000E+00
    -26.665  0.2508E-02  0.4017E-04  0.2961E-03  0.2583E-07  0.0000E+00  0.0000E+00  0.0000E+00  0.0000E+00  0.0000E+00
    -26.632  0.3415E-02  0.5469E-04  0.4032E-03  0.3517E-07  0.0000E+00  0.0000E+00  0.0000E+00  0.0000E+00  0.0000E+00
    -26.599  0.3735E-02  0.5982E-04  0.4410E-03  0.3847E-07  0.0000E+00  0.0000E+00  0.0000E+00  0.0000E+00  0.0000E+00
    -26.565  0.3281E-02  0.5256E-04  0.3874E-03  0.3380E-07  0.0000E+00  0.0000E+00  0.0000E+00  0.0000E+00  0.0000E+00
    -26.532  0.2316E-02  0.3709E-04  0.2734E-03  0.2385E-07  0.0000E+00  0.0000E+00  0.0000E+00  0.0000E+00  0.0000E+00
    -26.498  0.1313E-02  0.2102E-04  0.1550E-03  0.1352E-07  0.0000E+00  0.0000E+00  0.0000E+00  0.0000E+00  0.0000E+00
    -26.465  0.5976E-03  0.9572E-05  0.7056E-04  0.6155E-08  0.0000E+00  0.0000E+00  0.0000E+00  0.0000E+00  0.0000E+00
    -26.431  0.2185E-03  0.3500E-05  0.2580E-04  0.2250E-08  0.0000E+00  0.0000E+00  0.0000E+00  0.0000E+00  0.0000E+00
    -26.398  0.6416E-04  0.1028E-05  0.7575E-05  0.6608E-09  0.0000E+00  0.0000E+00  0.0000E+00  0.0000E+00  0.0000E+00
    -26.365  0.1513E-04  0.2423E-06  0.1786E-05  0.1558E-09  0.0000E+00  0.0000E+00  0.0000E+00  0.0000E+00  0.0000E+00
    -26.331  0.2863E-05  0.4586E-07  0.3381E-06  0.2949E-10  0.0000E+00  0.0000E+00  0.0000E+00  0.0000E+00  0.0000E+00
    -26.298  0.4351E-06  0.6969E-08  0.5137E-07  0.4482E-11  0.0000E+00  0.0000E+00  0.0000E+00  0.0000E+00  0.0000E+00
    -26.264  0.5308E-07  0.8501E-09  0.6266E-08  0.5467E-12  0.0000E+00  0.0000E+00  0.0000E+00  0.0000E+00  0.0000E+00
    -26.231  0.5196E-08  0.8322E-10  0.6135E-09  0.5351E-13  0.0000E+00  0.0000E+00  0.0000E+00  0.0000E+00  0.0000E+00
    -26.198  0.4082E-09  0.6538E-11  0.4819E-10  0.4204E-14  0.0000E+00  0.0000E+00  0.0000E+00  0.0000E+00  0.0000E+00
    -26.164  0.2573E-10  0.4121E-12  0.3037E-11  0.2650E-15  0.0000E+00  0.0000E+00  0.0000E+00  0.0000E+00  0.0000E+00
    -26.131  0.1301E-11  0.2083E-13  0.1536E-12  0.1340E-16  0.0000E+00  0.0000E+00  0.0000E+00  0.0000E+00  0.0000E+00
    -26.097  0.5275E-13  0.8450E-15  0.6228E-14  0.5433E-18  0.0000E+00  0.0000E+00  0.0000E+00  0.0000E+00  0.0000E+00
    -26.064  0.1716E-14  0.2748E-16  0.2026E-15  0.1767E-19  0.0000E+00  0.0000E+00  0.0000E+00  0.0000E+00  0.0000E+00
    -26.031  0.4445E-16  0.7120E-18  0.5248E-17  0.4578E-21  0.0000E+00  0.0000E+00  0.0000E+00  0.0000E+00  0.0000E+00
    -25.997  0.0000E+00  0.0000E+00  0.0000E+00  0.0000E+00  0.0000E+00  0.0000E+00  0.0000E+00  0.0000E+00  0.0000E+00
    -25.964  0.0000E+00  0.0000E+00  0.0000E+00  0.0000E+00  0.0000E+00  0.0000E+00  0.0000E+00  0.0000E+00  0.0000E+00
    -25.930  0.0000E+00  0.0000E+00  0.0000E+00  0.0000E+00  0.0000E+00  0.0000E+00  0.0000E+00  0.0000E+00  0.0000E+00
    -25.897  0.0000E+00  0.0000E+00  0.0000E+00  0.0000E+00  0.0000E+00  0.0000E+00  0.0000E+00  0.0000E+00  0.0000E+00
    -25.864  0.0000E+00  0.0000E+00  0.0000E+00  0.0000E+00  0.0000E+00  0.0000E+00  0.0000E+00  0.0000E+00  0.0000E+00
    -25.830  0.0000E+00  0.0000E+00  0.0000E+00  0.0000E+00  0.0000E+00  0.0000E+00  0.0000E+00  0.0000E+00  0.0000E+00
    -25.797  0.0000E+00  0.0000E+00  0.0000E+00  0.0000E+00  0.0000E+00  0.0000E+00  0.0000E+00  0.0000E+00  0.0000E+00
    -25.763  0.0000E+00  0.0000E+00  0.0000E+00  0.0000E+00  0.0000E+00  0.0000E+00  0.0000E+00  0.0000E+00  0.0000E+00
    -25.730  0.0000E+00  0.0000E+00  0.0000E+00  0.0000E+00  0.0000E+00  0.0000E+00  0.0000E+00  0.0000E+00  0.0000E+00
    -25.697  0.0000E+00  0.0000E+00  0.0000E+00  0.0000E+00  0.0000E+00  0.0000E+00  0.0000E+00  0.0000E+00  0.0000E+00
    -25.663  0.0000E+00  0.0000E+00  0.0000E+00  0.0000E+00  0.0000E+00  0.0000E+00  0.0000E+00  0.0000E+00  0.0000E+00
    -25.630  0.0000E+00  0.0000E+00  0.0000E+00  0.0000E+00  0.0000E+00  0.0000E+00  0.0000E+00  0.0000E+00  0.0000E+00
    -25.596  0.0000E+00  0.0000E+00  0.0000E+00  0.0000E+00  0.0000E+00  0.0000E+00  0.0000E+00  0.0000E+00  0.0000E+00
    -25.563  0.0000E+00  0.0000E+00  0.0000E+00  0.0000E+00  0.0000E+00  0.0000E+00  0.0000E+00  0.0000E+00  0.0000E+00
    -25.530  0.0000E+00  0.0000E+00  0.0000E+00  0.0000E+00  0.0000E+00  0.0000E+00  0.0000E+00  0.0000E+00  0.0000E+00
    -25.496  0.0000E+00  0.0000E+00  0.0000E+00  0.0000E+00  0.0000E+00  0.0000E+00  0.0000E+00  0.0000E+00  0.0000E+00
    -25.463  0.0000E+00  0.0000E+00  0.0000E+00  0.0000E+00  0.0000E+00  0.0000E+00  0.0000E+00  0.0000E+00  0.0000E+00
    -25.429  0.0000E+00  0.0000E+00  0.0000E+00  0.0000E+00  0.0000E+00  0.0000E+00  0.0000E+00  0.0000E+00  0.0000E+00
    -25.396  0.0000E+00  0.0000E+00  0.0000E+00  0.0000E+00  0.0000E+00  0.0000E+00  0.0000E+00  0.0000E+00  0.0000E+00
    -25.362  0.0000E+00  0.0000E+00  0.0000E+00  0.0000E+00  0.0000E+00  0.0000E+00  0.0000E+00  0.0000E+00  0.0000E+00
    -25.329  0.0000E+00  0.0000E+00  0.0000E+00  0.0000E+00  0.0000E+00  0.0000E+00  0.0000E+00  0.0000E+00  0.0000E+00
    -25.296  0.0000E+00  0.0000E+00  0.0000E+00  0.0000E+00  0.0000E+00  0.0000E+00  0.0000E+00  0.0000E+00  0.0000E+00
    -25.262  0.0000E+00  0.0000E+00  0.0000E+00  0.0000E+00  0.0000E+00  0.0000E+00  0.0000E+00  0.0000E+00  0.0000E+00
    -25.229  0.0000E+00  0.0000E+00  0.0000E+00  0.0000E+00  0.0000E+00  0.0000E+00  0.0000E+00  0.0000E+00  0.0000E+00
    -25.195  0.0000E+00  0.0000E+00  0.0000E+00  0.0000E+00  0.0000E+00  0.0000E+00  0.0000E+00  0.0000E+00  0.0000E+00
    -25.162  0.0000E+00  0.0000E+00  0.0000E+00  0.0000E+00  0.0000E+00  0.0000E+00  0.0000E+00  0.0000E+00  0.0000E+00
    -25.129  0.0000E+00  0.0000E+00  0.0000E+00  0.0000E+00  0.0000E+00  0.0000E+00  0.0000E+00  0.0000E+00  0.0000E+00
    -25.095  0.0000E+00  0.0000E+00  0.0000E+00  0.0000E+00  0.0000E+00  0.0000E+00  0.0000E+00  0.0000E+00  0.0000E+00
    -25.062  0.0000E+00  0.0000E+00  0.0000E+00  0.0000E+00  0.0000E+00  0.0000E+00  0.0000E+00  0.0000E+00  0.0000E+00
    -25.028  0.0000E+00  0.0000E+00  0.0000E+00  0.0000E+00  0.0000E+00  0.0000E+00  0.0000E+00  0.0000E+00  0.0000E+00
    -24.995  0.0000E+00  0.0000E+00  0.0000E+00  0.0000E+00  0.0000E+00  0.0000E+00  0.0000E+00  0.0000E+00  0.0000E+00
    -24.962  0.0000E+00  0.0000E+00  0.0000E+00  0.0000E+00  0.0000E+00  0.0000E+00  0.0000E+00  0.0000E+00  0.0000E+00
    -24.928  0.0000E+00  0.0000E+00  0.0000E+00  0.0000E+00  0.0000E+00  0.0000E+00  0.0000E+00  0.0000E+00  0.0000E+00
    -24.895  0.0000E+00  0.0000E+00  0.0000E+00  0.0000E+00  0.0000E+00  0.0000E+00  0.0000E+00  0.0000E+00  0.0000E+00
    -24.861  0.0000E+00  0.0000E+00  0.0000E+00  0.0000E+00  0.0000E+00  0.0000E+00  0.0000E+00  0.0000E+00  0.0000E+00
    -24.828  0.0000E+00  0.0000E+00  0.0000E+00  0.0000E+00  0.0000E+00  0.0000E+00  0.0000E+00  0.0000E+00  0.0000E+00
    -24.795  0.0000E+00  0.0000E+00  0.0000E+00  0.0000E+00  0.0000E+00  0.0000E+00  0.0000E+00  0.0000E+00  0.0000E+00
    -24.761  0.0000E+00  0.0000E+00  0.0000E+00  0.0000E+00  0.0000E+00  0.0000E+00  0.0000E+00  0.0000E+00  0.0000E+00
    -24.728  0.0000E+00  0.0000E+00  0.0000E+00  0.0000E+00  0.0000E+00  0.0000E+00  0.0000E+00  0.0000E+00  0.0000E+00
    -24.694  0.0000E+00  0.0000E+00  0.0000E+00  0.0000E+00  0.0000E+00  0.0000E+00  0.0000E+00  0.0000E+00  0.0000E+00
    -24.661  0.0000E+00  0.0000E+00  0.0000E+00  0.0000E+00  0.0000E+00  0.0000E+00  0.0000E+00  0.0000E+00  0.0000E+00
    -24.628  0.0000E+00  0.0000E+00  0.0000E+00  0.0000E+00  0.0000E+00  0.0000E+00  0.0000E+00  0.0000E+00  0.0000E+00
    -24.594  0.0000E+00  0.0000E+00  0.0000E+00  0.0000E+00  0.0000E+00  0.0000E+00  0.0000E+00  0.0000E+00  0.0000E+00
    -24.561  0.0000E+00  0.0000E+00  0.0000E+00  0.0000E+00  0.0000E+00  0.0000E+00  0.0000E+00  0.0000E+00  0.0000E+00
    -24.527  0.0000E+00  0.0000E+00  0.0000E+00  0.0000E+00  0.0000E+00  0.0000E+00  0.0000E+00  0.0000E+00  0.0000E+00
    -24.494  0.0000E+00  0.0000E+00  0.0000E+00  0.0000E+00  0.0000E+00  0.0000E+00  0.0000E+00  0.0000E+00  0.0000E+00
    -24.460  0.0000E+00  0.0000E+00  0.0000E+00  0.0000E+00  0.0000E+00  0.0000E+00  0.0000E+00  0.0000E+00  0.0000E+00
    -24.427  0.0000E+00  0.0000E+00  0.0000E+00  0.0000E+00  0.0000E+00  0.0000E+00  0.0000E+00  0.0000E+00  0.0000E+00
    -24.394  0.0000E+00  0.0000E+00  0.0000E+00  0.0000E+00  0.0000E+00  0.0000E+00  0.0000E+00  0.0000E+00  0.0000E+00
    -24.360  0.0000E+00  0.0000E+00  0.0000E+00  0.0000E+00  0.0000E+00  0.0000E+00  0.0000E+00  0.0000E+00  0.0000E+00
    -24.327  0.0000E+00  0.0000E+00  0.0000E+00  0.0000E+00  0.0000E+00  0.0000E+00  0.0000E+00  0.0000E+00  0.0000E+00
    -24.293  0.0000E+00  0.0000E+00  0.0000E+00  0.0000E+00  0.0000E+00  0.0000E+00  0.0000E+00  0.0000E+00  0.0000E+00
    -24.260  0.0000E+00  0.0000E+00  0.0000E+00  0.0000E+00  0.0000E+00  0.0000E+00  0.0000E+00  0.0000E+00  0.0000E+00
    -24.227  0.0000E+00  0.0000E+00  0.0000E+00  0.0000E+00  0.0000E+00  0.0000E+00  0.0000E+00  0.0000E+00  0.0000E+00
    -24.193  0.0000E+00  0.0000E+00  0.0000E+00  0.0000E+00  0.0000E+00  0.0000E+00  0.0000E+00  0.0000E+00  0.0000E+00
    -24.160  0.0000E+00  0.0000E+00  0.0000E+00  0.0000E+00  0.0000E+00  0.0000E+00  0.0000E+00  0.0000E+00  0.0000E+00
    -24.126  0.0000E+00  0.0000E+00  0.0000E+00  0.0000E+00  0.0000E+00  0.0000E+00  0.0000E+00  0.0000E+00  0.0000E+00
    -24.093  0.0000E+00  0.0000E+00  0.0000E+00  0.0000E+00  0.0000E+00  0.0000E+00  0.0000E+00  0.0000E+00  0.0000E+00
    -24.060  0.0000E+00  0.0000E+00  0.0000E+00  0.0000E+00  0.0000E+00  0.0000E+00  0.0000E+00  0.0000E+00  0.0000E+00
    -24.026  0.0000E+00  0.0000E+00  0.0000E+00  0.0000E+00  0.0000E+00  0.0000E+00  0.0000E+00  0.0000E+00  0.0000E+00
    -23.993  0.0000E+00  0.0000E+00  0.0000E+00  0.0000E+00  0.0000E+00  0.0000E+00  0.0000E+00  0.0000E+00  0.0000E+00
    -23.959  0.0000E+00  0.0000E+00  0.0000E+00  0.0000E+00  0.0000E+00  0.0000E+00  0.0000E+00  0.0000E+00  0.0000E+00
    -23.926  0.0000E+00  0.0000E+00  0.0000E+00  0.0000E+00  0.0000E+00  0.0000E+00  0.0000E+00  0.0000E+00  0.0000E+00
    -23.893  0.0000E+00  0.0000E+00  0.0000E+00  0.0000E+00  0.0000E+00  0.0000E+00  0.0000E+00  0.0000E+00  0.0000E+00
    -23.859  0.0000E+00  0.0000E+00  0.0000E+00  0.0000E+00  0.0000E+00  0.0000E+00  0.0000E+00  0.0000E+00  0.0000E+00
    -23.826  0.0000E+00  0.0000E+00  0.0000E+00  0.0000E+00  0.0000E+00  0.0000E+00  0.0000E+00  0.0000E+00  0.0000E+00
    -23.792  0.0000E+00  0.0000E+00  0.0000E+00  0.0000E+00  0.0000E+00  0.0000E+00  0.0000E+00  0.0000E+00  0.0000E+00
    -23.759  0.0000E+00  0.0000E+00  0.0000E+00  0.0000E+00  0.0000E+00  0.0000E+00  0.0000E+00  0.0000E+00  0.0000E+00
    -23.726  0.0000E+00  0.0000E+00  0.0000E+00  0.0000E+00  0.0000E+00  0.0000E+00  0.0000E+00  0.0000E+00  0.0000E+00
    -23.692  0.0000E+00  0.0000E+00  0.0000E+00  0.0000E+00  0.0000E+00  0.0000E+00  0.0000E+00  0.0000E+00  0.0000E+00
    -23.659  0.0000E+00  0.0000E+00  0.0000E+00  0.0000E+00  0.0000E+00  0.0000E+00  0.0000E+00  0.0000E+00  0.0000E+00
    -23.625  0.0000E+00  0.0000E+00  0.0000E+00  0.0000E+00  0.0000E+00  0.0000E+00  0.0000E+00  0.0000E+00  0.0000E+00
    -23.592  0.0000E+00  0.0000E+00  0.0000E+00  0.0000E+00  0.0000E+00  0.0000E+00  0.0000E+00  0.0000E+00  0.0000E+00
    -23.558  0.0000E+00  0.0000E+00  0.0000E+00  0.0000E+00  0.0000E+00  0.0000E+00  0.0000E+00  0.0000E+00  0.0000E+00
    -23.525  0.0000E+00  0.0000E+00  0.0000E+00  0.0000E+00  0.0000E+00  0.0000E+00  0.0000E+00  0.0000E+00  0.0000E+00
    -23.492  0.0000E+00  0.0000E+00  0.0000E+00  0.0000E+00  0.0000E+00  0.0000E+00  0.0000E+00  0.0000E+00  0.0000E+00
    -23.458  0.0000E+00  0.0000E+00  0.0000E+00  0.0000E+00  0.0000E+00  0.0000E+00  0.0000E+00  0.0000E+00  0.0000E+00
    -23.425  0.0000E+00  0.0000E+00  0.0000E+00  0.0000E+00  0.0000E+00  0.0000E+00  0.0000E+00  0.0000E+00  0.0000E+00
    -23.391  0.0000E+00  0.0000E+00  0.0000E+00  0.0000E+00  0.0000E+00  0.0000E+00  0.0000E+00  0.0000E+00  0.0000E+00
    -23.358  0.0000E+00  0.0000E+00  0.0000E+00  0.0000E+00  0.0000E+00  0.0000E+00  0.0000E+00  0.0000E+00  0.0000E+00
    -23.325  0.0000E+00  0.0000E+00  0.0000E+00  0.0000E+00  0.0000E+00  0.0000E+00  0.0000E+00  0.0000E+00  0.0000E+00
    -23.291  0.0000E+00  0.0000E+00  0.0000E+00  0.0000E+00  0.0000E+00  0.0000E+00  0.0000E+00  0.0000E+00  0.0000E+00
    -23.258  0.0000E+00  0.0000E+00  0.0000E+00  0.0000E+00  0.0000E+00  0.0000E+00  0.0000E+00  0.0000E+00  0.0000E+00
    -23.224  0.0000E+00  0.0000E+00  0.0000E+00  0.0000E+00  0.0000E+00  0.0000E+00  0.0000E+00  0.0000E+00  0.0000E+00
    -23.191  0.0000E+00  0.0000E+00  0.0000E+00  0.0000E+00  0.0000E+00  0.0000E+00  0.0000E+00  0.0000E+00  0.0000E+00
    -23.158  0.0000E+00  0.0000E+00  0.0000E+00  0.0000E+00  0.0000E+00  0.0000E+00  0.0000E+00  0.0000E+00  0.0000E+00
    -23.124  0.0000E+00  0.0000E+00  0.0000E+00  0.0000E+00  0.0000E+00  0.0000E+00  0.0000E+00  0.0000E+00  0.0000E+00
    -23.091  0.0000E+00  0.0000E+00  0.0000E+00  0.0000E+00  0.0000E+00  0.0000E+00  0.0000E+00  0.0000E+00  0.0000E+00
    -23.057  0.0000E+00  0.0000E+00  0.0000E+00  0.0000E+00  0.0000E+00  0.0000E+00  0.0000E+00  0.0000E+00  0.0000E+00
    -23.024  0.0000E+00  0.0000E+00  0.0000E+00  0.0000E+00  0.0000E+00  0.0000E+00  0.0000E+00  0.0000E+00  0.0000E+00
    -22.991  0.0000E+00  0.0000E+00  0.0000E+00  0.0000E+00  0.0000E+00  0.0000E+00  0.0000E+00  0.0000E+00  0.0000E+00
    -22.957  0.0000E+00  0.0000E+00  0.0000E+00  0.0000E+00  0.0000E+00  0.0000E+00  0.0000E+00  0.0000E+00  0.0000E+00
    -22.924  0.0000E+00  0.0000E+00  0.0000E+00  0.0000E+00  0.0000E+00  0.0000E+00  0.0000E+00  0.0000E+00  0.0000E+00
    -22.890  0.0000E+00  0.0000E+00  0.0000E+00  0.0000E+00  0.0000E+00  0.0000E+00  0.0000E+00  0.0000E+00  0.0000E+00
    -22.857  0.0000E+00  0.0000E+00  0.0000E+00  0.0000E+00  0.0000E+00  0.0000E+00  0.0000E+00  0.0000E+00  0.0000E+00
    -22.824  0.0000E+00  0.0000E+00  0.0000E+00  0.0000E+00  0.0000E+00  0.0000E+00  0.0000E+00  0.0000E+00  0.0000E+00
    -22.790  0.0000E+00  0.0000E+00  0.0000E+00  0.0000E+00  0.0000E+00  0.0000E+00  0.0000E+00  0.0000E+00  0.0000E+00
    -22.757  0.0000E+00  0.0000E+00  0.0000E+00  0.0000E+00  0.0000E+00  0.0000E+00  0.0000E+00  0.0000E+00  0.0000E+00
    -22.723  0.0000E+00  0.0000E+00  0.0000E+00  0.0000E+00  0.0000E+00  0.0000E+00  0.0000E+00  0.0000E+00  0.0000E+00
    -22.690  0.0000E+00  0.0000E+00  0.0000E+00  0.0000E+00  0.0000E+00  0.0000E+00  0.0000E+00  0.0000E+00  0.0000E+00
    -22.657  0.0000E+00  0.0000E+00  0.0000E+00  0.0000E+00  0.0000E+00  0.0000E+00  0.0000E+00  0.0000E+00  0.0000E+00
    -22.623  0.0000E+00  0.0000E+00  0.0000E+00  0.0000E+00  0.0000E+00  0.0000E+00  0.0000E+00  0.0000E+00  0.0000E+00
    -22.590  0.0000E+00  0.0000E+00  0.0000E+00  0.0000E+00  0.0000E+00  0.0000E+00  0.0000E+00  0.0000E+00  0.0000E+00
    -22.556  0.0000E+00  0.0000E+00  0.0000E+00  0.0000E+00  0.0000E+00  0.0000E+00  0.0000E+00  0.0000E+00  0.0000E+00
    -22.523  0.0000E+00  0.0000E+00  0.0000E+00  0.0000E+00  0.0000E+00  0.0000E+00  0.0000E+00  0.0000E+00  0.0000E+00
    -22.489  0.0000E+00  0.0000E+00  0.0000E+00  0.0000E+00  0.0000E+00  0.0000E+00  0.0000E+00  0.0000E+00  0.0000E+00
    -22.456  0.0000E+00  0.0000E+00  0.0000E+00  0.0000E+00  0.0000E+00  0.0000E+00  0.0000E+00  0.0000E+00  0.0000E+00
    -22.423  0.0000E+00  0.0000E+00  0.0000E+00  0.0000E+00  0.0000E+00  0.0000E+00  0.0000E+00  0.0000E+00  0.0000E+00
    -22.389  0.0000E+00  0.0000E+00  0.0000E+00  0.0000E+00  0.0000E+00  0.0000E+00  0.0000E+00  0.0000E+00  0.0000E+00
    -22.356  0.0000E+00  0.0000E+00  0.0000E+00  0.0000E+00  0.0000E+00  0.0000E+00  0.0000E+00  0.0000E+00  0.0000E+00
    -22.322  0.0000E+00  0.0000E+00  0.0000E+00  0.0000E+00  0.0000E+00  0.0000E+00  0.0000E+00  0.0000E+00  0.0000E+00
    -22.289  0.0000E+00  0.0000E+00  0.0000E+00  0.0000E+00  0.0000E+00  0.0000E+00  0.0000E+00  0.0000E+00  0.0000E+00
    -22.256  0.0000E+00  0.0000E+00  0.0000E+00  0.0000E+00  0.0000E+00  0.0000E+00  0.0000E+00  0.0000E+00  0.0000E+00
    -22.222  0.0000E+00  0.0000E+00  0.0000E+00  0.0000E+00  0.0000E+00  0.0000E+00  0.0000E+00  0.0000E+00  0.0000E+00
    -22.189  0.0000E+00  0.0000E+00  0.0000E+00  0.0000E+00  0.0000E+00  0.0000E+00  0.0000E+00  0.0000E+00  0.0000E+00
    -22.155  0.0000E+00  0.0000E+00  0.0000E+00  0.0000E+00  0.0000E+00  0.0000E+00  0.0000E+00  0.0000E+00  0.0000E+00
    -22.122  0.0000E+00  0.0000E+00  0.0000E+00  0.0000E+00  0.0000E+00  0.0000E+00  0.0000E+00  0.0000E+00  0.0000E+00
    -22.089  0.0000E+00  0.0000E+00  0.0000E+00  0.0000E+00  0.0000E+00  0.0000E+00  0.0000E+00  0.0000E+00  0.0000E+00
    -22.055  0.0000E+00  0.0000E+00  0.0000E+00  0.0000E+00  0.0000E+00  0.0000E+00  0.0000E+00  0.0000E+00  0.0000E+00
    -22.022  0.0000E+00  0.0000E+00  0.0000E+00  0.0000E+00  0.0000E+00  0.0000E+00  0.0000E+00  0.0000E+00  0.0000E+00
    -21.988  0.0000E+00  0.0000E+00  0.0000E+00  0.0000E+00  0.0000E+00  0.0000E+00  0.0000E+00  0.0000E+00  0.0000E+00
    -21.955  0.0000E+00  0.0000E+00  0.0000E+00  0.0000E+00  0.0000E+00  0.0000E+00  0.0000E+00  0.0000E+00  0.0000E+00
    -21.922  0.0000E+00  0.0000E+00  0.0000E+00  0.0000E+00  0.0000E+00  0.0000E+00  0.0000E+00  0.0000E+00  0.0000E+00
    -21.888  0.0000E+00  0.0000E+00  0.0000E+00  0.0000E+00  0.0000E+00  0.0000E+00  0.0000E+00  0.0000E+00  0.0000E+00
    -21.855  0.0000E+00  0.0000E+00  0.0000E+00  0.0000E+00  0.0000E+00  0.0000E+00  0.0000E+00  0.0000E+00  0.0000E+00
    -21.821  0.0000E+00  0.0000E+00  0.0000E+00  0.0000E+00  0.0000E+00  0.0000E+00  0.0000E+00  0.0000E+00  0.0000E+00
    -21.788  0.0000E+00  0.0000E+00  0.0000E+00  0.0000E+00  0.0000E+00  0.0000E+00  0.0000E+00  0.0000E+00  0.0000E+00
    -21.755  0.0000E+00  0.0000E+00  0.0000E+00  0.0000E+00  0.0000E+00  0.0000E+00  0.0000E+00  0.0000E+00  0.0000E+00
    -21.721  0.0000E+00  0.0000E+00  0.0000E+00  0.0000E+00  0.0000E+00  0.0000E+00  0.0000E+00  0.0000E+00  0.0000E+00
    -21.688  0.0000E+00  0.0000E+00  0.0000E+00  0.0000E+00  0.0000E+00  0.0000E+00  0.0000E+00  0.0000E+00  0.0000E+00
    -21.654  0.0000E+00  0.0000E+00  0.0000E+00  0.0000E+00  0.0000E+00  0.0000E+00  0.0000E+00  0.0000E+00  0.0000E+00
    -21.621  0.0000E+00  0.0000E+00  0.0000E+00  0.0000E+00  0.0000E+00  0.0000E+00  0.0000E+00  0.0000E+00  0.0000E+00
    -21.587  0.0000E+00  0.0000E+00  0.0000E+00  0.0000E+00  0.0000E+00  0.0000E+00  0.0000E+00  0.0000E+00  0.0000E+00
    -21.554  0.0000E+00  0.0000E+00  0.0000E+00  0.0000E+00  0.0000E+00  0.0000E+00  0.0000E+00  0.0000E+00  0.0000E+00
    -21.521  0.0000E+00  0.0000E+00  0.0000E+00  0.0000E+00  0.0000E+00  0.0000E+00  0.0000E+00  0.0000E+00  0.0000E+00
    -21.487  0.8337E-15  0.5557E-17  0.8677E-16  0.1180E-20  0.0000E+00  0.0000E+00  0.0000E+00  0.0000E+00  0.0000E+00
    -21.454  0.3247E-13  0.2164E-15  0.3380E-14  0.4597E-19  0.0000E+00  0.0000E+00  0.0000E+00  0.0000E+00  0.0000E+00
    -21.420  0.1042E-11  0.6945E-14  0.1085E-12  0.1475E-17  0.0000E+00  0.0000E+00  0.0000E+00  0.0000E+00  0.0000E+00
    -21.387  0.2681E-10  0.1787E-12  0.2790E-11  0.3794E-16  0.0000E+00  0.0000E+00  0.0000E+00  0.0000E+00  0.0000E+00
    -21.354  0.5531E-09  0.3687E-11  0.5757E-10  0.7829E-15  0.0000E+00  0.0000E+00  0.0000E+00  0.0000E+00  0.0000E+00
    -21.320  0.9155E-08  0.6102E-10  0.9529E-09  0.1296E-13  0.0000E+00  0.0000E+00  0.0000E+00  0.0000E+00  0.0000E+00
    -21.287  0.1216E-06  0.8104E-09  0.1265E-07  0.1721E-12  0.0000E+00  0.0000E+00  0.0000E+00  0.0000E+00  0.0000E+00
    -21.253  0.1296E-05  0.8636E-08  0.1348E-06  0.1834E-11  0.0000E+00  0.0000E+00  0.0000E+00  0.0000E+00  0.0000E+00
    -21.220  0.1108E-04  0.7385E-07  0.1153E-05  0.1568E-10  0.0000E+00  0.0000E+00  0.0000E+00  0.0000E+00  0.0000E+00
    -21.187  0.7606E-04  0.5070E-06  0.7916E-05  0.1077E-09  0.0000E+00  0.0000E+00  0.0000E+00  0.0000E+00  0.0000E+00
    -21.153  0.4191E-03  0.2794E-05  0.4362E-04  0.5933E-09  0.0000E+00  0.0000E+00  0.0000E+00  0.0000E+00  0.0000E+00
    -21.120  0.1854E-02  0.1236E-04  0.1930E-03  0.2625E-08  0.0000E+00  0.0000E+00  0.0000E+00  0.0000E+00  0.0000E+00
    -21.086  0.6587E-02  0.4391E-04  0.6856E-03  0.9324E-08  0.0000E+00  0.0000E+00  0.0000E+00  0.0000E+00  0.0000E+00
    -21.053  0.1879E-01  0.1253E-03  0.1956E-02  0.2660E-07  0.0000E+00  0.0000E+00  0.0000E+00  0.0000E+00  0.0000E+00
    -21.020  0.4305E-01  0.2870E-03  0.4481E-02  0.6094E-07  0.0000E+00  0.0000E+00  0.0000E+00  0.0000E+00  0.0000E+00
    -20.986  0.7922E-01  0.5280E-03  0.8245E-02  0.1121E-06  0.0000E+00  0.0000E+00  0.0000E+00  0.0000E+00  0.0000E+00
    -20.953  0.1171E+00  0.7804E-03  0.1219E-01  0.1657E-06  0.0000E+00  0.0000E+00  0.0000E+00  0.0000E+00  0.0000E+00
    -20.919  0.1390E+00  0.9265E-03  0.1447E-01  0.1968E-06  0.0000E+00  0.0000E+00  0.0000E+00  0.0000E+00  0.0000E+00
    -20.886  0.1326E+00  0.8835E-03  0.1380E-01  0.1876E-06  0.0000E+00  0.0000E+00  0.0000E+00  0.0000E+00  0.0000E+00
    -20.853  0.1015E+00  0.6768E-03  0.1057E-01  0.1437E-06  0.0000E+00  0.0000E+00  0.0000E+00  0.0000E+00  0.0000E+00
    -20.819  0.6247E-01  0.4164E-03  0.6502E-02  0.8842E-07  0.0000E+00  0.0000E+00  0.0000E+00  0.0000E+00  0.0000E+00
    -20.786  0.3087E-01  0.2058E-03  0.3213E-02  0.4370E-07  0.0000E+00  0.0000E+00  0.0000E+00  0.0000E+00  0.0000E+00
    -20.752  0.1225E-01  0.8167E-04  0.1275E-02  0.1734E-07  0.0000E+00  0.0000E+00  0.0000E+00  0.0000E+00  0.0000E+00
    -20.719  0.3905E-02  0.2603E-04  0.4065E-03  0.5528E-08  0.0000E+00  0.0000E+00  0.0000E+00  0.0000E+00  0.0000E+00
    -20.685  0.9995E-03  0.6662E-05  0.1040E-03  0.1415E-08  0.0000E+00  0.0000E+00  0.0000E+00  0.0000E+00  0.0000E+00
    -20.652  0.2054E-03  0.1369E-05  0.2138E-04  0.2907E-09  0.0000E+00  0.0000E+00  0.0000E+00  0.0000E+00  0.0000E+00
    -20.619  0.3389E-04  0.2259E-06  0.3527E-05  0.4797E-10  0.0000E+00  0.0000E+00  0.0000E+00  0.0000E+00  0.0000E+00
    -20.585  0.4488E-05  0.2991E-07  0.4671E-06  0.6352E-11  0.0000E+00  0.0000E+00  0.0000E+00  0.0000E+00  0.0000E+00
    -20.552  0.4770E-06  0.3179E-08  0.4965E-07  0.6752E-12  0.0000E+00  0.0000E+00  0.0000E+00  0.0000E+00  0.0000E+00
    -20.518  0.4069E-07  0.2712E-09  0.4235E-08  0.5759E-13  0.0000E+00  0.0000E+00  0.0000E+00  0.0000E+00  0.0000E+00
    -20.485  0.2785E-08  0.1856E-10  0.2898E-09  0.3942E-14  0.0000E+00  0.0000E+00  0.0000E+00  0.0000E+00  0.0000E+00
    -20.452  0.1529E-09  0.1019E-11  0.1591E-10  0.2164E-15  0.0000E+00  0.0000E+00  0.0000E+00  0.0000E+00  0.0000E+00
    -20.418  0.6734E-11  0.4489E-13  0.7009E-12  0.9533E-17  0.0000E+00  0.0000E+00  0.0000E+00  0.0000E+00  0.0000E+00
    -20.385  0.2379E-12  0.1586E-14  0.2477E-13  0.3368E-18  0.0000E+00  0.0000E+00  0.0000E+00  0.0000E+00  0.0000E+00
    -20.351  0.6670E-14  0.4446E-16  0.6942E-15  0.9441E-20  0.0000E+00  0.0000E+00  0.0000E+00  0.0000E+00  0.0000E+00
    -20.318  0.1667E-15  0.1111E-17  0.1735E-16  0.2360E-21  0.0000E+00  0.0000E+00  0.0000E+00  0.0000E+00  0.0000E+00
    -20.285  0.0000E+00  0.0000E+00  0.0000E+00  0.0000E+00  0.0000E+00  0.0000E+00  0.0000E+00  0.0000E+00  0.0000E+00
    -20.251  0.0000E+00  0.0000E+00  0.0000E+00  0.0000E+00  0.0000E+00  0.0000E+00  0.0000E+00  0.0000E+00  0.0000E+00
    -20.218  0.0000E+00  0.0000E+00  0.0000E+00  0.0000E+00  0.0000E+00  0.0000E+00  0.0000E+00  0.0000E+00  0.0000E+00
    -20.184  0.0000E+00  0.0000E+00  0.0000E+00  0.0000E+00  0.0000E+00  0.0000E+00  0.0000E+00  0.0000E+00  0.0000E+00
    -20.151  0.0000E+00  0.0000E+00  0.0000E+00  0.0000E+00  0.0000E+00  0.0000E+00  0.0000E+00  0.0000E+00  0.0000E+00
    -20.118  0.0000E+00  0.0000E+00  0.0000E+00  0.0000E+00  0.0000E+00  0.0000E+00  0.0000E+00  0.0000E+00  0.0000E+00
    -20.084  0.0000E+00  0.0000E+00  0.0000E+00  0.0000E+00  0.0000E+00  0.0000E+00  0.0000E+00  0.0000E+00  0.0000E+00
    -20.051  0.0000E+00  0.0000E+00  0.0000E+00  0.0000E+00  0.0000E+00  0.0000E+00  0.0000E+00  0.0000E+00  0.0000E+00
    -20.017  0.0000E+00  0.0000E+00  0.0000E+00  0.0000E+00  0.0000E+00  0.0000E+00  0.0000E+00  0.0000E+00  0.0000E+00
    -19.984  0.0000E+00  0.0000E+00  0.0000E+00  0.0000E+00  0.0000E+00  0.0000E+00  0.0000E+00  0.0000E+00  0.0000E+00
    -19.951  0.6719E-15  0.1898E-18  0.7316E-16  0.6013E-19  0.0000E+00  0.0000E+00  0.0000E+00  0.0000E+00  0.0000E+00
    -19.917  0.2615E-13  0.7387E-17  0.2848E-14  0.2341E-17  0.0000E+00  0.0000E+00  0.0000E+00  0.0000E+00  0.0000E+00
    -19.884  0.8621E-12  0.2435E-15  0.9388E-13  0.7716E-16  0.0000E+00  0.0000E+00  0.0000E+00  0.0000E+00  0.0000E+00
    -19.850  0.2277E-10  0.6433E-14  0.2480E-11  0.2038E-14  0.0000E+00  0.0000E+00  0.0000E+00  0.0000E+00  0.0000E+00
    -19.817  0.4825E-09  0.1363E-12  0.5254E-10  0.4319E-13  0.0000E+00  0.0000E+00  0.0000E+00  0.0000E+00  0.0000E+00
    -19.783  0.8200E-08  0.2316E-11  0.8929E-09  0.7340E-12  0.0000E+00  0.0000E+00  0.0000E+00  0.0000E+00  0.0000E+00
    -19.750  0.1118E-06  0.3159E-10  0.1218E-07  0.1001E-10  0.0000E+00  0.0000E+00  0.0000E+00  0.0000E+00  0.0000E+00
    -19.717  0.1223E-05  0.3456E-09  0.1332E-06  0.1095E-09  0.0000E+00  0.0000E+00  0.0000E+00  0.0000E+00  0.0000E+00
    -19.683  0.1074E-04  0.3035E-08  0.1170E-05  0.9615E-09  0.0000E+00  0.0000E+00  0.0000E+00  0.0000E+00  0.0000E+00
    -19.650  0.7571E-04  0.2139E-07  0.8244E-05  0.6777E-08  0.0000E+00  0.0000E+00  0.0000E+00  0.0000E+00  0.0000E+00
    -19.616  0.4284E-03  0.1210E-06  0.4664E-04  0.3834E-07  0.0000E+00  0.0000E+00  0.0000E+00  0.0000E+00  0.0000E+00
    -19.583  0.1946E-02  0.5496E-06  0.2119E-03  0.1741E-06  0.0000E+00  0.0000E+00  0.0000E+00  0.0000E+00  0.0000E+00
    -19.550  0.7096E-02  0.2005E-05  0.7727E-03  0.6352E-06  0.0000E+00  0.0000E+00  0.0000E+00  0.0000E+00  0.0000E+00
    -19.516  0.2078E-01  0.5871E-05  0.2263E-02  0.1860E-05  0.0000E+00  0.0000E+00  0.0000E+00  0.0000E+00  0.0000E+00
    -19.483  0.4889E-01  0.1381E-04  0.5323E-02  0.4375E-05  0.0000E+00  0.0000E+00  0.0000E+00  0.0000E+00  0.0000E+00
    -19.449  0.9235E-01  0.2609E-04  0.1006E-01  0.8266E-05  0.0000E+00  0.0000E+00  0.0000E+00  0.0000E+00  0.0000E+00
    -19.416  0.1401E+00  0.3958E-04  0.1526E-01  0.1254E-04  0.0000E+00  0.0000E+00  0.0000E+00  0.0000E+00  0.0000E+00
    -19.383  0.1708E+00  0.4824E-04  0.1860E-01  0.1529E-04  0.0000E+00  0.0000E+00  0.0000E+00  0.0000E+00  0.0000E+00
    -19.349  0.1672E+00  0.4723E-04  0.1821E-01  0.1497E-04  0.0000E+00  0.0000E+00  0.0000E+00  0.0000E+00  0.0000E+00
    -19.316  0.1315E+00  0.3714E-04  0.1432E-01  0.1177E-04  0.0000E+00  0.0000E+00  0.0000E+00  0.0000E+00  0.0000E+00
    -19.282  0.8305E-01  0.2346E-04  0.9043E-02  0.7433E-05  0.0000E+00  0.0000E+00  0.0000E+00  0.0000E+00  0.0000E+00
    -19.249  0.4213E-01  0.1190E-04  0.4588E-02  0.3771E-05  0.0000E+00  0.0000E+00  0.0000E+00  0.0000E+00  0.0000E+00
    -19.216  0.1717E-01  0.4850E-05  0.1869E-02  0.1537E-05  0.0000E+00  0.0000E+00  0.0000E+00  0.0000E+00  0.0000E+00
    -19.182  0.5618E-02  0.1587E-05  0.6117E-03  0.5028E-06  0.0000E+00  0.0000E+00  0.0000E+00  0.0000E+00  0.0000E+00
    -19.149  0.1476E-02  0.4170E-06  0.1607E-03  0.1321E-06  0.0000E+00  0.0000E+00  0.0000E+00  0.0000E+00  0.0000E+00
    -19.115  0.3115E-03  0.8798E-07  0.3392E-04  0.2788E-07  0.0000E+00  0.0000E+00  0.0000E+00  0.0000E+00  0.0000E+00
    -19.082  0.5276E-04  0.1490E-07  0.5745E-05  0.4722E-08  0.0000E+00  0.0000E+00  0.0000E+00  0.0000E+00  0.0000E+00
    -19.049  0.7174E-05  0.2026E-08  0.7811E-06  0.6421E-09  0.0000E+00  0.0000E+00  0.0000E+00  0.0000E+00  0.0000E+00
    -19.015  0.7829E-06  0.2211E-09  0.8525E-07  0.7007E-10  0.0000E+00  0.0000E+00  0.0000E+00  0.0000E+00  0.0000E+00
    -18.982  0.6856E-07  0.1937E-10  0.7466E-08  0.6137E-11  0.0000E+00  0.0000E+00  0.0000E+00  0.0000E+00  0.0000E+00
    -18.948  0.4818E-08  0.1361E-11  0.5247E-09  0.4313E-12  0.0000E+00  0.0000E+00  0.0000E+00  0.0000E+00  0.0000E+00
    -18.915  0.2717E-09  0.7674E-13  0.2958E-10  0.2431E-13  0.0000E+00  0.0000E+00  0.0000E+00  0.0000E+00  0.0000E+00
    -18.882  0.1229E-10  0.3470E-14  0.1338E-11  0.1100E-14  0.0000E+00  0.0000E+00  0.0000E+00  0.0000E+00  0.0000E+00
    -18.848  0.4457E-12  0.1259E-15  0.4853E-13  0.3989E-16  0.0000E+00  0.0000E+00  0.0000E+00  0.0000E+00  0.0000E+00
    -18.815  0.1292E-13  0.3650E-17  0.1407E-14  0.1156E-17  0.0000E+00  0.0000E+00  0.0000E+00  0.0000E+00  0.0000E+00
    -18.781  0.3101E-15  0.8759E-19  0.3376E-16  0.2775E-19  0.0000E+00  0.0000E+00  0.0000E+00  0.0000E+00  0.0000E+00
    -18.748  0.0000E+00  0.0000E+00  0.0000E+00  0.0000E+00  0.0000E+00  0.0000E+00  0.0000E+00  0.0000E+00  0.0000E+00
    -18.714  0.0000E+00  0.0000E+00  0.0000E+00  0.0000E+00  0.0000E+00  0.0000E+00  0.0000E+00  0.0000E+00  0.0000E+00
    -18.681  0.0000E+00  0.0000E+00  0.0000E+00  0.0000E+00  0.0000E+00  0.0000E+00  0.0000E+00  0.0000E+00  0.0000E+00
    -18.648  0.0000E+00  0.0000E+00  0.0000E+00  0.0000E+00  0.0000E+00  0.0000E+00  0.0000E+00  0.0000E+00  0.0000E+00
    -18.614  0.0000E+00  0.0000E+00  0.0000E+00  0.0000E+00  0.0000E+00  0.0000E+00  0.0000E+00  0.0000E+00  0.0000E+00
    -18.581  0.0000E+00  0.0000E+00  0.0000E+00  0.0000E+00  0.0000E+00  0.0000E+00  0.0000E+00  0.0000E+00  0.0000E+00
    -18.547  0.0000E+00  0.0000E+00  0.0000E+00  0.0000E+00  0.0000E+00  0.0000E+00  0.0000E+00  0.0000E+00  0.0000E+00
    -18.514  0.0000E+00  0.0000E+00  0.0000E+00  0.0000E+00  0.0000E+00  0.0000E+00  0.0000E+00  0.0000E+00  0.0000E+00
    -18.481  0.0000E+00  0.0000E+00  0.0000E+00  0.0000E+00  0.0000E+00  0.0000E+00  0.0000E+00  0.0000E+00  0.0000E+00
    -18.447  0.0000E+00  0.0000E+00  0.0000E+00  0.0000E+00  0.0000E+00  0.0000E+00  0.0000E+00  0.0000E+00  0.0000E+00
    -18.414  0.0000E+00  0.0000E+00  0.0000E+00  0.0000E+00  0.0000E+00  0.0000E+00  0.0000E+00  0.0000E+00  0.0000E+00
    -18.380  0.0000E+00  0.0000E+00  0.0000E+00  0.0000E+00  0.0000E+00  0.0000E+00  0.0000E+00  0.0000E+00  0.0000E+00
    -18.347  0.0000E+00  0.0000E+00  0.0000E+00  0.0000E+00  0.0000E+00  0.0000E+00  0.0000E+00  0.0000E+00  0.0000E+00
    -18.314  0.0000E+00  0.0000E+00  0.0000E+00  0.0000E+00  0.0000E+00  0.0000E+00  0.0000E+00  0.0000E+00  0.0000E+00
    -18.280  0.0000E+00  0.0000E+00  0.0000E+00  0.0000E+00  0.0000E+00  0.0000E+00  0.0000E+00  0.0000E+00  0.0000E+00
    -18.247  0.0000E+00  0.0000E+00  0.0000E+00  0.0000E+00  0.0000E+00  0.0000E+00  0.0000E+00  0.0000E+00  0.0000E+00
    -18.213  0.0000E+00  0.0000E+00  0.0000E+00  0.0000E+00  0.0000E+00  0.0000E+00  0.0000E+00  0.0000E+00  0.0000E+00
    -18.180  0.0000E+00  0.0000E+00  0.0000E+00  0.0000E+00  0.0000E+00  0.0000E+00  0.0000E+00  0.0000E+00  0.0000E+00
    -18.147  0.0000E+00  0.0000E+00  0.0000E+00  0.0000E+00  0.0000E+00  0.0000E+00  0.0000E+00  0.0000E+00  0.0000E+00
    -18.113  0.0000E+00  0.0000E+00  0.0000E+00  0.0000E+00  0.0000E+00  0.0000E+00  0.0000E+00  0.0000E+00  0.0000E+00
    -18.080  0.0000E+00  0.0000E+00  0.0000E+00  0.0000E+00  0.0000E+00  0.0000E+00  0.0000E+00  0.0000E+00  0.0000E+00
    -18.046  0.0000E+00  0.0000E+00  0.0000E+00  0.0000E+00  0.0000E+00  0.0000E+00  0.0000E+00  0.0000E+00  0.0000E+00
    -18.013  0.0000E+00  0.0000E+00  0.0000E+00  0.0000E+00  0.0000E+00  0.0000E+00  0.0000E+00  0.0000E+00  0.0000E+00
    -17.980  0.0000E+00  0.0000E+00  0.0000E+00  0.0000E+00  0.0000E+00  0.0000E+00  0.0000E+00  0.0000E+00  0.0000E+00
    -17.946  0.0000E+00  0.0000E+00  0.0000E+00  0.0000E+00  0.0000E+00  0.0000E+00  0.0000E+00  0.0000E+00  0.0000E+00
    -17.913  0.9001E-19  0.4584E-18  0.6261E-19  0.1949E-20  0.0000E+00  0.0000E+00  0.0000E+00  0.0000E+00  0.0000E+00
    -17.879  0.2250E-17  0.1146E-16  0.1565E-17  0.4872E-19  0.0000E+00  0.0000E+00  0.0000E+00  0.0000E+00  0.0000E+00
    -17.846  0.9082E-16  0.4625E-15  0.6317E-16  0.1966E-17  0.0000E+00  0.0000E+00  0.0000E+00  0.0000E+00  0.0000E+00
    -17.812  0.2866E-14  0.1459E-13  0.1993E-14  0.6205E-16  0.0000E+00  0.0000E+00  0.0000E+00  0.0000E+00  0.0000E+00
    -17.779  0.7256E-13  0.3695E-12  0.5047E-13  0.1571E-14  0.0000E+00  0.0000E+00  0.0000E+00  0.0000E+00  0.0000E+00
    -17.746  0.1474E-11  0.7504E-11  0.1025E-11  0.3191E-13  0.0000E+00  0.0000E+00  0.0000E+00  0.0000E+00  0.0000E+00
    -17.712  0.2401E-10  0.1222E-09  0.1670E-10  0.5198E-12  0.0000E+00  0.0000E+00  0.0000E+00  0.0000E+00  0.0000E+00
    -17.679  0.3138E-09  0.1598E-08  0.2182E-09  0.6794E-11  0.0000E+00  0.0000E+00  0.0000E+00  0.0000E+00  0.0000E+00
    -17.645  0.3291E-08  0.1676E-07  0.2289E-08  0.7125E-10  0.0000E+00  0.0000E+00  0.0000E+00  0.0000E+00  0.0000E+00
    -17.612  0.2770E-07  0.1411E-06  0.1927E-07  0.5998E-09  0.0000E+00  0.0000E+00  0.0000E+00  0.0000E+00  0.0000E+00
    -17.579  0.1872E-06  0.9531E-06  0.1302E-06  0.4052E-08  0.0000E+00  0.0000E+00  0.0000E+00  0.0000E+00  0.0000E+00
    -17.545  0.1015E-05  0.5169E-05  0.7061E-06  0.2198E-07  0.0000E+00  0.0000E+00  0.0000E+00  0.0000E+00  0.0000E+00
    -17.512  0.4420E-05  0.2251E-04  0.3075E-05  0.9571E-07  0.0000E+00  0.0000E+00  0.0000E+00  0.0000E+00  0.0000E+00
    -17.478  0.1546E-04  0.7871E-04  0.1075E-04  0.3346E-06  0.0000E+00  0.0000E+00  0.0000E+00  0.0000E+00  0.0000E+00
    -17.445  0.4340E-04  0.2210E-03  0.3019E-04  0.9397E-06  0.0000E+00  0.0000E+00  0.0000E+00  0.0000E+00  0.0000E+00
    -17.412  0.9786E-04  0.4984E-03  0.6807E-04  0.2119E-05  0.0000E+00  0.0000E+00  0.0000E+00  0.0000E+00  0.0000E+00
    -17.378  0.1773E-03  0.9026E-03  0.1233E-03  0.3838E-05  0.0000E+00  0.0000E+00  0.0000E+00  0.0000E+00  0.0000E+00
    -17.345  0.2579E-03  0.1313E-02  0.1794E-03  0.5583E-05  0.0000E+00  0.0000E+00  0.0000E+00  0.0000E+00  0.0000E+00
    -17.311  0.3013E-03  0.1534E-02  0.2096E-03  0.6524E-05  0.0000E+00  0.0000E+00  0.0000E+00  0.0000E+00  0.0000E+00
    -17.278  0.2828E-03  0.1440E-02  0.1967E-03  0.6124E-05  0.0000E+00  0.0000E+00  0.0000E+00  0.0000E+00  0.0000E+00
    -17.245  0.2132E-03  0.1086E-02  0.1483E-03  0.4617E-05  0.0000E+00  0.0000E+00  0.0000E+00  0.0000E+00  0.0000E+00
    -17.211  0.1291E-03  0.6576E-03  0.8982E-04  0.2796E-05  0.0000E+00  0.0000E+00  0.0000E+00  0.0000E+00  0.0000E+00
    -17.178  0.6281E-04  0.3199E-03  0.4369E-04  0.1360E-05  0.0000E+00  0.0000E+00  0.0000E+00  0.0000E+00  0.0000E+00
    -17.144  0.2454E-04  0.1250E-03  0.1707E-04  0.5313E-06  0.0000E+00  0.0000E+00  0.0000E+00  0.0000E+00  0.0000E+00
    -17.111  0.7698E-05  0.3920E-04  0.5354E-05  0.1667E-06  0.0000E+00  0.0000E+00  0.0000E+00  0.0000E+00  0.0000E+00
    -17.078  0.1939E-05  0.9875E-05  0.1349E-05  0.4199E-07  0.0000E+00  0.0000E+00  0.0000E+00  0.0000E+00  0.0000E+00
    -17.044  0.3922E-06  0.1997E-05  0.2728E-06  0.8493E-08  0.0000E+00  0.0000E+00  0.0000E+00  0.0000E+00  0.0000E+00
    -17.011  0.6369E-07  0.3244E-06  0.4430E-07  0.1379E-08  0.0000E+00  0.0000E+00  0.0000E+00  0.0000E+00  0.0000E+00
    -16.977  0.8302E-08  0.4228E-07  0.5775E-08  0.1798E-09  0.0000E+00  0.0000E+00  0.0000E+00  0.0000E+00  0.0000E+00
    -16.944  0.8685E-09  0.4423E-08  0.6041E-09  0.1881E-10  0.0000E+00  0.0000E+00  0.0000E+00  0.0000E+00  0.0000E+00
    -16.910  0.7291E-10  0.3713E-09  0.5072E-10  0.1579E-11  0.0000E+00  0.0000E+00  0.0000E+00  0.0000E+00  0.0000E+00
    -16.877  0.4912E-11  0.2501E-10  0.3416E-11  0.1063E-12  0.0000E+00  0.0000E+00  0.0000E+00  0.0000E+00  0.0000E+00
    -16.844  0.2654E-12  0.1352E-11  0.1846E-12  0.5747E-14  0.0000E+00  0.0000E+00  0.0000E+00  0.0000E+00  0.0000E+00
    -16.810  0.1151E-13  0.5859E-13  0.8003E-14  0.2491E-15  0.0000E+00  0.0000E+00  0.0000E+00  0.0000E+00  0.0000E+00
    -16.777  0.4000E-15  0.2037E-14  0.2782E-15  0.8661E-17  0.0000E+00  0.0000E+00  0.0000E+00  0.0000E+00  0.0000E+00
    -16.743  0.1116E-16  0.5684E-16  0.7763E-17  0.2417E-18  0.0000E+00  0.0000E+00  0.0000E+00  0.0000E+00  0.0000E+00
    -16.710  0.3600E-18  0.1833E-17  0.2504E-18  0.7795E-20  0.0000E+00  0.0000E+00  0.0000E+00  0.0000E+00  0.0000E+00
    -16.677  0.0000E+00  0.0000E+00  0.0000E+00  0.0000E+00  0.0000E+00  0.0000E+00  0.0000E+00  0.0000E+00  0.0000E+00
    -16.643  0.0000E+00  0.0000E+00  0.0000E+00  0.0000E+00  0.0000E+00  0.0000E+00  0.0000E+00  0.0000E+00  0.0000E+00
    -16.610  0.0000E+00  0.0000E+00  0.0000E+00  0.0000E+00  0.0000E+00  0.0000E+00  0.0000E+00  0.0000E+00  0.0000E+00
    -16.576  0.0000E+00  0.0000E+00  0.0000E+00  0.0000E+00  0.0000E+00  0.0000E+00  0.0000E+00  0.0000E+00  0.0000E+00
    -16.543  0.0000E+00  0.0000E+00  0.0000E+00  0.0000E+00  0.0000E+00  0.0000E+00  0.0000E+00  0.0000E+00  0.0000E+00
    -16.510  0.0000E+00  0.0000E+00  0.0000E+00  0.0000E+00  0.0000E+00  0.0000E+00  0.0000E+00  0.0000E+00  0.0000E+00
    -16.476  0.0000E+00  0.0000E+00  0.0000E+00  0.0000E+00  0.0000E+00  0.0000E+00  0.0000E+00  0.0000E+00  0.0000E+00
    -16.443  0.0000E+00  0.0000E+00  0.0000E+00  0.0000E+00  0.0000E+00  0.0000E+00  0.0000E+00  0.0000E+00  0.0000E+00
    -16.409  0.0000E+00  0.0000E+00  0.0000E+00  0.0000E+00  0.0000E+00  0.0000E+00  0.0000E+00  0.0000E+00  0.0000E+00
    -16.376  0.0000E+00  0.0000E+00  0.0000E+00  0.0000E+00  0.0000E+00  0.0000E+00  0.0000E+00  0.0000E+00  0.0000E+00
    -16.343  0.0000E+00  0.0000E+00  0.0000E+00  0.0000E+00  0.0000E+00  0.0000E+00  0.0000E+00  0.0000E+00  0.0000E+00
    -16.309  0.0000E+00  0.0000E+00  0.0000E+00  0.0000E+00  0.0000E+00  0.0000E+00  0.0000E+00  0.0000E+00  0.0000E+00
    -16.276  0.0000E+00  0.0000E+00  0.0000E+00  0.0000E+00  0.0000E+00  0.0000E+00  0.0000E+00  0.0000E+00  0.0000E+00
    -16.242  0.0000E+00  0.0000E+00  0.0000E+00  0.0000E+00  0.0000E+00  0.0000E+00  0.0000E+00  0.0000E+00  0.0000E+00
    -16.209  0.0000E+00  0.0000E+00  0.0000E+00  0.0000E+00  0.0000E+00  0.0000E+00  0.0000E+00  0.0000E+00  0.0000E+00
    -16.176  0.0000E+00  0.0000E+00  0.0000E+00  0.0000E+00  0.0000E+00  0.0000E+00  0.0000E+00  0.0000E+00  0.0000E+00
    -16.142  0.4937E-15  0.7971E-18  0.3911E-16  0.1213E-17  0.0000E+00  0.0000E+00  0.0000E+00  0.0000E+00  0.0000E+00
    -16.109  0.1963E-13  0.3168E-16  0.1555E-14  0.4822E-16  0.0000E+00  0.0000E+00  0.0000E+00  0.0000E+00  0.0000E+00
    -16.075  0.6936E-12  0.1120E-14  0.5494E-13  0.1704E-14  0.0000E+00  0.0000E+00  0.0000E+00  0.0000E+00  0.0000E+00
    -16.042  0.1965E-10  0.3173E-13  0.1557E-11  0.4829E-13  0.0000E+00  0.0000E+00  0.0000E+00  0.0000E+00  0.0000E+00
    -16.009  0.4467E-09  0.7211E-12  0.3539E-10  0.1097E-11  0.0000E+00  0.0000E+00  0.0000E+00  0.0000E+00  0.0000E+00
    -15.975  0.8143E-08  0.1315E-10  0.6451E-09  0.2001E-10  0.0000E+00  0.0000E+00  0.0000E+00  0.0000E+00  0.0000E+00
    -15.942  0.1191E-06  0.1923E-09  0.9435E-08  0.2926E-09  0.0000E+00  0.0000E+00  0.0000E+00  0.0000E+00  0.0000E+00
    -15.908  0.1398E-05  0.2256E-08  0.1107E-06  0.3434E-08  0.0000E+00  0.0000E+00  0.0000E+00  0.0000E+00  0.0000E+00
    -15.875  0.1316E-04  0.2125E-07  0.1043E-05  0.3234E-07  0.0000E+00  0.0000E+00  0.0000E+00  0.0000E+00  0.0000E+00
    -15.841  0.9949E-04  0.1606E-06  0.7881E-05  0.2444E-06  0.0000E+00  0.0000E+00  0.0000E+00  0.0000E+00  0.0000E+00
    -15.808  0.6036E-03  0.9744E-06  0.4782E-04  0.1483E-05  0.0000E+00  0.0000E+00  0.0000E+00  0.0000E+00  0.0000E+00
    -15.775  0.2940E-02  0.4746E-05  0.2329E-03  0.7223E-05  0.0000E+00  0.0000E+00  0.0000E+00  0.0000E+00  0.0000E+00
    -15.741  0.1150E-01  0.1856E-04  0.9109E-03  0.2825E-04  0.0000E+00  0.0000E+00  0.0000E+00  0.0000E+00  0.0000E+00
    -15.708  0.3611E-01  0.5830E-04  0.2861E-02  0.8872E-04  0.0000E+00  0.0000E+00  0.0000E+00  0.0000E+00  0.0000E+00
    -15.674  0.9108E-01  0.1470E-03  0.7215E-02  0.2238E-03  0.0000E+00  0.0000E+00  0.0000E+00  0.0000E+00  0.0000E+00
    -15.641  0.1845E+00  0.2978E-03  0.1461E-01  0.4532E-03  0.0000E+00  0.0000E+00  0.0000E+00  0.0000E+00  0.0000E+00
    -15.608  0.3001E+00  0.4845E-03  0.2378E-01  0.7374E-03  0.0000E+00  0.0000E+00  0.0000E+00  0.0000E+00  0.0000E+00
    -15.574  0.3922E+00  0.6332E-03  0.3107E-01  0.9636E-03  0.0000E+00  0.0000E+00  0.0000E+00  0.0000E+00  0.0000E+00
    -15.541  0.4117E+00  0.6646E-03  0.3261E-01  0.1012E-02  0.0000E+00  0.0000E+00  0.0000E+00  0.0000E+00  0.0000E+00
    -15.507  0.3471E+00  0.5604E-03  0.2750E-01  0.8529E-03  0.0000E+00  0.0000E+00  0.0000E+00  0.0000E+00  0.0000E+00
    -15.474  0.2351E+00  0.3795E-03  0.1862E-01  0.5776E-03  0.0000E+00  0.0000E+00  0.0000E+00  0.0000E+00  0.0000E+00
    -15.441  0.1279E+00  0.2065E-03  0.1013E-01  0.3142E-03  0.0000E+00  0.0000E+00  0.0000E+00  0.0000E+00  0.0000E+00
    -15.407  0.5588E-01  0.9020E-04  0.4426E-02  0.1373E-03  0.0000E+00  0.0000E+00  0.0000E+00  0.0000E+00  0.0000E+00
    -15.374  0.1961E-01  0.3165E-04  0.1553E-02  0.4817E-04  0.0000E+00  0.0000E+00  0.0000E+00  0.0000E+00  0.0000E+00
    -15.340  0.5524E-02  0.8918E-05  0.4376E-03  0.1357E-04  0.0000E+00  0.0000E+00  0.0000E+00  0.0000E+00  0.0000E+00
    -15.307  0.1250E-02  0.2018E-05  0.9902E-04  0.3071E-05  0.0000E+00  0.0000E+00  0.0000E+00  0.0000E+00  0.0000E+00
    -15.274  0.2270E-03  0.3665E-06  0.1799E-04  0.5579E-06  0.0000E+00  0.0000E+00  0.0000E+00  0.0000E+00  0.0000E+00
    -15.240  0.3318E-04  0.5347E-07  0.2628E-05  0.8187E-07  0.0000E+00  0.0000E+00  0.0000E+00  0.0000E+00  0.0000E+00
    -15.207  0.4714E-05  0.6565E-08  0.3642E-06  0.1575E-07  0.0000E+00  0.0000E+00  0.0000E+00  0.0000E+00  0.0000E+00
    -15.173  0.8287E-05  0.3505E-08  0.5690E-06  0.5973E-07  0.0000E+00  0.0000E+00  0.0000E+00  0.0000E+00  0.0000E+00
    -15.140  0.6008E-04  0.2216E-07  0.4097E-05  0.4460E-06  0.0000E+00  0.0000E+00  0.0000E+00  0.0000E+00  0.0000E+00
    -15.107  0.3654E-03  0.1346E-06  0.2491E-04  0.2713E-05  0.0000E+00  0.0000E+00  0.0000E+00  0.0000E+00  0.0000E+00
    -15.073  0.1785E-02  0.6573E-06  0.1217E-03  0.1325E-04  0.0000E+00  0.0000E+00  0.0000E+00  0.0000E+00  0.0000E+00
    -15.040  0.7000E-02  0.2578E-05  0.4773E-03  0.5199E-04  0.0000E+00  0.0000E+00  0.0000E+00  0.0000E+00  0.0000E+00
    -15.006  0.2205E-01  0.8120E-05  0.1503E-02  0.1637E-03  0.0000E+00  0.0000E+00  0.0000E+00  0.0000E+00  0.0000E+00
    -14.973  0.5576E-01  0.2054E-04  0.3802E-02  0.4141E-03  0.0000E+00  0.0000E+00  0.0000E+00  0.0000E+00  0.0000E+00
    -14.939  0.1133E+00  0.4172E-04  0.7723E-02  0.8412E-03  0.0000E+00  0.0000E+00  0.0000E+00  0.0000E+00  0.0000E+00
    -14.906  0.1848E+00  0.6806E-04  0.1260E-01  0.1372E-02  0.0000E+00  0.0000E+00  0.0000E+00  0.0000E+00  0.0000E+00
    -14.873  0.2422E+00  0.8919E-04  0.1651E-01  0.1798E-02  0.0000E+00  0.0000E+00  0.0000E+00  0.0000E+00  0.0000E+00
    -14.839  0.2549E+00  0.9389E-04  0.1738E-01  0.1893E-02  0.0000E+00  0.0000E+00  0.0000E+00  0.0000E+00  0.0000E+00
    -14.806  0.2156E+00  0.7939E-04  0.1470E-01  0.1601E-02  0.0000E+00  0.0000E+00  0.0000E+00  0.0000E+00  0.0000E+00
    -14.772  0.1464E+00  0.5392E-04  0.9982E-02  0.1087E-02  0.0000E+00  0.0000E+00  0.0000E+00  0.0000E+00  0.0000E+00
    -14.739  0.7987E-01  0.2941E-04  0.5446E-02  0.5931E-03  0.0000E+00  0.0000E+00  0.0000E+00  0.0000E+00  0.0000E+00
    -14.706  0.3499E-01  0.1289E-04  0.2386E-02  0.2599E-03  0.0000E+00  0.0000E+00  0.0000E+00  0.0000E+00  0.0000E+00
    -14.672  0.1231E-01  0.4535E-05  0.8396E-03  0.9144E-04  0.0000E+00  0.0000E+00  0.0000E+00  0.0000E+00  0.0000E+00
    -14.639  0.3479E-02  0.1281E-05  0.2372E-03  0.2584E-04  0.0000E+00  0.0000E+00  0.0000E+00  0.0000E+00  0.0000E+00
    -14.605  0.7895E-03  0.2907E-06  0.5383E-04  0.5863E-05  0.0000E+00  0.0000E+00  0.0000E+00  0.0000E+00  0.0000E+00
    -14.572  0.1438E-03  0.5296E-07  0.9806E-05  0.1068E-05  0.0000E+00  0.0000E+00  0.0000E+00  0.0000E+00  0.0000E+00
    -14.539  0.2103E-04  0.7745E-08  0.1434E-05  0.1562E-06  0.0000E+00  0.0000E+00  0.0000E+00  0.0000E+00  0.0000E+00
    -14.505  0.2468E-05  0.9091E-09  0.1683E-06  0.1833E-07  0.0000E+00  0.0000E+00  0.0000E+00  0.0000E+00  0.0000E+00
    -14.472  0.2325E-06  0.8564E-10  0.1585E-07  0.1727E-08  0.0000E+00  0.0000E+00  0.0000E+00  0.0000E+00  0.0000E+00
    -14.438  0.1758E-07  0.6473E-11  0.1198E-08  0.1305E-09  0.0000E+00  0.0000E+00  0.0000E+00  0.0000E+00  0.0000E+00
    -14.405  0.1066E-08  0.3926E-12  0.7268E-10  0.7916E-11  0.0000E+00  0.0000E+00  0.0000E+00  0.0000E+00  0.0000E+00
    -14.372  0.5186E-10  0.1910E-13  0.3536E-11  0.3851E-12  0.0000E+00  0.0000E+00  0.0000E+00  0.0000E+00  0.0000E+00
    -14.338  0.2024E-11  0.7453E-15  0.1380E-12  0.1503E-13  0.0000E+00  0.0000E+00  0.0000E+00  0.0000E+00  0.0000E+00
    -14.305  0.6339E-13  0.2335E-16  0.4322E-14  0.4707E-15  0.0000E+00  0.0000E+00  0.0000E+00  0.0000E+00  0.0000E+00
    -14.271  0.1527E-14  0.5625E-18  0.1041E-15  0.1134E-16  0.0000E+00  0.0000E+00  0.0000E+00  0.0000E+00  0.0000E+00
    -14.238  0.0000E+00  0.0000E+00  0.0000E+00  0.0000E+00  0.0000E+00  0.0000E+00  0.0000E+00  0.0000E+00  0.0000E+00
    -14.205  0.0000E+00  0.0000E+00  0.0000E+00  0.0000E+00  0.0000E+00  0.0000E+00  0.0000E+00  0.0000E+00  0.0000E+00
    -14.171  0.0000E+00  0.0000E+00  0.0000E+00  0.0000E+00  0.0000E+00  0.0000E+00  0.0000E+00  0.0000E+00  0.0000E+00
    -14.138  0.0000E+00  0.0000E+00  0.0000E+00  0.0000E+00  0.0000E+00  0.0000E+00  0.0000E+00  0.0000E+00  0.0000E+00
    -14.104  0.0000E+00  0.0000E+00  0.0000E+00  0.0000E+00  0.0000E+00  0.0000E+00  0.0000E+00  0.0000E+00  0.0000E+00
    -14.071  0.0000E+00  0.0000E+00  0.0000E+00  0.0000E+00  0.0000E+00  0.0000E+00  0.0000E+00  0.0000E+00  0.0000E+00
    -14.037  0.0000E+00  0.0000E+00  0.0000E+00  0.0000E+00  0.0000E+00  0.0000E+00  0.0000E+00  0.0000E+00  0.0000E+00
    -14.004  0.0000E+00  0.0000E+00  0.0000E+00  0.0000E+00  0.0000E+00  0.0000E+00  0.0000E+00  0.0000E+00  0.0000E+00
    -13.971  0.0000E+00  0.0000E+00  0.0000E+00  0.0000E+00  0.0000E+00  0.0000E+00  0.0000E+00  0.0000E+00  0.0000E+00
    -13.937  0.0000E+00  0.0000E+00  0.0000E+00  0.0000E+00  0.0000E+00  0.0000E+00  0.0000E+00  0.0000E+00  0.0000E+00
    -13.904  0.0000E+00  0.0000E+00  0.0000E+00  0.0000E+00  0.0000E+00  0.0000E+00  0.0000E+00  0.0000E+00  0.0000E+00
    -13.870  0.0000E+00  0.0000E+00  0.0000E+00  0.0000E+00  0.0000E+00  0.0000E+00  0.0000E+00  0.0000E+00  0.0000E+00
    -13.837  0.0000E+00  0.0000E+00  0.0000E+00  0.0000E+00  0.0000E+00  0.0000E+00  0.0000E+00  0.0000E+00  0.0000E+00
    -13.804  0.0000E+00  0.0000E+00  0.0000E+00  0.0000E+00  0.0000E+00  0.0000E+00  0.0000E+00  0.0000E+00  0.0000E+00
    -13.770  0.0000E+00  0.0000E+00  0.0000E+00  0.0000E+00  0.0000E+00  0.0000E+00  0.0000E+00  0.0000E+00  0.0000E+00
    -13.737  0.0000E+00  0.0000E+00  0.0000E+00  0.0000E+00  0.0000E+00  0.0000E+00  0.0000E+00  0.0000E+00  0.0000E+00
    -13.703  0.0000E+00  0.0000E+00  0.0000E+00  0.0000E+00  0.0000E+00  0.0000E+00  0.0000E+00  0.0000E+00  0.0000E+00
    -13.670  0.0000E+00  0.0000E+00  0.0000E+00  0.0000E+00  0.0000E+00  0.0000E+00  0.0000E+00  0.0000E+00  0.0000E+00
    -13.637  0.0000E+00  0.0000E+00  0.0000E+00  0.0000E+00  0.0000E+00  0.0000E+00  0.0000E+00  0.0000E+00  0.0000E+00
    -13.603  0.0000E+00  0.0000E+00  0.0000E+00  0.0000E+00  0.0000E+00  0.0000E+00  0.0000E+00  0.0000E+00  0.0000E+00
    -13.570  0.0000E+00  0.0000E+00  0.0000E+00  0.0000E+00  0.0000E+00  0.0000E+00  0.0000E+00  0.0000E+00  0.0000E+00
    -13.536  0.0000E+00  0.0000E+00  0.0000E+00  0.0000E+00  0.0000E+00  0.0000E+00  0.0000E+00  0.0000E+00  0.0000E+00
    -13.503  0.0000E+00  0.0000E+00  0.0000E+00  0.0000E+00  0.0000E+00  0.0000E+00  0.0000E+00  0.0000E+00  0.0000E+00
    -13.470  0.0000E+00  0.0000E+00  0.0000E+00  0.0000E+00  0.0000E+00  0.0000E+00  0.0000E+00  0.0000E+00  0.0000E+00
    -13.436  0.0000E+00  0.0000E+00  0.0000E+00  0.0000E+00  0.0000E+00  0.0000E+00  0.0000E+00  0.0000E+00  0.0000E+00
    -13.403  0.0000E+00  0.0000E+00  0.0000E+00  0.0000E+00  0.0000E+00  0.0000E+00  0.0000E+00  0.0000E+00  0.0000E+00
    -13.369  0.0000E+00  0.0000E+00  0.0000E+00  0.0000E+00  0.0000E+00  0.0000E+00  0.0000E+00  0.0000E+00  0.0000E+00
    -13.336  0.0000E+00  0.0000E+00  0.0000E+00  0.0000E+00  0.0000E+00  0.0000E+00  0.0000E+00  0.0000E+00  0.0000E+00
    -13.303  0.3754E-16  0.2172E-17  0.1735E-17  0.1413E-16  0.0000E+00  0.0000E+00  0.0000E+00  0.0000E+00  0.0000E+00
    -13.269  0.1505E-14  0.8707E-16  0.6956E-16  0.5665E-15  0.0000E+00  0.0000E+00  0.0000E+00  0.0000E+00  0.0000E+00
    -13.236  0.5002E-13  0.2894E-14  0.2312E-14  0.1883E-13  0.0000E+00  0.0000E+00  0.0000E+00  0.0000E+00  0.0000E+00
    -13.202  0.1333E-11  0.7709E-13  0.6158E-13  0.5016E-12  0.0000E+00  0.0000E+00  0.0000E+00  0.0000E+00  0.0000E+00
    -13.169  0.2847E-10  0.1647E-11  0.1316E-11  0.1072E-10  0.0000E+00  0.0000E+00  0.0000E+00  0.0000E+00  0.0000E+00
    -13.136  0.4880E-09  0.2823E-10  0.2255E-10  0.1837E-09  0.0000E+00  0.0000E+00  0.0000E+00  0.0000E+00  0.0000E+00
    -13.102  0.6710E-08  0.3882E-09  0.3101E-09  0.2526E-08  0.0000E+00  0.0000E+00  0.0000E+00  0.0000E+00  0.0000E+00
    -13.069  0.7404E-07  0.4283E-08  0.3422E-08  0.2787E-07  0.0000E+00  0.0000E+00  0.0000E+00  0.0000E+00  0.0000E+00
    -13.035  0.6556E-06  0.3793E-07  0.3030E-07  0.2468E-06  0.0000E+00  0.0000E+00  0.0000E+00  0.0000E+00  0.0000E+00
    -13.002  0.4659E-05  0.2695E-06  0.2153E-06  0.1754E-05  0.0000E+00  0.0000E+00  0.0000E+00  0.0000E+00  0.0000E+00
    -12.968  0.2658E-04  0.1538E-05  0.1229E-05  0.1001E-04  0.0000E+00  0.0000E+00  0.0000E+00  0.0000E+00  0.0000E+00
    -12.935  0.1218E-03  0.7044E-05  0.5627E-05  0.4583E-04  0.0000E+00  0.0000E+00  0.0000E+00  0.0000E+00  0.0000E+00
    -12.902  0.4478E-03  0.2591E-04  0.2070E-04  0.1686E-03  0.0000E+00  0.0000E+00  0.0000E+00  0.0000E+00  0.0000E+00
    -12.868  0.1323E-02  0.7651E-04  0.6112E-04  0.4978E-03  0.0000E+00  0.0000E+00  0.0000E+00  0.0000E+00  0.0000E+00
    -12.835  0.3137E-02  0.1815E-03  0.1450E-03  0.1181E-02  0.0000E+00  0.0000E+00  0.0000E+00  0.0000E+00  0.0000E+00
    -12.801  0.5976E-02  0.3457E-03  0.2762E-03  0.2249E-02  0.0000E+00  0.0000E+00  0.0000E+00  0.0000E+00  0.0000E+00
    -12.768  0.9144E-02  0.5290E-03  0.4226E-03  0.3442E-02  0.0000E+00  0.0000E+00  0.0000E+00  0.0000E+00  0.0000E+00
    -12.735  0.1124E-01  0.6502E-03  0.5194E-03  0.4230E-02  0.0000E+00  0.0000E+00  0.0000E+00  0.0000E+00  0.0000E+00
    -12.701  0.1110E-01  0.6419E-03  0.5127E-03  0.4176E-02  0.0000E+00  0.0000E+00  0.0000E+00  0.0000E+00  0.0000E+00
    -12.668  0.8798E-02  0.5090E-03  0.4066E-03  0.3312E-02  0.0000E+00  0.0000E+00  0.0000E+00  0.0000E+00  0.0000E+00
    -12.634  0.5604E-02  0.3242E-03  0.2590E-03  0.2109E-02  0.0000E+00  0.0000E+00  0.0000E+00  0.0000E+00  0.0000E+00
    -12.601  0.2867E-02  0.1659E-03  0.1325E-03  0.1079E-02  0.0000E+00  0.0000E+00  0.0000E+00  0.0000E+00  0.0000E+00
    -12.568  0.1178E-02  0.6815E-04  0.5444E-04  0.4434E-03  0.0000E+00  0.0000E+00  0.0000E+00  0.0000E+00  0.0000E+00
    -12.534  0.3887E-03  0.2249E-04  0.1797E-04  0.1463E-03  0.0000E+00  0.0000E+00  0.0000E+00  0.0000E+00  0.0000E+00
    -12.501  0.1030E-03  0.5959E-05  0.4760E-05  0.3877E-04  0.0000E+00  0.0000E+00  0.0000E+00  0.0000E+00  0.0000E+00
    -12.467  0.2192E-04  0.1268E-05  0.1013E-05  0.8249E-05  0.0000E+00  0.0000E+00  0.0000E+00  0.0000E+00  0.0000E+00
    -12.434  0.3783E-05  0.2167E-06  0.1749E-06  0.1409E-05  0.0000E+00  0.0000E+00  0.0000E+00  0.0000E+00  0.0000E+00
    -12.401  0.1024E-05  0.3163E-07  0.4871E-07  0.1935E-06  0.0000E+00  0.0000E+00  0.0000E+00  0.0000E+00  0.0000E+00
    -12.367  0.5344E-05  0.2327E-07  0.2615E-06  0.2473E-07  0.0000E+00  0.0000E+00  0.0000E+00  0.0000E+00  0.0000E+00
    -12.334  0.4396E-04  0.1666E-06  0.2152E-05  0.3068E-07  0.0000E+00  0.0000E+00  0.0000E+00  0.0000E+00  0.0000E+00
    -12.300  0.2933E-03  0.1110E-05  0.1436E-04  0.1923E-06  0.0000E+00  0.0000E+00  0.0000E+00  0.0000E+00  0.0000E+00
    -12.267  0.1571E-02  0.5944E-05  0.7691E-04  0.1029E-05  0.0000E+00  0.0000E+00  0.0000E+00  0.0000E+00  0.0000E+00
    -12.234  0.6756E-02  0.2556E-04  0.3308E-03  0.4427E-05  0.0000E+00  0.0000E+00  0.0000E+00  0.0000E+00  0.0000E+00
    -12.200  0.2333E-01  0.8828E-04  0.1142E-02  0.1529E-04  0.0000E+00  0.0000E+00  0.0000E+00  0.0000E+00  0.0000E+00
    -12.167  0.6470E-01  0.2448E-03  0.3167E-02  0.4240E-04  0.0000E+00  0.0000E+00  0.0000E+00  0.0000E+00  0.0000E+00
    -12.133  0.1441E+00  0.5452E-03  0.7054E-02  0.9443E-04  0.0000E+00  0.0000E+00  0.0000E+00  0.0000E+00  0.0000E+00
    -12.100  0.2577E+00  0.9753E-03  0.1262E-01  0.1689E-03  0.0000E+00  0.0000E+00  0.0000E+00  0.0000E+00  0.0000E+00
    -12.066  0.3703E+00  0.1401E-02  0.1813E-01  0.2427E-03  0.0000E+00  0.0000E+00  0.0000E+00  0.0000E+00  0.0000E+00
    -12.033  0.4274E+00  0.1617E-02  0.2092E-01  0.2801E-03  0.0000E+00  0.0000E+00  0.0000E+00  0.0000E+00  0.0000E+00
    -12.000  0.3962E+00  0.1499E-02  0.1940E-01  0.2596E-03  0.0000E+00  0.0000E+00  0.0000E+00  0.0000E+00  0.0000E+00
    -11.966  0.2950E+00  0.1116E-02  0.1444E-01  0.1933E-03  0.0000E+00  0.0000E+00  0.0000E+00  0.0000E+00  0.0000E+00
    -11.933  0.1764E+00  0.6676E-03  0.8638E-02  0.1156E-03  0.0000E+00  0.0000E+00  0.0000E+00  0.0000E+00  0.0000E+00
    -11.899  0.8476E-01  0.3207E-03  0.4150E-02  0.5555E-04  0.0000E+00  0.0000E+00  0.0000E+00  0.0000E+00  0.0000E+00
    -11.866  0.3270E-01  0.1237E-03  0.1601E-02  0.2143E-04  0.0000E+00  0.0000E+00  0.0000E+00  0.0000E+00  0.0000E+00
    -11.833  0.1013E-01  0.3834E-04  0.4960E-03  0.6640E-05  0.0000E+00  0.0000E+00  0.0000E+00  0.0000E+00  0.0000E+00
    -11.799  0.2521E-02  0.9539E-05  0.1234E-03  0.1652E-05  0.0000E+00  0.0000E+00  0.0000E+00  0.0000E+00  0.0000E+00
    -11.766  0.5036E-03  0.1905E-05  0.2465E-04  0.3300E-06  0.0000E+00  0.0000E+00  0.0000E+00  0.0000E+00  0.0000E+00
    -11.732  0.8075E-04  0.3056E-06  0.3954E-05  0.5292E-07  0.0000E+00  0.0000E+00  0.0000E+00  0.0000E+00  0.0000E+00
    -11.699  0.1040E-04  0.3933E-07  0.5089E-06  0.6812E-08  0.0000E+00  0.0000E+00  0.0000E+00  0.0000E+00  0.0000E+00
    -11.666  0.1074E-05  0.4064E-08  0.5258E-07  0.7038E-09  0.0000E+00  0.0000E+00  0.0000E+00  0.0000E+00  0.0000E+00
    -11.632  0.8905E-07  0.3369E-09  0.4360E-08  0.5835E-10  0.0000E+00  0.0000E+00  0.0000E+00  0.0000E+00  0.0000E+00
    -11.599  0.6001E-08  0.2260E-10  0.2941E-09  0.3882E-11  0.0000E+00  0.0000E+00  0.0000E+00  0.0000E+00  0.0000E+00
    -11.565  0.1870E-08  0.5016E-11  0.9891E-10  0.2153E-12  0.0000E+00  0.0000E+00  0.0000E+00  0.0000E+00  0.0000E+00
    -11.532  0.2507E-07  0.6164E-10  0.1346E-08  0.1399E-12  0.0000E+00  0.0000E+00  0.0000E+00  0.0000E+00  0.0000E+00
    -11.499  0.3242E-06  0.7968E-09  0.1740E-07  0.1695E-11  0.0000E+00  0.0000E+00  0.0000E+00  0.0000E+00  0.0000E+00
    -11.465  0.3365E-05  0.8271E-08  0.1807E-06  0.1759E-10  0.0000E+00  0.0000E+00  0.0000E+00  0.0000E+00  0.0000E+00
    -11.432  0.2804E-04  0.6891E-07  0.1505E-05  0.1466E-09  0.0000E+00  0.0000E+00  0.0000E+00  0.0000E+00  0.0000E+00
    -11.398  0.1875E-03  0.4608E-06  0.1006E-04  0.9800E-09  0.0000E+00  0.0000E+00  0.0000E+00  0.0000E+00  0.0000E+00
    -11.365  0.1006E-02  0.2474E-05  0.5403E-04  0.5261E-08  0.0000E+00  0.0000E+00  0.0000E+00  0.0000E+00  0.0000E+00
    -11.332  0.4338E-02  0.1066E-04  0.2329E-03  0.2268E-07  0.0000E+00  0.0000E+00  0.0000E+00  0.0000E+00  0.0000E+00
    -11.298  0.1501E-01  0.3690E-04  0.8059E-03  0.7854E-07  0.0000E+00  0.0000E+00  0.0000E+00  0.0000E+00  0.0000E+00
    -11.265  0.4172E-01  0.1026E-03  0.2240E-02  0.2189E-06  0.0000E+00  0.0000E+00  0.0000E+00  0.0000E+00  0.0000E+00
    -11.231  0.9312E-01  0.2290E-03  0.4999E-02  0.4948E-06  0.0000E+00  0.0000E+00  0.0000E+00  0.0000E+00  0.0000E+00
    -11.198  0.1669E+00  0.4115E-03  0.8962E-02  0.9389E-06  0.0000E+00  0.0000E+00  0.0000E+00  0.0000E+00  0.0000E+00
    -11.164  0.2404E+00  0.5990E-03  0.1291E-01  0.1696E-05  0.0000E+00  0.0000E+00  0.0000E+00  0.0000E+00  0.0000E+00
    -11.131  0.2781E+00  0.7267E-03  0.1493E-01  0.3794E-05  0.0000E+00  0.0000E+00  0.0000E+00  0.0000E+00  0.0000E+00
    -11.098  0.2588E+00  0.8201E-03  0.1388E-01  0.1136E-04  0.0000E+00  0.0000E+00  0.0000E+00  0.0000E+00  0.0000E+00
    -11.064  0.1945E+00  0.1110E-02  0.1039E-01  0.3541E-04  0.0000E+00  0.0000E+00  0.0000E+00  0.0000E+00  0.0000E+00
    -11.031  0.1204E+00  0.2039E-02  0.6328E-02  0.9550E-04  0.0000E+00  0.0000E+00  0.0000E+00  0.0000E+00  0.0000E+00
    -10.997  0.6638E-01  0.4026E-02  0.3264E-02  0.2105E-03  0.0000E+00  0.0000E+00  0.0000E+00  0.0000E+00  0.0000E+00
    -10.964  0.4065E-01  0.6973E-02  0.1650E-02  0.3742E-03  0.0000E+00  0.0000E+00  0.0000E+00  0.0000E+00  0.0000E+00
    -10.931  0.3404E-01  0.9907E-02  0.1066E-02  0.5348E-03  0.0000E+00  0.0000E+00  0.0000E+00  0.0000E+00  0.0000E+00
    -10.897  0.3308E-01  0.1136E-01  0.9017E-03  0.6139E-03  0.0000E+00  0.0000E+00  0.0000E+00  0.0000E+00  0.0000E+00
    -10.864  0.2930E-01  0.1047E-01  0.7670E-03  0.5661E-03  0.0000E+00  0.0000E+00  0.0000E+00  0.0000E+00  0.0000E+00
    -10.830  0.2151E-01  0.7757E-02  0.5578E-03  0.4194E-03  0.0000E+00  0.0000E+00  0.0000E+00  0.0000E+00  0.0000E+00
    -10.797  0.1278E-01  0.4615E-02  0.3305E-03  0.2495E-03  0.0000E+00  0.0000E+00  0.0000E+00  0.0000E+00  0.0000E+00
    -10.764  0.6103E-02  0.2206E-02  0.1578E-03  0.1194E-03  0.0000E+00  0.0000E+00  0.0000E+00  0.0000E+00  0.0000E+00
    -10.730  0.2348E-02  0.8475E-03  0.6063E-04  0.4663E-04  0.0000E+00  0.0000E+00  0.0000E+00  0.0000E+00  0.0000E+00
    -10.697  0.7551E-03  0.2668E-03  0.1908E-04  0.1914E-04  0.0000E+00  0.0000E+00  0.0000E+00  0.0000E+00  0.0000E+00
    -10.663  0.3344E-03  0.9198E-04  0.6581E-05  0.2705E-04  0.0000E+00  0.0000E+00  0.0000E+00  0.0000E+00  0.0000E+00
    -10.630  0.6204E-03  0.1158E-03  0.8284E-05  0.8914E-04  0.0000E+00  0.0000E+00  0.0000E+00  0.0000E+00  0.0000E+00
    -10.597  0.1769E-02  0.3124E-03  0.2236E-04  0.2668E-03  0.0000E+00  0.0000E+00  0.0000E+00  0.0000E+00  0.0000E+00
    -10.563  0.4272E-02  0.7519E-03  0.5381E-04  0.6458E-03  0.0000E+00  0.0000E+00  0.0000E+00  0.0000E+00  0.0000E+00
    -10.530  0.8306E-02  0.1462E-02  0.1046E-03  0.1256E-02  0.0000E+00  0.0000E+00  0.0000E+00  0.0000E+00  0.0000E+00
    -10.496  0.1298E-01  0.2284E-02  0.1634E-03  0.1962E-02  0.0000E+00  0.0000E+00  0.0000E+00  0.0000E+00  0.0000E+00
    -10.463  0.1628E-01  0.2865E-02  0.2050E-03  0.2462E-02  0.0000E+00  0.0000E+00  0.0000E+00  0.0000E+00  0.0000E+00
    -10.430  0.1641E-01  0.2888E-02  0.2067E-03  0.2481E-02  0.0000E+00  0.0000E+00  0.0000E+00  0.0000E+00  0.0000E+00
    -10.396  0.1329E-01  0.2338E-02  0.1673E-03  0.2009E-02  0.0000E+00  0.0000E+00  0.0000E+00  0.0000E+00  0.0000E+00
    -10.363  0.8639E-02  0.1520E-02  0.1088E-03  0.1306E-02  0.0000E+00  0.0000E+00  0.0000E+00  0.0000E+00  0.0000E+00
    -10.329  0.4512E-02  0.7941E-03  0.5683E-04  0.6823E-03  0.0000E+00  0.0000E+00  0.0000E+00  0.0000E+00  0.0000E+00
    -10.296  0.1893E-02  0.3331E-03  0.2384E-04  0.2862E-03  0.0000E+00  0.0000E+00  0.0000E+00  0.0000E+00  0.0000E+00
    -10.262  0.6377E-03  0.1122E-03  0.8032E-05  0.9643E-04  0.0000E+00  0.0000E+00  0.0000E+00  0.0000E+00  0.0000E+00
    -10.229  0.1726E-03  0.3036E-04  0.2175E-05  0.2609E-04  0.0000E+00  0.0000E+00  0.0000E+00  0.0000E+00  0.0000E+00
    -10.196  0.3798E-04  0.6597E-05  0.4946E-06  0.5672E-05  0.0000E+00  0.0000E+00  0.0000E+00  0.0000E+00  0.0000E+00
    -10.162  0.1126E-04  0.1166E-05  0.2964E-06  0.1033E-05  0.0000E+00  0.0000E+00  0.0000E+00  0.0000E+00  0.0000E+00
    -10.129  0.3675E-04  0.2835E-06  0.1634E-05  0.4744E-06  0.0000E+00  0.0000E+00  0.0000E+00  0.0000E+00  0.0000E+00
    -10.095  0.2181E-03  0.7636E-06  0.9874E-05  0.2060E-05  0.0000E+00  0.0000E+00  0.0000E+00  0.0000E+00  0.0000E+00
    -10.062  0.1065E-02  0.3643E-05  0.4823E-04  0.9991E-05  0.0000E+00  0.0000E+00  0.0000E+00  0.0000E+00  0.0000E+00
    -10.029  0.4178E-02  0.1428E-04  0.1892E-03  0.3918E-04  0.0000E+00  0.0000E+00  0.0000E+00  0.0000E+00  0.0000E+00
     -9.995  0.1316E-01  0.4499E-04  0.5958E-03  0.1234E-03  0.0000E+00  0.0000E+00  0.0000E+00  0.0000E+00  0.0000E+00
     -9.962  0.3328E-01  0.1138E-03  0.1507E-02  0.3121E-03  0.0000E+00  0.0000E+00  0.0000E+00  0.0000E+00  0.0000E+00
     -9.928  0.6761E-01  0.2312E-03  0.3062E-02  0.6341E-03  0.0000E+00  0.0000E+00  0.0000E+00  0.0000E+00  0.0000E+00
     -9.895  0.1103E+00  0.3772E-03  0.4996E-02  0.1035E-02  0.0000E+00  0.0000E+00  0.0000E+00  0.0000E+00  0.0000E+00
     -9.862  0.1446E+00  0.4944E-03  0.6547E-02  0.1356E-02  0.0000E+00  0.0000E+00  0.0000E+00  0.0000E+00  0.0000E+00
     -9.828  0.1522E+00  0.5204E-03  0.6892E-02  0.1428E-02  0.0000E+00  0.0000E+00  0.0000E+00  0.0000E+00  0.0000E+00
     -9.795  0.1287E+00  0.4401E-03  0.5828E-02  0.1207E-02  0.0000E+00  0.0000E+00  0.0000E+00  0.0000E+00  0.0000E+00
     -9.761  0.8742E-01  0.2989E-03  0.3959E-02  0.8199E-03  0.0000E+00  0.0000E+00  0.0000E+00  0.0000E+00  0.0000E+00
     -9.728  0.4769E-01  0.1631E-03  0.2160E-02  0.4473E-03  0.0000E+00  0.0000E+00  0.0000E+00  0.0000E+00  0.0000E+00
     -9.695  0.2090E-01  0.7146E-04  0.9463E-03  0.1960E-03  0.0000E+00  0.0000E+00  0.0000E+00  0.0000E+00  0.0000E+00
     -9.661  0.7354E-02  0.2515E-04  0.3330E-03  0.6897E-04  0.0000E+00  0.0000E+00  0.0000E+00  0.0000E+00  0.0000E+00
     -9.628  0.2078E-02  0.7106E-05  0.9411E-04  0.1949E-04  0.0000E+00  0.0000E+00  0.0000E+00  0.0000E+00  0.0000E+00
     -9.594  0.4716E-03  0.1613E-05  0.2136E-04  0.4424E-05  0.0000E+00  0.0000E+00  0.0000E+00  0.0000E+00  0.0000E+00
     -9.561  0.8636E-04  0.2949E-06  0.3907E-05  0.8143E-06  0.0000E+00  0.0000E+00  0.0000E+00  0.0000E+00  0.0000E+00
     -9.528  0.1712E-04  0.5461E-07  0.7415E-06  0.2046E-06  0.0000E+00  0.0000E+00  0.0000E+00  0.0000E+00  0.0000E+00
     -9.494  0.3864E-04  0.1000E-06  0.1474E-05  0.7213E-06  0.0000E+00  0.0000E+00  0.0000E+00  0.0000E+00  0.0000E+00
     -9.461  0.2434E-03  0.6223E-06  0.9218E-05  0.4632E-05  0.0000E+00  0.0000E+00  0.0000E+00  0.0000E+00  0.0000E+00
     -9.427  0.1279E-02  0.3268E-05  0.4841E-04  0.2434E-04  0.0000E+00  0.0000E+00  0.0000E+00  0.0000E+00  0.0000E+00
     -9.394  0.5395E-02  0.1379E-04  0.2042E-03  0.1027E-03  0.0000E+00  0.0000E+00  0.0000E+00  0.0000E+00  0.0000E+00
     -9.361  0.1828E-01  0.4671E-04  0.6920E-03  0.3479E-03  0.0000E+00  0.0000E+00  0.0000E+00  0.0000E+00  0.0000E+00
     -9.327  0.4973E-01  0.1271E-03  0.1883E-02  0.9465E-03  0.0000E+00  0.0000E+00  0.0000E+00  0.0000E+00  0.0000E+00
     -9.294  0.1087E+00  0.2777E-03  0.4114E-02  0.2068E-02  0.0000E+00  0.0000E+00  0.0000E+00  0.0000E+00  0.0000E+00
     -9.260  0.1907E+00  0.4874E-03  0.7220E-02  0.3630E-02  0.0000E+00  0.0000E+00  0.0000E+00  0.0000E+00  0.0000E+00
     -9.227  0.2688E+00  0.6870E-03  0.1018E-01  0.5116E-02  0.0000E+00  0.0000E+00  0.0000E+00  0.0000E+00  0.0000E+00
     -9.193  0.3044E+00  0.7779E-03  0.1152E-01  0.5793E-02  0.0000E+00  0.0000E+00  0.0000E+00  0.0000E+00  0.0000E+00
     -9.160  0.2768E+00  0.7075E-03  0.1048E-01  0.5269E-02  0.0000E+00  0.0000E+00  0.0000E+00  0.0000E+00  0.0000E+00
     -9.127  0.2022E+00  0.5169E-03  0.7657E-02  0.3850E-02  0.0000E+00  0.0000E+00  0.0000E+00  0.0000E+00  0.0000E+00
     -9.093  0.1187E+00  0.3034E-03  0.4493E-02  0.2264E-02  0.0000E+00  0.0000E+00  0.0000E+00  0.0000E+00  0.0000E+00
     -9.060  0.5593E-01  0.1433E-03  0.2120E-02  0.1091E-02  0.0000E+00  0.0000E+00  0.0000E+00  0.0000E+00  0.0000E+00
     -9.026  0.2118E-01  0.5574E-04  0.8102E-03  0.5131E-03  0.0000E+00  0.0000E+00  0.0000E+00  0.0000E+00  0.0000E+00
     -8.993  0.6456E-02  0.2197E-04  0.2731E-03  0.4949E-03  0.0000E+00  0.0000E+00  0.0000E+00  0.0000E+00  0.0000E+00
     -8.960  0.1626E-02  0.1900E-04  0.1394E-03  0.1042E-02  0.0000E+00  0.0000E+00  0.0000E+00  0.0000E+00  0.0000E+00
     -8.926  0.4286E-03  0.3349E-04  0.1861E-03  0.2213E-02  0.0000E+00  0.0000E+00  0.0000E+00  0.0000E+00  0.0000E+00
     -8.893  0.2600E-03  0.5743E-04  0.3075E-03  0.3869E-02  0.0000E+00  0.0000E+00  0.0000E+00  0.0000E+00  0.0000E+00
     -8.859  0.3046E-03  0.8067E-04  0.4305E-03  0.5444E-02  0.0000E+00  0.0000E+00  0.0000E+00  0.0000E+00  0.0000E+00
     -8.826  0.3458E-03  0.9118E-04  0.4867E-03  0.6155E-02  0.0000E+00  0.0000E+00  0.0000E+00  0.0000E+00  0.0000E+00
     -8.793  0.3794E-03  0.8281E-04  0.4441E-03  0.5589E-02  0.0000E+00  0.0000E+00  0.0000E+00  0.0000E+00  0.0000E+00
     -8.759  0.7279E-03  0.6045E-04  0.3387E-03  0.4077E-02  0.0000E+00  0.0000E+00  0.0000E+00  0.0000E+00  0.0000E+00
     -8.726  0.2909E-02  0.3567E-04  0.2794E-03  0.2389E-02  0.0000E+00  0.0000E+00  0.0000E+00  0.0000E+00  0.0000E+00
     -8.692  0.1234E-01  0.1789E-04  0.4891E-03  0.1125E-02  0.0000E+00  0.0000E+00  0.0000E+00  0.0000E+00  0.0000E+00
     -8.659  0.4356E-01  0.1069E-04  0.1453E-02  0.4270E-03  0.0000E+00  0.0000E+00  0.0000E+00  0.0000E+00  0.0000E+00
     -8.626  0.1240E+00  0.1442E-04  0.4055E-02  0.1351E-03  0.0000E+00  0.0000E+00  0.0000E+00  0.0000E+00  0.0000E+00
     -8.592  0.2837E+00  0.2909E-04  0.9254E-02  0.4558E-04  0.0000E+00  0.0000E+00  0.0000E+00  0.0000E+00  0.0000E+00
     -8.559  0.5212E+00  0.5269E-04  0.1700E-01  0.3219E-04  0.0000E+00  0.0000E+00  0.0000E+00  0.0000E+00  0.0000E+00
     -8.525  0.7692E+00  0.7765E-04  0.2509E-01  0.3962E-04  0.0000E+00  0.0000E+00  0.0000E+00  0.0000E+00  0.0000E+00
     -8.492  0.9118E+00  0.9219E-04  0.2974E-01  0.4760E-04  0.0000E+00  0.0000E+00  0.0000E+00  0.0000E+00  0.0000E+00
     -8.459  0.8684E+00  0.8866E-04  0.2832E-01  0.5463E-04  0.0000E+00  0.0000E+00  0.0000E+00  0.0000E+00  0.0000E+00
     -8.425  0.6651E+00  0.7183E-04  0.2167E-01  0.8483E-04  0.0000E+00  0.0000E+00  0.0000E+00  0.0000E+00  0.0000E+00
     -8.392  0.4122E+00  0.5892E-04  0.1337E-01  0.2103E-03  0.0000E+00  0.0000E+00  0.0000E+00  0.0000E+00  0.0000E+00
     -8.358  0.2138E+00  0.7270E-04  0.6774E-02  0.5702E-03  0.0000E+00  0.0000E+00  0.0000E+00  0.0000E+00  0.0000E+00
     -8.325  0.1094E+00  0.1322E-03  0.3099E-02  0.1331E-02  0.0000E+00  0.0000E+00  0.0000E+00  0.0000E+00  0.0000E+00
     -8.291  0.8179E-01  0.2387E-03  0.1775E-02  0.2526E-02  0.0000E+00  0.0000E+00  0.0000E+00  0.0000E+00  0.0000E+00
     -8.258  0.9269E-01  0.3615E-03  0.1660E-02  0.3858E-02  0.0000E+00  0.0000E+00  0.0000E+00  0.0000E+00  0.0000E+00
     -8.225  0.1072E+00  0.4430E-03  0.1823E-02  0.4735E-02  0.0000E+00  0.0000E+00  0.0000E+00  0.0000E+00  0.0000E+00
     -8.191  0.1050E+00  0.4367E-03  0.1772E-02  0.4669E-02  0.0000E+00  0.0000E+00  0.0000E+00  0.0000E+00  0.0000E+00
     -8.158  0.8505E-01  0.3460E-03  0.1448E-02  0.3699E-02  0.0000E+00  0.0000E+00  0.0000E+00  0.0000E+00  0.0000E+00
     -8.124  0.6172E-01  0.2207E-03  0.1107E-02  0.2361E-02  0.0000E+00  0.0000E+00  0.0000E+00  0.0000E+00  0.0000E+00
     -8.091  0.5477E-01  0.1147E-03  0.1133E-02  0.1231E-02  0.0000E+00  0.0000E+00  0.0000E+00  0.0000E+00  0.0000E+00
     -8.058  0.7930E-01  0.5179E-04  0.1853E-02  0.5657E-03  0.0000E+00  0.0000E+00  0.0000E+00  0.0000E+00  0.0000E+00
     -8.024  0.1377E+00  0.2634E-04  0.3336E-02  0.3051E-03  0.0000E+00  0.0000E+00  0.0000E+00  0.0000E+00  0.0000E+00
     -7.991  0.2125E+00  0.2161E-04  0.5181E-02  0.2680E-03  0.0000E+00  0.0000E+00  0.0000E+00  0.0000E+00  0.0000E+00
     -7.957  0.2682E+00  0.2323E-04  0.6548E-02  0.2942E-03  0.0000E+00  0.0000E+00  0.0000E+00  0.0000E+00  0.0000E+00
     -7.924  0.2728E+00  0.2361E-04  0.6661E-02  0.2917E-03  0.0000E+00  0.0000E+00  0.0000E+00  0.0000E+00  0.0000E+00
     -7.891  0.2231E+00  0.2365E-04  0.5446E-02  0.2378E-03  0.0000E+00  0.0000E+00  0.0000E+00  0.0000E+00  0.0000E+00
     -7.857  0.1470E+00  0.3839E-04  0.3585E-02  0.1580E-03  0.0000E+00  0.0000E+00  0.0000E+00  0.0000E+00  0.0000E+00
     -7.824  0.7984E-01  0.1145E-03  0.1927E-02  0.9144E-04  0.0000E+00  0.0000E+00  0.0000E+00  0.0000E+00  0.0000E+00
     -7.790  0.4143E-01  0.3607E-03  0.9368E-03  0.6568E-04  0.0000E+00  0.0000E+00  0.0000E+00  0.0000E+00  0.0000E+00
     -7.757  0.3434E-01  0.9528E-03  0.6393E-03  0.9399E-04  0.0000E+00  0.0000E+00  0.0000E+00  0.0000E+00  0.0000E+00
     -7.724  0.5263E-01  0.2033E-02  0.8594E-03  0.1787E-03  0.0000E+00  0.0000E+00  0.0000E+00  0.0000E+00  0.0000E+00
     -7.690  0.8572E-01  0.3487E-02  0.1363E-02  0.3017E-03  0.0000E+00  0.0000E+00  0.0000E+00  0.0000E+00  0.0000E+00
     -7.657  0.1173E+00  0.4804E-02  0.1858E-02  0.4148E-03  0.0000E+00  0.0000E+00  0.0000E+00  0.0000E+00  0.0000E+00
     -7.623  0.1297E+00  0.5316E-02  0.2054E-02  0.4589E-03  0.0000E+00  0.0000E+00  0.0000E+00  0.0000E+00  0.0000E+00
     -7.590  0.1153E+00  0.4726E-02  0.1825E-02  0.4079E-03  0.0000E+00  0.0000E+00  0.0000E+00  0.0000E+00  0.0000E+00
     -7.557  0.8231E-01  0.3374E-02  0.1303E-02  0.2912E-03  0.0000E+00  0.0000E+00  0.0000E+00  0.0000E+00  0.0000E+00
     -7.523  0.4721E-01  0.1935E-02  0.7475E-03  0.1670E-03  0.0000E+00  0.0000E+00  0.0000E+00  0.0000E+00  0.0000E+00
     -7.490  0.2175E-01  0.8914E-03  0.3443E-03  0.7694E-04  0.0000E+00  0.0000E+00  0.0000E+00  0.0000E+00  0.0000E+00
     -7.456  0.8045E-02  0.3298E-03  0.1274E-03  0.2846E-04  0.0000E+00  0.0000E+00  0.0000E+00  0.0000E+00  0.0000E+00
     -7.423  0.2390E-02  0.9797E-04  0.3784E-04  0.8456E-05  0.0000E+00  0.0000E+00  0.0000E+00  0.0000E+00  0.0000E+00
     -7.389  0.5702E-03  0.2337E-04  0.9027E-05  0.2017E-05  0.0000E+00  0.0000E+00  0.0000E+00  0.0000E+00  0.0000E+00
     -7.356  0.1092E-03  0.4477E-05  0.1729E-05  0.3864E-06  0.0000E+00  0.0000E+00  0.0000E+00  0.0000E+00  0.0000E+00
     -7.323  0.1679E-04  0.6883E-06  0.2659E-06  0.5941E-07  0.0000E+00  0.0000E+00  0.0000E+00  0.0000E+00  0.0000E+00
     -7.289  0.2072E-05  0.8495E-07  0.3281E-07  0.7332E-08  0.0000E+00  0.0000E+00  0.0000E+00  0.0000E+00  0.0000E+00
     -7.256  0.2053E-06  0.8415E-08  0.3250E-08  0.7263E-09  0.0000E+00  0.0000E+00  0.0000E+00  0.0000E+00  0.0000E+00
     -7.222  0.1632E-07  0.6689E-09  0.2583E-09  0.5773E-10  0.0000E+00  0.0000E+00  0.0000E+00  0.0000E+00  0.0000E+00
     -7.189  0.1041E-08  0.4266E-10  0.1648E-10  0.3682E-11  0.0000E+00  0.0000E+00  0.0000E+00  0.0000E+00  0.0000E+00
     -7.156  0.5324E-10  0.2182E-11  0.8429E-12  0.1884E-12  0.0000E+00  0.0000E+00  0.0000E+00  0.0000E+00  0.0000E+00
     -7.122  0.2185E-11  0.8956E-13  0.3459E-13  0.7730E-14  0.0000E+00  0.0000E+00  0.0000E+00  0.0000E+00  0.0000E+00
     -7.089  0.7195E-13  0.2949E-14  0.1139E-14  0.2546E-15  0.0000E+00  0.0000E+00  0.0000E+00  0.0000E+00  0.0000E+00
     -7.055  0.1928E-14  0.7903E-16  0.3052E-16  0.6821E-17  0.0000E+00  0.0000E+00  0.0000E+00  0.0000E+00  0.0000E+00
     -7.022  0.0000E+00  0.0000E+00  0.0000E+00  0.0000E+00  0.0000E+00  0.0000E+00  0.0000E+00  0.0000E+00  0.0000E+00
     -6.989  0.0000E+00  0.0000E+00  0.0000E+00  0.0000E+00  0.0000E+00  0.0000E+00  0.0000E+00  0.0000E+00  0.0000E+00
     -6.955  0.0000E+00  0.0000E+00  0.0000E+00  0.0000E+00  0.0000E+00  0.0000E+00  0.0000E+00  0.0000E+00  0.0000E+00
     -6.922  0.7529E-17  0.1325E-16  0.4895E-17  0.4578E-17  0.0000E+00  0.0000E+00  0.0000E+00  0.0000E+00  0.0000E+00
     -6.888  0.2921E-15  0.5140E-15  0.1899E-15  0.1776E-15  0.0000E+00  0.0000E+00  0.0000E+00  0.0000E+00  0.0000E+00
     -6.855  0.9545E-14  0.1679E-13  0.6206E-14  0.5804E-14  0.0000E+00  0.0000E+00  0.0000E+00  0.0000E+00  0.0000E+00
     -6.822  0.2500E-12  0.4399E-12  0.1625E-12  0.1520E-12  0.0000E+00  0.0000E+00  0.0000E+00  0.0000E+00  0.0000E+00
     -6.788  0.5251E-11  0.9240E-11  0.3414E-11  0.3193E-11  0.0000E+00  0.0000E+00  0.0000E+00  0.0000E+00  0.0000E+00
     -6.755  0.8849E-10  0.1557E-09  0.5753E-10  0.5380E-10  0.0000E+00  0.0000E+00  0.0000E+00  0.0000E+00  0.0000E+00
     -6.721  0.1196E-08  0.2105E-08  0.7778E-09  0.7274E-09  0.0000E+00  0.0000E+00  0.0000E+00  0.0000E+00  0.0000E+00
     -6.688  0.1298E-07  0.2284E-07  0.8438E-08  0.7891E-08  0.0000E+00  0.0000E+00  0.0000E+00  0.0000E+00  0.0000E+00
     -6.655  0.1130E-06  0.1988E-06  0.7346E-07  0.6870E-07  0.0000E+00  0.0000E+00  0.0000E+00  0.0000E+00  0.0000E+00
     -6.621  0.7897E-06  0.1389E-05  0.5134E-06  0.4801E-06  0.0000E+00  0.0000E+00  0.0000E+00  0.0000E+00  0.0000E+00
     -6.588  0.4430E-05  0.7794E-05  0.2880E-05  0.2693E-05  0.0000E+00  0.0000E+00  0.0000E+00  0.0000E+00  0.0000E+00
     -6.554  0.1995E-04  0.3510E-04  0.1297E-04  0.1213E-04  0.0000E+00  0.0000E+00  0.0000E+00  0.0000E+00  0.0000E+00
     -6.521  0.7215E-04  0.1269E-03  0.4690E-04  0.4387E-04  0.0000E+00  0.0000E+00  0.0000E+00  0.0000E+00  0.0000E+00
     -6.488  0.2095E-03  0.3686E-03  0.1362E-03  0.1274E-03  0.0000E+00  0.0000E+00  0.0000E+00  0.0000E+00  0.0000E+00
     -6.454  0.4886E-03  0.8597E-03  0.3177E-03  0.2971E-03  0.0000E+00  0.0000E+00  0.0000E+00  0.0000E+00  0.0000E+00
     -6.421  0.9153E-03  0.1610E-02  0.5950E-03  0.5565E-03  0.0000E+00  0.0000E+00  0.0000E+00  0.0000E+00  0.0000E+00
     -6.387  0.1377E-02  0.2423E-02  0.8952E-03  0.8372E-03  0.0000E+00  0.0000E+00  0.0000E+00  0.0000E+00  0.0000E+00
     -6.354  0.1664E-02  0.2928E-02  0.1082E-02  0.1012E-02  0.0000E+00  0.0000E+00  0.0000E+00  0.0000E+00  0.0000E+00
     -6.320  0.1615E-02  0.2842E-02  0.1050E-02  0.9822E-03  0.0000E+00  0.0000E+00  0.0000E+00  0.0000E+00  0.0000E+00
     -6.287  0.1260E-02  0.2216E-02  0.8189E-03  0.7658E-03  0.0000E+00  0.0000E+00  0.0000E+00  0.0000E+00  0.0000E+00
     -6.254  0.7889E-03  0.1388E-02  0.5129E-03  0.4796E-03  0.0000E+00  0.0000E+00  0.0000E+00  0.0000E+00  0.0000E+00
     -6.220  0.3968E-03  0.6982E-03  0.2580E-03  0.2413E-03  0.0000E+00  0.0000E+00  0.0000E+00  0.0000E+00  0.0000E+00
     -6.187  0.1603E-03  0.2821E-03  0.1042E-03  0.9748E-04  0.0000E+00  0.0000E+00  0.0000E+00  0.0000E+00  0.0000E+00
     -6.153  0.5202E-04  0.9153E-04  0.3382E-04  0.3163E-04  0.0000E+00  0.0000E+00  0.0000E+00  0.0000E+00  0.0000E+00
     -6.120  0.1355E-04  0.2385E-04  0.8812E-05  0.8241E-05  0.0000E+00  0.0000E+00  0.0000E+00  0.0000E+00  0.0000E+00
     -6.087  0.2835E-05  0.4989E-05  0.1843E-05  0.1724E-05  0.0000E+00  0.0000E+00  0.0000E+00  0.0000E+00  0.0000E+00
     -6.053  0.4762E-06  0.8379E-06  0.3096E-06  0.2895E-06  0.0000E+00  0.0000E+00  0.0000E+00  0.0000E+00  0.0000E+00
     -6.020  0.6420E-07  0.1130E-06  0.4174E-07  0.3903E-07  0.0000E+00  0.0000E+00  0.0000E+00  0.0000E+00  0.0000E+00
     -5.986  0.6947E-08  0.1222E-07  0.4516E-08  0.4224E-08  0.0000E+00  0.0000E+00  0.0000E+00  0.0000E+00  0.0000E+00
     -5.953  0.6033E-09  0.1061E-08  0.3922E-09  0.3668E-09  0.0000E+00  0.0000E+00  0.0000E+00  0.0000E+00  0.0000E+00
     -5.920  0.4203E-10  0.7396E-10  0.2733E-10  0.2556E-10  0.0000E+00  0.0000E+00  0.0000E+00  0.0000E+00  0.0000E+00
     -5.886  0.2350E-11  0.4134E-11  0.1528E-11  0.1429E-11  0.0000E+00  0.0000E+00  0.0000E+00  0.0000E+00  0.0000E+00
     -5.853  0.1054E-12  0.1854E-12  0.6849E-13  0.6406E-13  0.0000E+00  0.0000E+00  0.0000E+00  0.0000E+00  0.0000E+00
     -5.819  0.3789E-14  0.6666E-14  0.2463E-14  0.2303E-14  0.0000E+00  0.0000E+00  0.0000E+00  0.0000E+00  0.0000E+00
     -5.786  0.1104E-15  0.1943E-15  0.7179E-16  0.6714E-16  0.0000E+00  0.0000E+00  0.0000E+00  0.0000E+00  0.0000E+00
     -5.753  0.2008E-17  0.3533E-17  0.1305E-17  0.1221E-17  0.0000E+00  0.0000E+00  0.0000E+00  0.0000E+00  0.0000E+00
     -5.719  0.0000E+00  0.0000E+00  0.0000E+00  0.0000E+00  0.0000E+00  0.0000E+00  0.0000E+00  0.0000E+00  0.0000E+00
     -5.686  0.0000E+00  0.0000E+00  0.0000E+00  0.0000E+00  0.0000E+00  0.0000E+00  0.0000E+00  0.0000E+00  0.0000E+00
     -5.652  0.0000E+00  0.0000E+00  0.0000E+00  0.0000E+00  0.0000E+00  0.0000E+00  0.0000E+00  0.0000E+00  0.0000E+00
     -5.619  0.0000E+00  0.0000E+00  0.0000E+00  0.0000E+00  0.0000E+00  0.0000E+00  0.0000E+00  0.0000E+00  0.0000E+00
     -5.586  0.0000E+00  0.0000E+00  0.0000E+00  0.0000E+00  0.0000E+00  0.0000E+00  0.0000E+00  0.0000E+00  0.0000E+00
     -5.552  0.0000E+00  0.0000E+00  0.0000E+00  0.0000E+00  0.0000E+00  0.0000E+00  0.0000E+00  0.0000E+00  0.0000E+00
     -5.519  0.0000E+00  0.0000E+00  0.0000E+00  0.0000E+00  0.0000E+00  0.0000E+00  0.0000E+00  0.0000E+00  0.0000E+00
     -5.485  0.0000E+00  0.0000E+00  0.0000E+00  0.0000E+00  0.0000E+00  0.0000E+00  0.0000E+00  0.0000E+00  0.0000E+00
     -5.452  0.0000E+00  0.0000E+00  0.0000E+00  0.0000E+00  0.0000E+00  0.0000E+00  0.0000E+00  0.0000E+00  0.0000E+00
     -5.418  0.0000E+00  0.0000E+00  0.0000E+00  0.0000E+00  0.0000E+00  0.0000E+00  0.0000E+00  0.0000E+00  0.0000E+00
     -5.385  0.0000E+00  0.0000E+00  0.0000E+00  0.0000E+00  0.0000E+00  0.0000E+00  0.0000E+00  0.0000E+00  0.0000E+00
     -5.352  0.0000E+00  0.0000E+00  0.0000E+00  0.0000E+00  0.0000E+00  0.0000E+00  0.0000E+00  0.0000E+00  0.0000E+00
     -5.318  0.0000E+00  0.0000E+00  0.0000E+00  0.0000E+00  0.0000E+00  0.0000E+00  0.0000E+00  0.0000E+00  0.0000E+00
     -5.285  0.0000E+00  0.0000E+00  0.0000E+00  0.0000E+00  0.0000E+00  0.0000E+00  0.0000E+00  0.0000E+00  0.0000E+00
     -5.251  0.0000E+00  0.0000E+00  0.0000E+00  0.0000E+00  0.0000E+00  0.0000E+00  0.0000E+00  0.0000E+00  0.0000E+00
     -5.218  0.0000E+00  0.0000E+00  0.0000E+00  0.0000E+00  0.0000E+00  0.0000E+00  0.0000E+00  0.0000E+00  0.0000E+00
     -5.185  0.0000E+00  0.0000E+00  0.0000E+00  0.0000E+00  0.0000E+00  0.0000E+00  0.0000E+00  0.0000E+00  0.0000E+00
     -5.151  0.0000E+00  0.0000E+00  0.0000E+00  0.0000E+00  0.0000E+00  0.0000E+00  0.0000E+00  0.0000E+00  0.0000E+00
     -5.118  0.0000E+00  0.0000E+00  0.0000E+00  0.0000E+00  0.0000E+00  0.0000E+00  0.0000E+00  0.0000E+00  0.0000E+00
     -5.084  0.0000E+00  0.0000E+00  0.0000E+00  0.0000E+00  0.0000E+00  0.0000E+00  0.0000E+00  0.0000E+00  0.0000E+00
     -5.051  0.0000E+00  0.0000E+00  0.0000E+00  0.0000E+00  0.0000E+00  0.0000E+00  0.0000E+00  0.0000E+00  0.0000E+00
     -5.018  0.0000E+00  0.0000E+00  0.0000E+00  0.0000E+00  0.0000E+00  0.0000E+00  0.0000E+00  0.0000E+00  0.0000E+00
     -4.984  0.0000E+00  0.0000E+00  0.0000E+00  0.0000E+00  0.0000E+00  0.0000E+00  0.0000E+00  0.0000E+00  0.0000E+00
     -4.951  0.0000E+00  0.0000E+00  0.0000E+00  0.0000E+00  0.0000E+00  0.0000E+00  0.0000E+00  0.0000E+00  0.0000E+00
     -4.917  0.0000E+00  0.0000E+00  0.0000E+00  0.0000E+00  0.0000E+00  0.0000E+00  0.0000E+00  0.0000E+00  0.0000E+00
     -4.884  0.0000E+00  0.0000E+00  0.0000E+00  0.0000E+00  0.0000E+00  0.0000E+00  0.0000E+00  0.0000E+00  0.0000E+00
     -4.851  0.0000E+00  0.0000E+00  0.0000E+00  0.0000E+00  0.0000E+00  0.0000E+00  0.0000E+00  0.0000E+00  0.0000E+00
     -4.817  0.0000E+00  0.0000E+00  0.0000E+00  0.0000E+00  0.0000E+00  0.0000E+00  0.0000E+00  0.0000E+00  0.0000E+00
     -4.784  0.0000E+00  0.0000E+00  0.0000E+00  0.0000E+00  0.0000E+00  0.0000E+00  0.0000E+00  0.0000E+00  0.0000E+00
     -4.750  0.0000E+00  0.0000E+00  0.0000E+00  0.0000E+00  0.0000E+00  0.0000E+00  0.0000E+00  0.0000E+00  0.0000E+00
     -4.717  0.0000E+00  0.0000E+00  0.0000E+00  0.0000E+00  0.0000E+00  0.0000E+00  0.0000E+00  0.0000E+00  0.0000E+00
     -4.684  0.0000E+00  0.0000E+00  0.0000E+00  0.0000E+00  0.0000E+00  0.0000E+00  0.0000E+00  0.0000E+00  0.0000E+00
     -4.650  0.0000E+00  0.0000E+00  0.0000E+00  0.0000E+00  0.0000E+00  0.0000E+00  0.0000E+00  0.0000E+00  0.0000E+00
     -4.617  0.0000E+00  0.0000E+00  0.0000E+00  0.0000E+00  0.0000E+00  0.0000E+00  0.0000E+00  0.0000E+00  0.0000E+00
     -4.583  0.0000E+00  0.0000E+00  0.0000E+00  0.0000E+00  0.0000E+00  0.0000E+00  0.0000E+00  0.0000E+00  0.0000E+00
     -4.550  0.0000E+00  0.0000E+00  0.0000E+00  0.0000E+00  0.0000E+00  0.0000E+00  0.0000E+00  0.0000E+00  0.0000E+00
     -4.516  0.0000E+00  0.0000E+00  0.0000E+00  0.0000E+00  0.0000E+00  0.0000E+00  0.0000E+00  0.0000E+00  0.0000E+00
     -4.483  0.0000E+00  0.0000E+00  0.0000E+00  0.0000E+00  0.0000E+00  0.0000E+00  0.0000E+00  0.0000E+00  0.0000E+00
     -4.450  0.0000E+00  0.0000E+00  0.0000E+00  0.0000E+00  0.0000E+00  0.0000E+00  0.0000E+00  0.0000E+00  0.0000E+00
     -4.416  0.0000E+00  0.0000E+00  0.0000E+00  0.0000E+00  0.0000E+00  0.0000E+00  0.0000E+00  0.0000E+00  0.0000E+00
     -4.383  0.0000E+00  0.0000E+00  0.0000E+00  0.0000E+00  0.0000E+00  0.0000E+00  0.0000E+00  0.0000E+00  0.0000E+00
     -4.349  0.0000E+00  0.0000E+00  0.0000E+00  0.0000E+00  0.0000E+00  0.0000E+00  0.0000E+00  0.0000E+00  0.0000E+00
     -4.316  0.0000E+00  0.0000E+00  0.0000E+00  0.0000E+00  0.0000E+00  0.0000E+00  0.0000E+00  0.0000E+00  0.0000E+00
     -4.283  0.0000E+00  0.0000E+00  0.0000E+00  0.0000E+00  0.0000E+00  0.0000E+00  0.0000E+00  0.0000E+00  0.0000E+00
     -4.249  0.0000E+00  0.0000E+00  0.0000E+00  0.0000E+00  0.0000E+00  0.0000E+00  0.0000E+00  0.0000E+00  0.0000E+00
     -4.216  0.0000E+00  0.0000E+00  0.0000E+00  0.0000E+00  0.0000E+00  0.0000E+00  0.0000E+00  0.0000E+00  0.0000E+00
     -4.182  0.0000E+00  0.0000E+00  0.0000E+00  0.0000E+00  0.0000E+00  0.0000E+00  0.0000E+00  0.0000E+00  0.0000E+00
     -4.149  0.0000E+00  0.0000E+00  0.0000E+00  0.0000E+00  0.0000E+00  0.0000E+00  0.0000E+00  0.0000E+00  0.0000E+00
     -4.116  0.0000E+00  0.0000E+00  0.0000E+00  0.0000E+00  0.0000E+00  0.0000E+00  0.0000E+00  0.0000E+00  0.0000E+00
     -4.082  0.0000E+00  0.0000E+00  0.0000E+00  0.0000E+00  0.0000E+00  0.0000E+00  0.0000E+00  0.0000E+00  0.0000E+00
     -4.049  0.0000E+00  0.0000E+00  0.0000E+00  0.0000E+00  0.0000E+00  0.0000E+00  0.0000E+00  0.0000E+00  0.0000E+00
     -4.015  0.0000E+00  0.0000E+00  0.0000E+00  0.0000E+00  0.0000E+00  0.0000E+00  0.0000E+00  0.0000E+00  0.0000E+00
     -3.982  0.0000E+00  0.0000E+00  0.0000E+00  0.0000E+00  0.0000E+00  0.0000E+00  0.0000E+00  0.0000E+00  0.0000E+00
     -3.949  0.0000E+00  0.0000E+00  0.0000E+00  0.0000E+00  0.0000E+00  0.0000E+00  0.0000E+00  0.0000E+00  0.0000E+00
     -3.915  0.0000E+00  0.0000E+00  0.0000E+00  0.0000E+00  0.0000E+00  0.0000E+00  0.0000E+00  0.0000E+00  0.0000E+00
     -3.882  0.0000E+00  0.0000E+00  0.0000E+00  0.0000E+00  0.0000E+00  0.0000E+00  0.0000E+00  0.0000E+00  0.0000E+00
     -3.848  0.0000E+00  0.0000E+00  0.0000E+00  0.0000E+00  0.0000E+00  0.0000E+00  0.0000E+00  0.0000E+00  0.0000E+00
     -3.815  0.0000E+00  0.0000E+00  0.0000E+00  0.0000E+00  0.0000E+00  0.0000E+00  0.0000E+00  0.0000E+00  0.0000E+00
     -3.782  0.0000E+00  0.0000E+00  0.0000E+00  0.0000E+00  0.0000E+00  0.0000E+00  0.0000E+00  0.0000E+00  0.0000E+00
     -3.748  0.0000E+00  0.0000E+00  0.0000E+00  0.0000E+00  0.0000E+00  0.0000E+00  0.0000E+00  0.0000E+00  0.0000E+00
     -3.715  0.0000E+00  0.0000E+00  0.0000E+00  0.0000E+00  0.0000E+00  0.0000E+00  0.0000E+00  0.0000E+00  0.0000E+00
     -3.681  0.0000E+00  0.0000E+00  0.0000E+00  0.0000E+00  0.0000E+00  0.0000E+00  0.0000E+00  0.0000E+00  0.0000E+00
     -3.648  0.0000E+00  0.0000E+00  0.0000E+00  0.0000E+00  0.0000E+00  0.0000E+00  0.0000E+00  0.0000E+00  0.0000E+00
     -3.615  0.0000E+00  0.0000E+00  0.0000E+00  0.0000E+00  0.0000E+00  0.0000E+00  0.0000E+00  0.0000E+00  0.0000E+00
     -3.581  0.0000E+00  0.0000E+00  0.0000E+00  0.0000E+00  0.0000E+00  0.0000E+00  0.0000E+00  0.0000E+00  0.0000E+00
     -3.548  0.0000E+00  0.0000E+00  0.0000E+00  0.0000E+00  0.0000E+00  0.0000E+00  0.0000E+00  0.0000E+00  0.0000E+00
     -3.514  0.0000E+00  0.0000E+00  0.0000E+00  0.0000E+00  0.0000E+00  0.0000E+00  0.0000E+00  0.0000E+00  0.0000E+00
     -3.481  0.0000E+00  0.0000E+00  0.0000E+00  0.0000E+00  0.0000E+00  0.0000E+00  0.0000E+00  0.0000E+00  0.0000E+00
     -3.447  0.0000E+00  0.0000E+00  0.0000E+00  0.0000E+00  0.0000E+00  0.0000E+00  0.0000E+00  0.0000E+00  0.0000E+00
     -3.414  0.0000E+00  0.0000E+00  0.0000E+00  0.0000E+00  0.0000E+00  0.0000E+00  0.0000E+00  0.0000E+00  0.0000E+00
     -3.381  0.0000E+00  0.0000E+00  0.0000E+00  0.0000E+00  0.0000E+00  0.0000E+00  0.0000E+00  0.0000E+00  0.0000E+00
     -3.347  0.0000E+00  0.0000E+00  0.0000E+00  0.0000E+00  0.0000E+00  0.0000E+00  0.0000E+00  0.0000E+00  0.0000E+00
     -3.314  0.0000E+00  0.0000E+00  0.0000E+00  0.0000E+00  0.0000E+00  0.0000E+00  0.0000E+00  0.0000E+00  0.0000E+00
     -3.280  0.0000E+00  0.0000E+00  0.0000E+00  0.0000E+00  0.0000E+00  0.0000E+00  0.0000E+00  0.0000E+00  0.0000E+00
     -3.247  0.0000E+00  0.0000E+00  0.0000E+00  0.0000E+00  0.0000E+00  0.0000E+00  0.0000E+00  0.0000E+00  0.0000E+00
     -3.214  0.0000E+00  0.0000E+00  0.0000E+00  0.0000E+00  0.0000E+00  0.0000E+00  0.0000E+00  0.0000E+00  0.0000E+00
     -3.180  0.0000E+00  0.0000E+00  0.0000E+00  0.0000E+00  0.0000E+00  0.0000E+00  0.0000E+00  0.0000E+00  0.0000E+00
     -3.147  0.0000E+00  0.0000E+00  0.0000E+00  0.0000E+00  0.0000E+00  0.0000E+00  0.0000E+00  0.0000E+00  0.0000E+00
     -3.113  0.0000E+00  0.0000E+00  0.0000E+00  0.0000E+00  0.0000E+00  0.0000E+00  0.0000E+00  0.0000E+00  0.0000E+00
     -3.080  0.0000E+00  0.0000E+00  0.0000E+00  0.0000E+00  0.0000E+00  0.0000E+00  0.0000E+00  0.0000E+00  0.0000E+00
     -3.047  0.0000E+00  0.0000E+00  0.0000E+00  0.0000E+00  0.0000E+00  0.0000E+00  0.0000E+00  0.0000E+00  0.0000E+00
     -3.013  0.0000E+00  0.0000E+00  0.0000E+00  0.0000E+00  0.0000E+00  0.0000E+00  0.0000E+00  0.0000E+00  0.0000E+00
     -2.980  0.0000E+00  0.0000E+00  0.0000E+00  0.0000E+00  0.0000E+00  0.0000E+00  0.0000E+00  0.0000E+00  0.0000E+00
     -2.946  0.0000E+00  0.0000E+00  0.0000E+00  0.0000E+00  0.0000E+00  0.0000E+00  0.0000E+00  0.0000E+00  0.0000E+00
     -2.913  0.0000E+00  0.0000E+00  0.0000E+00  0.0000E+00  0.0000E+00  0.0000E+00  0.0000E+00  0.0000E+00  0.0000E+00
     -2.880  0.0000E+00  0.0000E+00  0.0000E+00  0.0000E+00  0.0000E+00  0.0000E+00  0.0000E+00  0.0000E+00  0.0000E+00
     -2.846  0.0000E+00  0.0000E+00  0.0000E+00  0.0000E+00  0.0000E+00  0.0000E+00  0.0000E+00  0.0000E+00  0.0000E+00
     -2.813  0.0000E+00  0.0000E+00  0.0000E+00  0.0000E+00  0.0000E+00  0.0000E+00  0.0000E+00  0.0000E+00  0.0000E+00
     -2.779  0.0000E+00  0.0000E+00  0.0000E+00  0.0000E+00  0.0000E+00  0.0000E+00  0.0000E+00  0.0000E+00  0.0000E+00
     -2.746  0.0000E+00  0.0000E+00  0.0000E+00  0.0000E+00  0.0000E+00  0.0000E+00  0.0000E+00  0.0000E+00  0.0000E+00
     -2.713  0.0000E+00  0.0000E+00  0.0000E+00  0.0000E+00  0.0000E+00  0.0000E+00  0.0000E+00  0.0000E+00  0.0000E+00
     -2.679  0.0000E+00  0.0000E+00  0.0000E+00  0.0000E+00  0.0000E+00  0.0000E+00  0.0000E+00  0.0000E+00  0.0000E+00
     -2.646  0.0000E+00  0.0000E+00  0.0000E+00  0.0000E+00  0.0000E+00  0.0000E+00  0.0000E+00  0.0000E+00  0.0000E+00
     -2.612  0.0000E+00  0.0000E+00  0.0000E+00  0.0000E+00  0.0000E+00  0.0000E+00  0.0000E+00  0.0000E+00  0.0000E+00
     -2.579  0.0000E+00  0.0000E+00  0.0000E+00  0.0000E+00  0.0000E+00  0.0000E+00  0.0000E+00  0.0000E+00  0.0000E+00
     -2.545  0.0000E+00  0.0000E+00  0.0000E+00  0.0000E+00  0.0000E+00  0.0000E+00  0.0000E+00  0.0000E+00  0.0000E+00
     -2.512  0.0000E+00  0.0000E+00  0.0000E+00  0.0000E+00  0.0000E+00  0.0000E+00  0.0000E+00  0.0000E+00  0.0000E+00
     -2.479  0.0000E+00  0.0000E+00  0.0000E+00  0.0000E+00  0.0000E+00  0.0000E+00  0.0000E+00  0.0000E+00  0.0000E+00
     -2.445  0.0000E+00  0.0000E+00  0.0000E+00  0.0000E+00  0.0000E+00  0.0000E+00  0.0000E+00  0.0000E+00  0.0000E+00
     -2.412  0.0000E+00  0.0000E+00  0.0000E+00  0.0000E+00  0.0000E+00  0.0000E+00  0.0000E+00  0.0000E+00  0.0000E+00
     -2.378  0.0000E+00  0.0000E+00  0.0000E+00  0.0000E+00  0.0000E+00  0.0000E+00  0.0000E+00  0.0000E+00  0.0000E+00
     -2.345  0.0000E+00  0.0000E+00  0.0000E+00  0.0000E+00  0.0000E+00  0.0000E+00  0.0000E+00  0.0000E+00  0.0000E+00
     -2.312  0.0000E+00  0.0000E+00  0.0000E+00  0.0000E+00  0.0000E+00  0.0000E+00  0.0000E+00  0.0000E+00  0.0000E+00
     -2.278  0.0000E+00  0.0000E+00  0.0000E+00  0.0000E+00  0.0000E+00  0.0000E+00  0.0000E+00  0.0000E+00  0.0000E+00
     -2.245  0.0000E+00  0.0000E+00  0.0000E+00  0.0000E+00  0.0000E+00  0.0000E+00  0.0000E+00  0.0000E+00  0.0000E+00
     -2.211  0.0000E+00  0.0000E+00  0.0000E+00  0.0000E+00  0.0000E+00  0.0000E+00  0.0000E+00  0.0000E+00  0.0000E+00
     -2.178  0.0000E+00  0.0000E+00  0.0000E+00  0.0000E+00  0.0000E+00  0.0000E+00  0.0000E+00  0.0000E+00  0.0000E+00
     -2.145  0.0000E+00  0.0000E+00  0.0000E+00  0.0000E+00  0.0000E+00  0.0000E+00  0.0000E+00  0.0000E+00  0.0000E+00
     -2.111  0.0000E+00  0.0000E+00  0.0000E+00  0.0000E+00  0.0000E+00  0.0000E+00  0.0000E+00  0.0000E+00  0.0000E+00
     -2.078  0.0000E+00  0.0000E+00  0.0000E+00  0.0000E+00  0.0000E+00  0.0000E+00  0.0000E+00  0.0000E+00  0.0000E+00
     -2.044  0.0000E+00  0.0000E+00  0.0000E+00  0.0000E+00  0.0000E+00  0.0000E+00  0.0000E+00  0.0000E+00  0.0000E+00
     -2.011  0.0000E+00  0.0000E+00  0.0000E+00  0.0000E+00  0.0000E+00  0.0000E+00  0.0000E+00  0.0000E+00  0.0000E+00
     -1.978  0.0000E+00  0.0000E+00  0.0000E+00  0.0000E+00  0.0000E+00  0.0000E+00  0.0000E+00  0.0000E+00  0.0000E+00
     -1.944  0.0000E+00  0.0000E+00  0.0000E+00  0.0000E+00  0.0000E+00  0.0000E+00  0.0000E+00  0.0000E+00  0.0000E+00
     -1.911  0.0000E+00  0.0000E+00  0.0000E+00  0.0000E+00  0.0000E+00  0.0000E+00  0.0000E+00  0.0000E+00  0.0000E+00
     -1.877  0.0000E+00  0.0000E+00  0.0000E+00  0.0000E+00  0.0000E+00  0.0000E+00  0.0000E+00  0.0000E+00  0.0000E+00
     -1.844  0.0000E+00  0.0000E+00  0.0000E+00  0.0000E+00  0.0000E+00  0.0000E+00  0.0000E+00  0.0000E+00  0.0000E+00
     -1.811  0.0000E+00  0.0000E+00  0.0000E+00  0.0000E+00  0.0000E+00  0.0000E+00  0.0000E+00  0.0000E+00  0.0000E+00
     -1.777  0.0000E+00  0.0000E+00  0.0000E+00  0.0000E+00  0.0000E+00  0.0000E+00  0.0000E+00  0.0000E+00  0.0000E+00
     -1.744  0.0000E+00  0.0000E+00  0.0000E+00  0.0000E+00  0.0000E+00  0.0000E+00  0.0000E+00  0.0000E+00  0.0000E+00
     -1.710  0.0000E+00  0.0000E+00  0.0000E+00  0.0000E+00  0.0000E+00  0.0000E+00  0.0000E+00  0.0000E+00  0.0000E+00
     -1.677  0.0000E+00  0.0000E+00  0.0000E+00  0.0000E+00  0.0000E+00  0.0000E+00  0.0000E+00  0.0000E+00  0.0000E+00
     -1.643  0.0000E+00  0.0000E+00  0.0000E+00  0.0000E+00  0.0000E+00  0.0000E+00  0.0000E+00  0.0000E+00  0.0000E+00
     -1.610  0.0000E+00  0.0000E+00  0.0000E+00  0.0000E+00  0.0000E+00  0.0000E+00  0.0000E+00  0.0000E+00  0.0000E+00
     -1.577  0.0000E+00  0.0000E+00  0.0000E+00  0.0000E+00  0.0000E+00  0.0000E+00  0.0000E+00  0.0000E+00  0.0000E+00
     -1.543  0.0000E+00  0.0000E+00  0.0000E+00  0.0000E+00  0.0000E+00  0.0000E+00  0.0000E+00  0.0000E+00  0.0000E+00
     -1.510  0.0000E+00  0.0000E+00  0.0000E+00  0.0000E+00  0.0000E+00  0.0000E+00  0.0000E+00  0.0000E+00  0.0000E+00
     -1.476  0.0000E+00  0.0000E+00  0.0000E+00  0.0000E+00  0.0000E+00  0.0000E+00  0.0000E+00  0.0000E+00  0.0000E+00
     -1.443  0.0000E+00  0.0000E+00  0.0000E+00  0.0000E+00  0.0000E+00  0.0000E+00  0.0000E+00  0.0000E+00  0.0000E+00
     -1.410  0.0000E+00  0.0000E+00  0.0000E+00  0.0000E+00  0.0000E+00  0.0000E+00  0.0000E+00  0.0000E+00  0.0000E+00
     -1.376  0.0000E+00  0.0000E+00  0.0000E+00  0.0000E+00  0.0000E+00  0.0000E+00  0.0000E+00  0.0000E+00  0.0000E+00
     -1.343  0.0000E+00  0.0000E+00  0.0000E+00  0.0000E+00  0.0000E+00  0.0000E+00  0.0000E+00  0.0000E+00  0.0000E+00
     -1.309  0.0000E+00  0.0000E+00  0.0000E+00  0.0000E+00  0.0000E+00  0.0000E+00  0.0000E+00  0.0000E+00  0.0000E+00
     -1.276  0.0000E+00  0.0000E+00  0.0000E+00  0.0000E+00  0.0000E+00  0.0000E+00  0.0000E+00  0.0000E+00  0.0000E+00
     -1.243  0.0000E+00  0.0000E+00  0.0000E+00  0.0000E+00  0.0000E+00  0.0000E+00  0.0000E+00  0.0000E+00  0.0000E+00
     -1.209  0.0000E+00  0.0000E+00  0.0000E+00  0.0000E+00  0.0000E+00  0.0000E+00  0.0000E+00  0.0000E+00  0.0000E+00
     -1.176  0.0000E+00  0.0000E+00  0.0000E+00  0.0000E+00  0.0000E+00  0.0000E+00  0.0000E+00  0.0000E+00  0.0000E+00
     -1.142  0.0000E+00  0.0000E+00  0.0000E+00  0.0000E+00  0.0000E+00  0.0000E+00  0.0000E+00  0.0000E+00  0.0000E+00
     -1.109  0.0000E+00  0.0000E+00  0.0000E+00  0.0000E+00  0.0000E+00  0.0000E+00  0.0000E+00  0.0000E+00  0.0000E+00
     -1.076  0.0000E+00  0.0000E+00  0.0000E+00  0.0000E+00  0.0000E+00  0.0000E+00  0.0000E+00  0.0000E+00  0.0000E+00
     -1.042  0.0000E+00  0.0000E+00  0.0000E+00  0.0000E+00  0.0000E+00  0.0000E+00  0.0000E+00  0.0000E+00  0.0000E+00
     -1.009  0.0000E+00  0.0000E+00  0.0000E+00  0.0000E+00  0.0000E+00  0.0000E+00  0.0000E+00  0.0000E+00  0.0000E+00
     -0.975  0.0000E+00  0.0000E+00  0.0000E+00  0.0000E+00  0.0000E+00  0.0000E+00  0.0000E+00  0.0000E+00  0.0000E+00
     -0.942  0.0000E+00  0.0000E+00  0.0000E+00  0.0000E+00  0.0000E+00  0.0000E+00  0.0000E+00  0.0000E+00  0.0000E+00
     -0.909  0.0000E+00  0.0000E+00  0.0000E+00  0.0000E+00  0.0000E+00  0.0000E+00  0.0000E+00  0.0000E+00  0.0000E+00
     -0.875  0.0000E+00  0.0000E+00  0.0000E+00  0.0000E+00  0.0000E+00  0.0000E+00  0.0000E+00  0.0000E+00  0.0000E+00
     -0.842  0.0000E+00  0.0000E+00  0.0000E+00  0.0000E+00  0.0000E+00  0.0000E+00  0.0000E+00  0.0000E+00  0.0000E+00
     -0.808  0.0000E+00  0.0000E+00  0.0000E+00  0.0000E+00  0.0000E+00  0.0000E+00  0.0000E+00  0.0000E+00  0.0000E+00
     -0.775  0.0000E+00  0.0000E+00  0.0000E+00  0.0000E+00  0.0000E+00  0.0000E+00  0.0000E+00  0.0000E+00  0.0000E+00
     -0.741  0.0000E+00  0.0000E+00  0.0000E+00  0.0000E+00  0.0000E+00  0.0000E+00  0.0000E+00  0.0000E+00  0.0000E+00
     -0.708  0.0000E+00  0.0000E+00  0.0000E+00  0.0000E+00  0.0000E+00  0.0000E+00  0.0000E+00  0.0000E+00  0.0000E+00
     -0.675  0.1213E-17  0.6414E-18  0.7387E-17  0.1844E-17  0.0000E+00  0.0000E+00  0.0000E+00  0.0000E+00  0.0000E+00
     -0.641  0.4305E-16  0.2277E-16  0.2623E-15  0.6548E-16  0.0000E+00  0.0000E+00  0.0000E+00  0.0000E+00  0.0000E+00
     -0.608  0.1603E-14  0.8480E-15  0.9766E-14  0.2438E-14  0.0000E+00  0.0000E+00  0.0000E+00  0.0000E+00  0.0000E+00
     -0.574  0.4766E-13  0.2521E-13  0.2904E-12  0.7249E-13  0.0000E+00  0.0000E+00  0.0000E+00  0.0000E+00  0.0000E+00
     -0.541  0.1136E-11  0.6010E-12  0.6922E-11  0.1728E-11  0.0000E+00  0.0000E+00  0.0000E+00  0.0000E+00  0.0000E+00
     -0.508  0.2173E-10  0.1149E-10  0.1324E-09  0.3305E-10  0.0000E+00  0.0000E+00  0.0000E+00  0.0000E+00  0.0000E+00
     -0.474  0.3333E-09  0.1763E-09  0.2030E-08  0.5069E-09  0.0000E+00  0.0000E+00  0.0000E+00  0.0000E+00  0.0000E+00
     -0.441  0.4103E-08  0.2170E-08  0.2499E-07  0.6240E-08  0.0000E+00  0.0000E+00  0.0000E+00  0.0000E+00  0.0000E+00
     -0.407  0.4052E-07  0.2143E-07  0.2468E-06  0.6163E-07  0.0000E+00  0.0000E+00  0.0000E+00  0.0000E+00  0.0000E+00
     -0.374  0.3212E-06  0.1699E-06  0.1957E-05  0.4885E-06  0.0000E+00  0.0000E+00  0.0000E+00  0.0000E+00  0.0000E+00
     -0.341  0.2044E-05  0.1081E-05  0.1245E-04  0.3109E-05  0.0000E+00  0.0000E+00  0.0000E+00  0.0000E+00  0.0000E+00
     -0.307  0.1044E-04  0.5523E-05  0.6361E-04  0.1588E-04  0.0000E+00  0.0000E+00  0.0000E+00  0.0000E+00  0.0000E+00
     -0.274  0.4283E-04  0.2265E-04  0.2609E-03  0.6513E-04  0.0000E+00  0.0000E+00  0.0000E+00  0.0000E+00  0.0000E+00
     -0.240  0.1410E-03  0.7460E-04  0.8592E-03  0.2145E-03  0.0000E+00  0.0000E+00  0.0000E+00  0.0000E+00  0.0000E+00
     -0.207  0.3730E-03  0.1973E-03  0.2272E-02  0.5673E-03  0.0000E+00  0.0000E+00  0.0000E+00  0.0000E+00  0.0000E+00
     -0.174  0.7923E-03  0.4191E-03  0.4827E-02  0.1205E-02  0.0000E+00  0.0000E+00  0.0000E+00  0.0000E+00  0.0000E+00
     -0.140  0.1352E-02  0.7150E-03  0.8235E-02  0.2056E-02  0.0000E+00  0.0000E+00  0.0000E+00  0.0000E+00  0.0000E+00
     -0.107  0.1853E-02  0.9802E-03  0.1129E-01  0.2817E-02  0.0000E+00  0.0000E+00  0.0000E+00  0.0000E+00  0.0000E+00
     -0.073  0.2040E-02  0.1081E-02  0.1243E-01  0.3102E-02  0.0000E+00  0.0000E+00  0.0000E+00  0.0000E+00  0.0000E+00
     -0.040  0.1809E-02  0.9668E-03  0.1104E-01  0.2746E-02  0.0000E+00  0.0000E+00  0.0000E+00  0.0000E+00  0.0000E+00
     -0.007  0.1307E-02  0.7308E-03  0.8034E-02  0.1965E-02  0.0000E+00  0.0000E+00  0.0000E+00  0.0000E+00  0.0000E+00
      0.027  0.8168E-03  0.5598E-03  0.5207E-02  0.1168E-02  0.0000E+00  0.0000E+00  0.0000E+00  0.0000E+00  0.0000E+00
      0.060  0.5598E-03  0.6293E-03  0.4004E-02  0.6597E-03  0.0000E+00  0.0000E+00  0.0000E+00  0.0000E+00  0.0000E+00
      0.094  0.5956E-03  0.1016E-02  0.4844E-02  0.5063E-03  0.0000E+00  0.0000E+00  0.0000E+00  0.0000E+00  0.0000E+00
      0.127  0.8361E-03  0.1640E-02  0.7083E-02  0.6021E-03  0.0000E+00  0.0000E+00  0.0000E+00  0.0000E+00  0.0000E+00
      0.160  0.1104E-02  0.2266E-02  0.9330E-02  0.7762E-03  0.0000E+00  0.0000E+00  0.0000E+00  0.0000E+00  0.0000E+00
      0.194  0.1220E-02  0.2645E-02  0.1022E-01  0.8748E-03  0.0000E+00  0.0000E+00  0.0000E+00  0.0000E+00  0.0000E+00
      0.227  0.1108E-02  0.2724E-02  0.9350E-02  0.8242E-03  0.0000E+00  0.0000E+00  0.0000E+00  0.0000E+00  0.0000E+00
      0.261  0.8315E-03  0.2686E-02  0.7531E-02  0.6490E-03  0.0000E+00  0.0000E+00  0.0000E+00  0.0000E+00  0.0000E+00
      0.294  0.5234E-03  0.2712E-02  0.5897E-02  0.4323E-03  0.0000E+00  0.0000E+00  0.0000E+00  0.0000E+00  0.0000E+00
      0.328  0.2870E-03  0.2753E-02  0.4924E-02  0.2537E-03  0.0000E+00  0.0000E+00  0.0000E+00  0.0000E+00  0.0000E+00
      0.361  0.1571E-03  0.2587E-02  0.4404E-02  0.1646E-03  0.0000E+00  0.0000E+00  0.0000E+00  0.0000E+00  0.0000E+00
      0.394  0.1299E-03  0.2097E-02  0.4188E-02  0.2085E-03  0.0000E+00  0.0000E+00  0.0000E+00  0.0000E+00  0.0000E+00
      0.428  0.1976E-03  0.1424E-02  0.4631E-02  0.4462E-03  0.0000E+00  0.0000E+00  0.0000E+00  0.0000E+00  0.0000E+00
      0.461  0.3483E-03  0.8201E-03  0.6175E-02  0.9272E-03  0.0000E+00  0.0000E+00  0.0000E+00  0.0000E+00  0.0000E+00
      0.495  0.5419E-03  0.4404E-03  0.8535E-02  0.1598E-02  0.0000E+00  0.0000E+00  0.0000E+00  0.0000E+00  0.0000E+00
      0.528  0.7150E-03  0.2842E-03  0.1050E-01  0.2239E-02  0.0000E+00  0.0000E+00  0.0000E+00  0.0000E+00  0.0000E+00
      0.561  0.8439E-03  0.2923E-03  0.1076E-01  0.2579E-02  0.0000E+00  0.0000E+00  0.0000E+00  0.0000E+00  0.0000E+00
      0.595  0.1007E-02  0.4411E-03  0.9101E-02  0.2518E-02  0.0000E+00  0.0000E+00  0.0000E+00  0.0000E+00  0.0000E+00
      0.628  0.1344E-02  0.7385E-03  0.6534E-02  0.2226E-02  0.0000E+00  0.0000E+00  0.0000E+00  0.0000E+00  0.0000E+00
      0.662  0.1900E-02  0.1145E-02  0.4409E-02  0.1963E-02  0.0000E+00  0.0000E+00  0.0000E+00  0.0000E+00  0.0000E+00
      0.695  0.2518E-02  0.1518E-02  0.3398E-02  0.1837E-02  0.0000E+00  0.0000E+00  0.0000E+00  0.0000E+00  0.0000E+00
      0.728  0.2917E-02  0.1676E-02  0.3339E-02  0.1769E-02  0.0000E+00  0.0000E+00  0.0000E+00  0.0000E+00  0.0000E+00
      0.762  0.2929E-02  0.1535E-02  0.3719E-02  0.1661E-02  0.0000E+00  0.0000E+00  0.0000E+00  0.0000E+00  0.0000E+00
      0.795  0.2642E-02  0.1181E-02  0.4129E-02  0.1517E-02  0.0000E+00  0.0000E+00  0.0000E+00  0.0000E+00  0.0000E+00
      0.829  0.2296E-02  0.8008E-03  0.4370E-02  0.1421E-02  0.0000E+00  0.0000E+00  0.0000E+00  0.0000E+00  0.0000E+00
      0.862  0.2056E-02  0.5343E-03  0.4348E-02  0.1409E-02  0.0000E+00  0.0000E+00  0.0000E+00  0.0000E+00  0.0000E+00
      0.895  0.1900E-02  0.4053E-03  0.4004E-02  0.1408E-02  0.0000E+00  0.0000E+00  0.0000E+00  0.0000E+00  0.0000E+00
      0.929  0.1698E-02  0.3554E-03  0.3356E-02  0.1305E-02  0.0000E+00  0.0000E+00  0.0000E+00  0.0000E+00  0.0000E+00
      0.962  0.1374E-02  0.3278E-03  0.2544E-02  0.1056E-02  0.0000E+00  0.0000E+00  0.0000E+00  0.0000E+00  0.0000E+00
      0.996  0.9830E-03  0.3223E-03  0.1783E-02  0.7304E-03  0.0000E+00  0.0000E+00  0.0000E+00  0.0000E+00  0.0000E+00
      1.029  0.6717E-03  0.3931E-03  0.1294E-02  0.4457E-03  0.0000E+00  0.0000E+00  0.0000E+00  0.0000E+00  0.0000E+00
      1.062  0.6078E-03  0.5948E-03  0.1290E-02  0.2950E-03  0.0000E+00  0.0000E+00  0.0000E+00  0.0000E+00  0.0000E+00
      1.096  0.9615E-03  0.9168E-03  0.1986E-02  0.3346E-03  0.0000E+00  0.0000E+00  0.0000E+00  0.0000E+00  0.0000E+00
      1.129  0.1859E-02  0.1258E-02  0.3510E-02  0.5958E-03  0.0000E+00  0.0000E+00  0.0000E+00  0.0000E+00  0.0000E+00
      1.163  0.3230E-02  0.1481E-02  0.5668E-02  0.1058E-02  0.0000E+00  0.0000E+00  0.0000E+00  0.0000E+00  0.0000E+00
      1.196  0.4676E-02  0.1506E-02  0.7778E-02  0.1593E-02  0.0000E+00  0.0000E+00  0.0000E+00  0.0000E+00  0.0000E+00
      1.230  0.5615E-02  0.1375E-02  0.8946E-02  0.1989E-02  0.0000E+00  0.0000E+00  0.0000E+00  0.0000E+00  0.0000E+00
      1.263  0.5713E-02  0.1223E-02  0.8787E-02  0.2101E-02  0.0000E+00  0.0000E+00  0.0000E+00  0.0000E+00  0.0000E+00
      1.296  0.5158E-02  0.1188E-02  0.7860E-02  0.2001E-02  0.0000E+00  0.0000E+00  0.0000E+00  0.0000E+00  0.0000E+00
      1.330  0.4455E-02  0.1303E-02  0.7208E-02  0.1917E-02  0.0000E+00  0.0000E+00  0.0000E+00  0.0000E+00  0.0000E+00
      1.363  0.4001E-02  0.1460E-02  0.7449E-02  0.2011E-02  0.0000E+00  0.0000E+00  0.0000E+00  0.0000E+00  0.0000E+00
      1.397  0.3907E-02  0.1490E-02  0.8359E-02  0.2215E-02  0.0000E+00  0.0000E+00  0.0000E+00  0.0000E+00  0.0000E+00
      1.430  0.4083E-02  0.1316E-02  0.9217E-02  0.2317E-02  0.0000E+00  0.0000E+00  0.0000E+00  0.0000E+00  0.0000E+00
      1.463  0.4357E-02  0.1013E-02  0.9409E-02  0.2178E-02  0.0000E+00  0.0000E+00  0.0000E+00  0.0000E+00  0.0000E+00
      1.497  0.4578E-02  0.7276E-03  0.8786E-02  0.1859E-02  0.0000E+00  0.0000E+00  0.0000E+00  0.0000E+00  0.0000E+00
      1.530  0.4700E-02  0.5539E-03  0.7620E-02  0.1550E-02  0.0000E+00  0.0000E+00  0.0000E+00  0.0000E+00  0.0000E+00
      1.564  0.4743E-02  0.4909E-03  0.6303E-02  0.1380E-02  0.0000E+00  0.0000E+00  0.0000E+00  0.0000E+00  0.0000E+00
      1.597  0.4641E-02  0.4793E-03  0.5045E-02  0.1311E-02  0.0000E+00  0.0000E+00  0.0000E+00  0.0000E+00  0.0000E+00
      1.630  0.4225E-02  0.4554E-03  0.3850E-02  0.1207E-02  0.0000E+00  0.0000E+00  0.0000E+00  0.0000E+00  0.0000E+00
      1.664  0.3423E-02  0.3893E-03  0.2706E-02  0.9815E-03  0.0000E+00  0.0000E+00  0.0000E+00  0.0000E+00  0.0000E+00
      1.697  0.2447E-02  0.3032E-03  0.1733E-02  0.6723E-03  0.0000E+00  0.0000E+00  0.0000E+00  0.0000E+00  0.0000E+00
      1.731  0.1746E-02  0.2659E-03  0.1159E-02  0.3845E-03  0.0000E+00  0.0000E+00  0.0000E+00  0.0000E+00  0.0000E+00
      1.764  0.1801E-02  0.3718E-03  0.1236E-02  0.1972E-03  0.0000E+00  0.0000E+00  0.0000E+00  0.0000E+00  0.0000E+00
      1.797  0.2941E-02  0.7029E-03  0.2178E-02  0.1295E-03  0.0000E+00  0.0000E+00  0.0000E+00  0.0000E+00  0.0000E+00
      1.831  0.5138E-02  0.1264E-02  0.4066E-02  0.1676E-03  0.0000E+00  0.0000E+00  0.0000E+00  0.0000E+00  0.0000E+00
      1.864  0.7846E-02  0.1923E-02  0.6707E-02  0.2976E-03  0.0000E+00  0.0000E+00  0.0000E+00  0.0000E+00  0.0000E+00
      1.898  0.1018E-01  0.2450E-02  0.9616E-02  0.5094E-03  0.0000E+00  0.0000E+00  0.0000E+00  0.0000E+00  0.0000E+00
      1.931  0.1151E-01  0.2679E-02  0.1222E-01  0.7838E-03  0.0000E+00  0.0000E+00  0.0000E+00  0.0000E+00  0.0000E+00
      1.964  0.1188E-01  0.2634E-02  0.1413E-01  0.1092E-02  0.0000E+00  0.0000E+00  0.0000E+00  0.0000E+00  0.0000E+00
      1.998  0.1178E-01  0.2486E-02  0.1528E-01  0.1421E-02  0.0000E+00  0.0000E+00  0.0000E+00  0.0000E+00  0.0000E+00
      2.031  0.1161E-01  0.2374E-02  0.1592E-01  0.1773E-02  0.0000E+00  0.0000E+00  0.0000E+00  0.0000E+00  0.0000E+00
      2.065  0.1146E-01  0.2300E-02  0.1638E-01  0.2120E-02  0.0000E+00  0.0000E+00  0.0000E+00  0.0000E+00  0.0000E+00
      2.098  0.1133E-01  0.2203E-02  0.1677E-01  0.2348E-02  0.0000E+00  0.0000E+00  0.0000E+00  0.0000E+00  0.0000E+00
      2.132  0.1112E-01  0.2099E-02  0.1691E-01  0.2320E-02  0.0000E+00  0.0000E+00  0.0000E+00  0.0000E+00  0.0000E+00
      2.165  0.1069E-01  0.2104E-02  0.1653E-01  0.2002E-02  0.0000E+00  0.0000E+00  0.0000E+00  0.0000E+00  0.0000E+00
      2.198  0.9802E-02  0.2293E-02  0.1539E-01  0.1516E-02  0.0000E+00  0.0000E+00  0.0000E+00  0.0000E+00  0.0000E+00
      2.232  0.8518E-02  0.2562E-02  0.1344E-01  0.1047E-02  0.0000E+00  0.0000E+00  0.0000E+00  0.0000E+00  0.0000E+00
      2.265  0.7295E-02  0.2670E-02  0.1087E-01  0.7060E-03  0.0000E+00  0.0000E+00  0.0000E+00  0.0000E+00  0.0000E+00
      2.299  0.6679E-02  0.2456E-02  0.8117E-02  0.4927E-03  0.0000E+00  0.0000E+00  0.0000E+00  0.0000E+00  0.0000E+00
      2.332  0.6822E-02  0.2021E-02  0.5673E-02  0.3587E-03  0.0000E+00  0.0000E+00  0.0000E+00  0.0000E+00  0.0000E+00
      2.365  0.7303E-02  0.1652E-02  0.3895E-02  0.2882E-03  0.0000E+00  0.0000E+00  0.0000E+00  0.0000E+00  0.0000E+00
      2.399  0.7401E-02  0.1564E-02  0.2956E-02  0.3273E-03  0.0000E+00  0.0000E+00  0.0000E+00  0.0000E+00  0.0000E+00
      2.432  0.6672E-02  0.1734E-02  0.2917E-02  0.5699E-03  0.0000E+00  0.0000E+00  0.0000E+00  0.0000E+00  0.0000E+00
      2.466  0.5333E-02  0.1970E-02  0.3853E-02  0.1116E-02  0.0000E+00  0.0000E+00  0.0000E+00  0.0000E+00  0.0000E+00
      2.499  0.4060E-02  0.2130E-02  0.5843E-02  0.1990E-02  0.0000E+00  0.0000E+00  0.0000E+00  0.0000E+00  0.0000E+00
      2.532  0.3450E-02  0.2237E-02  0.8709E-02  0.3057E-02  0.0000E+00  0.0000E+00  0.0000E+00  0.0000E+00  0.0000E+00
      2.566  0.3737E-02  0.2378E-02  0.1177E-01  0.4021E-02  0.0000E+00  0.0000E+00  0.0000E+00  0.0000E+00  0.0000E+00
      2.599  0.4939E-02  0.2529E-02  0.1406E-01  0.4589E-02  0.0000E+00  0.0000E+00  0.0000E+00  0.0000E+00  0.0000E+00
      2.633  0.7005E-02  0.2546E-02  0.1508E-01  0.4657E-02  0.0000E+00  0.0000E+00  0.0000E+00  0.0000E+00  0.0000E+00
      2.666  0.9735E-02  0.2341E-02  0.1504E-01  0.4338E-02  0.0000E+00  0.0000E+00  0.0000E+00  0.0000E+00  0.0000E+00
      2.699  0.1277E-01  0.2023E-02  0.1463E-01  0.3828E-02  0.0000E+00  0.0000E+00  0.0000E+00  0.0000E+00  0.0000E+00
      2.733  0.1589E-01  0.1819E-02  0.1432E-01  0.3289E-02  0.0000E+00  0.0000E+00  0.0000E+00  0.0000E+00  0.0000E+00
      2.766  0.1911E-01  0.1890E-02  0.1423E-01  0.2843E-02  0.0000E+00  0.0000E+00  0.0000E+00  0.0000E+00  0.0000E+00
      2.800  0.2231E-01  0.2242E-02  0.1416E-01  0.2588E-02  0.0000E+00  0.0000E+00  0.0000E+00  0.0000E+00  0.0000E+00
      2.833  0.2484E-01  0.2795E-02  0.1386E-01  0.2559E-02  0.0000E+00  0.0000E+00  0.0000E+00  0.0000E+00  0.0000E+00
      2.866  0.2572E-01  0.3431E-02  0.1331E-01  0.2686E-02  0.0000E+00  0.0000E+00  0.0000E+00  0.0000E+00  0.0000E+00
      2.900  0.2437E-01  0.3970E-02  0.1257E-01  0.2822E-02  0.0000E+00  0.0000E+00  0.0000E+00  0.0000E+00  0.0000E+00
      2.933  0.2092E-01  0.4195E-02  0.1154E-01  0.2828E-02  0.0000E+00  0.0000E+00  0.0000E+00  0.0000E+00  0.0000E+00
      2.967  0.1623E-01  0.4017E-02  0.9956E-02  0.2670E-02  0.0000E+00  0.0000E+00  0.0000E+00  0.0000E+00  0.0000E+00
      3.000  0.1160E-01  0.3562E-02  0.7879E-02  0.2436E-02  0.0000E+00  0.0000E+00  0.0000E+00  0.0000E+00  0.0000E+00
      3.033  0.8152E-02  0.3041E-02  0.5870E-02  0.2264E-02  0.0000E+00  0.0000E+00  0.0000E+00  0.0000E+00  0.0000E+00
      3.067  0.6451E-02  0.2557E-02  0.4659E-02  0.2235E-02  0.0000E+00  0.0000E+00  0.0000E+00  0.0000E+00  0.0000E+00
      3.100  0.6527E-02  0.2084E-02  0.4629E-02  0.2308E-02  0.0000E+00  0.0000E+00  0.0000E+00  0.0000E+00  0.0000E+00
      3.134  0.8140E-02  0.1594E-02  0.5618E-02  0.2364E-02  0.0000E+00  0.0000E+00  0.0000E+00  0.0000E+00  0.0000E+00
      3.167  0.1078E-01  0.1153E-02  0.7022E-02  0.2346E-02  0.0000E+00  0.0000E+00  0.0000E+00  0.0000E+00  0.0000E+00
      3.201  0.1356E-01  0.8708E-03  0.8049E-02  0.2339E-02  0.0000E+00  0.0000E+00  0.0000E+00  0.0000E+00  0.0000E+00
      3.234  0.1543E-01  0.8156E-03  0.8109E-02  0.2486E-02  0.0000E+00  0.0000E+00  0.0000E+00  0.0000E+00  0.0000E+00
      3.267  0.1588E-01  0.9726E-03  0.7173E-02  0.2812E-02  0.0000E+00  0.0000E+00  0.0000E+00  0.0000E+00  0.0000E+00
      3.301  0.1516E-01  0.1254E-02  0.5792E-02  0.3179E-02  0.0000E+00  0.0000E+00  0.0000E+00  0.0000E+00  0.0000E+00
      3.334  0.1404E-01  0.1536E-02  0.4644E-02  0.3410E-02  0.0000E+00  0.0000E+00  0.0000E+00  0.0000E+00  0.0000E+00
      3.368  0.1323E-01  0.1712E-02  0.4087E-02  0.3449E-02  0.0000E+00  0.0000E+00  0.0000E+00  0.0000E+00  0.0000E+00
      3.401  0.1321E-01  0.1763E-02  0.4076E-02  0.3385E-02  0.0000E+00  0.0000E+00  0.0000E+00  0.0000E+00  0.0000E+00
      3.434  0.1398E-01  0.1746E-02  0.4344E-02  0.3330E-02  0.0000E+00  0.0000E+00  0.0000E+00  0.0000E+00  0.0000E+00
      3.468  0.1487E-01  0.1723E-02  0.4541E-02  0.3268E-02  0.0000E+00  0.0000E+00  0.0000E+00  0.0000E+00  0.0000E+00
      3.501  0.1485E-01  0.1696E-02  0.4343E-02  0.3047E-02  0.0000E+00  0.0000E+00  0.0000E+00  0.0000E+00  0.0000E+00
      3.535  0.1333E-01  0.1669E-02  0.3626E-02  0.2556E-02  0.0000E+00  0.0000E+00  0.0000E+00  0.0000E+00  0.0000E+00
      3.568  0.1096E-01  0.1815E-02  0.2566E-02  0.1881E-02  0.0000E+00  0.0000E+00  0.0000E+00  0.0000E+00  0.0000E+00
      3.601  0.9475E-02  0.2554E-02  0.1517E-02  0.1274E-02  0.0000E+00  0.0000E+00  0.0000E+00  0.0000E+00  0.0000E+00
      3.635  0.1052E-01  0.4326E-02  0.7474E-03  0.9593E-03  0.0000E+00  0.0000E+00  0.0000E+00  0.0000E+00  0.0000E+00
      3.668  0.1427E-01  0.7061E-02  0.3164E-03  0.9720E-03  0.0000E+00  0.0000E+00  0.0000E+00  0.0000E+00  0.0000E+00
      3.702  0.1873E-01  0.9796E-02  0.1293E-03  0.1147E-02  0.0000E+00  0.0000E+00  0.0000E+00  0.0000E+00  0.0000E+00
      3.735  0.2090E-01  0.1109E-01  0.6415E-04  0.1245E-02  0.0000E+00  0.0000E+00  0.0000E+00  0.0000E+00  0.0000E+00
      3.768  0.1901E-01  0.1012E-01  0.4104E-04  0.1125E-02  0.0000E+00  0.0000E+00  0.0000E+00  0.0000E+00  0.0000E+00
      3.802  0.1394E-01  0.7430E-02  0.2710E-04  0.8243E-03  0.0000E+00  0.0000E+00  0.0000E+00  0.0000E+00  0.0000E+00
      3.835  0.8221E-02  0.4382E-02  0.1556E-04  0.4860E-03  0.0000E+00  0.0000E+00  0.0000E+00  0.0000E+00  0.0000E+00
      3.869  0.3895E-02  0.2076E-02  0.7322E-05  0.2302E-03  0.0000E+00  0.0000E+00  0.0000E+00  0.0000E+00  0.0000E+00
      3.902  0.1482E-02  0.7900E-03  0.2781E-05  0.8759E-04  0.0000E+00  0.0000E+00  0.0000E+00  0.0000E+00  0.0000E+00
      3.935  0.4528E-03  0.2414E-03  0.8496E-06  0.2677E-04  0.0000E+00  0.0000E+00  0.0000E+00  0.0000E+00  0.0000E+00
      3.969  0.1111E-03  0.5923E-04  0.2084E-06  0.6567E-05  0.0000E+00  0.0000E+00  0.0000E+00  0.0000E+00  0.0000E+00
      4.002  0.2189E-04  0.1167E-04  0.4106E-07  0.1294E-05  0.0000E+00  0.0000E+00  0.0000E+00  0.0000E+00  0.0000E+00
      4.036  0.3462E-05  0.1845E-05  0.6495E-08  0.2046E-06  0.0000E+00  0.0000E+00  0.0000E+00  0.0000E+00  0.0000E+00
      4.069  0.4395E-06  0.2343E-06  0.8245E-09  0.2598E-07  0.0000E+00  0.0000E+00  0.0000E+00  0.0000E+00  0.0000E+00
      4.103  0.4478E-07  0.2387E-07  0.8401E-10  0.2647E-08  0.0000E+00  0.0000E+00  0.0000E+00  0.0000E+00  0.0000E+00
      4.136  0.3661E-08  0.1952E-08  0.6869E-11  0.2164E-09  0.0000E+00  0.0000E+00  0.0000E+00  0.0000E+00  0.0000E+00
      4.169  0.2402E-09  0.1280E-09  0.4506E-12  0.1420E-10  0.0000E+00  0.0000E+00  0.0000E+00  0.0000E+00  0.0000E+00
      4.203  0.1264E-10  0.6739E-11  0.2372E-13  0.7472E-12  0.0000E+00  0.0000E+00  0.0000E+00  0.0000E+00  0.0000E+00
      4.236  0.5337E-12  0.2845E-12  0.1001E-14  0.3155E-13  0.0000E+00  0.0000E+00  0.0000E+00  0.0000E+00  0.0000E+00
      4.270  0.1808E-13  0.9639E-14  0.3392E-16  0.1069E-14  0.0000E+00  0.0000E+00  0.0000E+00  0.0000E+00  0.0000E+00
      4.303  0.4817E-15  0.2568E-15  0.9036E-18  0.2847E-16  0.0000E+00  0.0000E+00  0.0000E+00  0.0000E+00  0.0000E+00
      4.336  0.1235E-16  0.6584E-17  0.2317E-19  0.7300E-18  0.0000E+00  0.0000E+00  0.0000E+00  0.0000E+00  0.0000E+00
      4.370  0.0000E+00  0.0000E+00  0.0000E+00  0.0000E+00  0.0000E+00  0.0000E+00  0.0000E+00  0.0000E+00  0.0000E+00
      4.403  0.0000E+00  0.0000E+00  0.0000E+00  0.0000E+00  0.0000E+00  0.0000E+00  0.0000E+00  0.0000E+00  0.0000E+00
      4.437  0.0000E+00  0.0000E+00  0.0000E+00  0.0000E+00  0.0000E+00  0.0000E+00  0.0000E+00  0.0000E+00  0.0000E+00
      4.470  0.0000E+00  0.0000E+00  0.0000E+00  0.0000E+00  0.0000E+00  0.0000E+00  0.0000E+00  0.0000E+00  0.0000E+00
      4.503  0.0000E+00  0.0000E+00  0.0000E+00  0.0000E+00  0.0000E+00  0.0000E+00  0.0000E+00  0.0000E+00  0.0000E+00
      4.537  0.0000E+00  0.0000E+00  0.0000E+00  0.0000E+00  0.0000E+00  0.0000E+00  0.0000E+00  0.0000E+00  0.0000E+00
      4.570  0.0000E+00  0.0000E+00  0.0000E+00  0.0000E+00  0.0000E+00  0.0000E+00  0.0000E+00  0.0000E+00  0.0000E+00
      4.604  0.0000E+00  0.0000E+00  0.0000E+00  0.0000E+00  0.0000E+00  0.0000E+00  0.0000E+00  0.0000E+00  0.0000E+00
      4.637  0.0000E+00  0.0000E+00  0.0000E+00  0.0000E+00  0.0000E+00  0.0000E+00  0.0000E+00  0.0000E+00  0.0000E+00
      4.670  0.0000E+00  0.0000E+00  0.0000E+00  0.0000E+00  0.0000E+00  0.0000E+00  0.0000E+00  0.0000E+00  0.0000E+00
      4.704  0.0000E+00  0.0000E+00  0.0000E+00  0.0000E+00  0.0000E+00  0.0000E+00  0.0000E+00  0.0000E+00  0.0000E+00
      4.737  0.0000E+00  0.0000E+00  0.0000E+00  0.0000E+00  0.0000E+00  0.0000E+00  0.0000E+00  0.0000E+00  0.0000E+00
      4.771  0.0000E+00  0.0000E+00  0.0000E+00  0.0000E+00  0.0000E+00  0.0000E+00  0.0000E+00  0.0000E+00  0.0000E+00
      4.804  0.0000E+00  0.0000E+00  0.0000E+00  0.0000E+00  0.0000E+00  0.0000E+00  0.0000E+00  0.0000E+00  0.0000E+00
      4.837  0.0000E+00  0.0000E+00  0.0000E+00  0.0000E+00  0.0000E+00  0.0000E+00  0.0000E+00  0.0000E+00  0.0000E+00
      4.871  0.0000E+00  0.0000E+00  0.0000E+00  0.0000E+00  0.0000E+00  0.0000E+00  0.0000E+00  0.0000E+00  0.0000E+00
      4.904  0.0000E+00  0.0000E+00  0.0000E+00  0.0000E+00  0.0000E+00  0.0000E+00  0.0000E+00  0.0000E+00  0.0000E+00
      4.938  0.0000E+00  0.0000E+00  0.0000E+00  0.0000E+00  0.0000E+00  0.0000E+00  0.0000E+00  0.0000E+00  0.0000E+00
      4.971  0.0000E+00  0.0000E+00  0.0000E+00  0.0000E+00  0.0000E+00  0.0000E+00  0.0000E+00  0.0000E+00  0.0000E+00
      5.005  0.0000E+00  0.0000E+00  0.0000E+00  0.0000E+00  0.0000E+00  0.0000E+00  0.0000E+00  0.0000E+00  0.0000E+00
      5.038  0.0000E+00  0.0000E+00  0.0000E+00  0.0000E+00  0.0000E+00  0.0000E+00  0.0000E+00  0.0000E+00  0.0000E+00
      5.071  0.0000E+00  0.0000E+00  0.0000E+00  0.0000E+00  0.0000E+00  0.0000E+00  0.0000E+00  0.0000E+00  0.0000E+00
      5.105  0.0000E+00  0.0000E+00  0.0000E+00  0.0000E+00  0.0000E+00  0.0000E+00  0.0000E+00  0.0000E+00  0.0000E+00
      5.138  0.0000E+00  0.0000E+00  0.0000E+00  0.0000E+00  0.0000E+00  0.0000E+00  0.0000E+00  0.0000E+00  0.0000E+00
      5.172  0.0000E+00  0.0000E+00  0.0000E+00  0.0000E+00  0.0000E+00  0.0000E+00  0.0000E+00  0.0000E+00  0.0000E+00
      5.205  0.0000E+00  0.0000E+00  0.0000E+00  0.0000E+00  0.0000E+00  0.0000E+00  0.0000E+00  0.0000E+00  0.0000E+00
      5.238  0.0000E+00  0.0000E+00  0.0000E+00  0.0000E+00  0.0000E+00  0.0000E+00  0.0000E+00  0.0000E+00  0.0000E+00

